{"type":"FeatureCollection","features":[{"type":"Feature","properties":{"id":1001},"geometry":{"type":"Polygon","coordinates":[[[144.3732,43.8203],[144.3802,43.8203],[144.3881,43.8308],[144.3947,43.8493],[144.3979,43.8543],[144.405,43.8608],[144.4125,43.8637],[144.416,43.8677],[144.4194,43.8764],[144.4239,43.8843],[144.427,43.8945],[144.4286,43.9075],[144.4308,43.9185],[144.4247,43.9253],[144.4203,43.9265],[144.4186,43.9316],[144.4126,43.9315],[144.4087,43.9296],[144.3943,43.9253],[144.389,43.9251],[144.3834,43.9274],[144.38,43.9327],[144.3828,43.9347],[144.3736,43.94],[144.3673,43.945],[144.3602,43.9454],[144.35,43.9412],[144.3455,43.9415],[144.3451,43.9459],[144.3582,43.9511],[144.3614,43.9561],[144.3394,43.963],[144.3179,43.9717],[144.2991,43.9816],[144.296,43.9879],[144.2997,43.9922],[144.2928,43.9966],[144.2863,44.0059],[144.2806,44.0107],[144.2814,44.0151],[144.2867,44.0133],[144.2886,44.0177],[144.2812,44.0213],[144.2739,44.0225],[144.2616,44.0317],[144.2547,44.0384],[144.2571,44.042],[144.257,44.0467],[144.2608,44.0491],[144.2611,44.0569],[144.2522,44.0618],[144.255,44.0699],[144.2528,44.0706],[144.2541,44.0772],[144.258,44.0848],[144.2551,44.0913],[144.2544,44.0989],[144.2489,44.1108],[144.2415,44.1133],[144.237,44.107],[144.216,44.1017],[144.2001,44.1021],[144.195,44.1008],[144.192,44.093],[144.1914,44.0837],[144.1966,44.0768],[144.1977,44.0674],[144.1955,44.0565],[144.1913,44.0471],[144.1854,44.0469],[144.1834,44.0429],[144.1768,44.0356],[144.1798,44.0322],[144.1648,44.0226],[144.151,44.0163],[144.1304,44.0117],[144.1229,44.0116],[144.1133,44.0136],[144.104,44.0189],[144.1036,44.0225],[144.0986,44.0271],[144.0985,44.0323],[144.1017,44.0351],[144.1001,44.038],[144.1056,44.0505],[144.1052,44.0578],[144.1078,44.067],[144.113,44.0769],[144.112,44.0861],[144.1146,44.0907],[144.1278,44.0939],[144.1427,44.096],[144.1717,44.0979],[144.185,44.1026],[144.1794,44.1044],[144.1626,44.1079],[144.1209,44.1156],[144.1112,44.1185],[144.1032,44.1119],[144.098,44.1101],[144.0761,44.0946],[144.0695,44.0835],[144.0615,44.0743],[144.0553,44.0637],[144.0535,44.057],[144.0522,44.0396],[144.047,44.0243],[144.0468,44.0169],[144.0525,44.0025],[144.0534,43.9936],[144.053,43.9856],[144.0463,43.9747],[144.0355,43.9648],[144.0313,43.9588],[144.031,43.951],[144.0341,43.9404],[144.037,43.9337],[144.0457,43.921],[144.0526,43.9146],[144.0615,43.9224],[144.0709,43.9277],[144.0816,43.9386],[144.0877,43.9419],[144.0976,43.9419],[144.1073,43.9374],[144.1186,43.9344],[144.1287,43.9355],[144.1446,43.9416],[144.1592,43.9434],[144.1661,43.9454],[144.1737,43.9498],[144.1825,43.952],[144.2004,43.9546],[144.2051,43.9578],[144.2112,43.9567],[144.2134,43.9525],[144.2121,43.9475],[144.2172,43.9368],[144.2249,43.9303],[144.2316,43.9196],[144.2459,43.9013],[144.2548,43.8879],[144.2596,43.8776],[144.2647,43.8729],[144.2697,43.8715],[144.284,43.8729],[144.3014,43.8801],[144.3126,43.8816],[144.3219,43.8807],[144.335,43.8774],[144.3576,43.8765],[144.3627,43.8751],[144.3703,43.8692],[144.3731,43.8634],[144.3737,43.855],[144.3712,43.8427],[144.3704,43.8344],[144.3732,43.8203]]]}},{"type":"Feature","properties":{"id":1002},"geometry":{"type":"Polygon","coordinates":[[[141.9668,42.8567],[141.9613,42.8641],[141.9566,42.8756],[141.9532,42.8805],[141.9444,42.8903],[141.9362,42.8934],[141.9312,42.9004],[141.9204,42.9071],[141.9074,42.9106],[141.8917,42.9198],[141.8853,42.9214],[141.8806,42.9209],[141.8705,42.9185],[141.8568,42.9139],[141.8392,42.9072],[141.8255,42.8997],[141.8088,42.884],[141.8064,42.876],[141.8073,42.8704],[141.8059,42.8646],[141.7996,42.8504],[141.795,42.8453],[141.7827,42.8386],[141.7815,42.8343],[141.787,42.8243],[141.7882,42.8194],[141.7838,42.813],[141.7749,42.8085],[141.7609,42.7999],[141.7594,42.7925],[141.7603,42.779],[141.7591,42.7721],[141.7556,42.7649],[141.7515,42.7515],[141.7546,42.7392],[141.7601,42.7305],[141.7642,42.7269],[141.7753,42.7206],[141.7821,42.7147],[141.7927,42.7076],[141.8018,42.7],[141.8058,42.6981],[141.8161,42.6993],[141.8281,42.7054],[141.8372,42.7114],[141.8346,42.7154],[141.8353,42.7205],[141.8392,42.7233],[141.8487,42.7275],[141.8523,42.7304],[141.8562,42.7413],[141.8621,42.7484],[141.8685,42.7519],[141.8728,42.7585],[141.8735,42.7661],[141.8775,42.7705],[141.885,42.773],[141.8888,42.776],[141.9049,42.7936],[141.9097,42.801],[141.9183,42.8093],[141.9255,42.8135],[141.9317,42.8192],[141.939,42.8318],[141.943,42.8372],[141.961,42.8524],[141.9668,42.8567]]]}},{"type":"Feature","properties":{"id":1003},"geometry":{"type":"Polygon","coordinates":[[[142.8005,43.9267],[142.7844,43.9416],[142.7697,43.9507],[142.766,43.9537],[142.7603,43.9614],[142.7524,43.9781],[142.7451,43.988],[142.7376,43.9953],[142.722,44.0072],[142.7131,44.0164],[142.7077,44.0199],[142.6994,44.0201],[142.684,44.012],[142.6739,44.011],[142.6611,44.0142],[142.6464,44.0223],[142.6373,44.0266],[142.6252,44.0284],[142.6173,44.0252],[142.6009,44.0147],[142.5919,44.0107],[142.5761,44.0063],[142.5672,44.0008],[142.5644,43.995],[142.5508,43.9694],[142.5464,43.9641],[142.5368,43.9551],[142.5334,43.9474],[142.5343,43.9429],[142.543,43.9289],[142.5587,43.914],[142.5596,43.9084],[142.5572,43.8955],[142.5722,43.8897],[142.594,43.8857],[142.6021,43.885],[142.6208,43.8849],[142.6348,43.8831],[142.6433,43.8796],[142.6508,43.8794],[142.6618,43.8827],[142.6698,43.877],[142.6748,43.8665],[142.6816,43.8551],[142.6964,43.8376],[142.7053,43.8251],[142.7202,43.8449],[142.7239,43.8529],[142.7254,43.8607],[142.7261,43.8758],[142.7284,43.8928],[142.7293,43.9099],[142.7308,43.9147],[142.7358,43.9197],[142.745,43.9216],[142.7589,43.9213],[142.7744,43.9198],[142.7835,43.9207],[142.8005,43.9267]]]}},{"type":"Feature","properties":{"id":1004},"geometry":{"type":"Polygon","coordinates":[[[142.1281,43.6367],[142.1216,43.6413],[142.1128,43.645],[142.1085,43.645],[142.1026,43.6421],[142.0892,43.6295],[142.0806,43.6237],[142.076,43.6218],[142.0641,43.6225],[142.0507,43.6207],[142.024,43.609],[142.0174,43.6043],[142.0135,43.5972],[142.0098,43.5881],[142.0002,43.5787],[141.9964,43.573],[141.9914,43.5619],[141.9894,43.5524],[141.9895,43.5402],[141.9938,43.5325],[141.9986,43.529],[142.0065,43.5256],[142.0163,43.5226],[142.0246,43.5253],[142.0422,43.5334],[142.0502,43.5349],[142.0668,43.5337],[142.0786,43.5296],[142.0936,43.5283],[142.1013,43.5244],[142.103,43.5204],[142.1009,43.5116],[142.1033,43.5035],[142.1037,43.4944],[142.1027,43.4876],[142.1123,43.4852],[142.1156,43.4859],[142.1222,43.4905],[142.1257,43.4965],[142.1278,43.5035],[142.1311,43.5081],[142.1476,43.5171],[142.1624,43.528],[142.1647,43.5326],[142.1644,43.5363],[142.1592,43.5427],[142.1505,43.5449],[142.1393,43.5449],[142.1298,43.5439],[142.121,43.5409],[142.1172,43.5419],[142.1152,43.5464],[142.1189,43.5546],[142.1236,43.5585],[142.1346,43.5644],[142.1371,43.5676],[142.1393,43.5777],[142.1398,43.6014],[142.1319,43.6166],[142.1296,43.6231],[142.1299,43.6295],[142.1281,43.6367]]]}},{"type":"Feature","properties":{"id":1005},"geometry":{"type":"Polygon","coordinates":[[[140.9319,42.949],[140.9454,42.9634],[140.9518,42.9747],[140.9557,42.9775],[140.9651,42.9792],[140.9845,42.9788],[141.0016,42.9813],[141.0107,42.9835],[141.0093,42.997],[141.0105,43.0197],[141.0192,43.0284],[141.0331,43.0361],[141.0439,43.0411],[141.0535,43.048],[141.0563,43.058],[141.0442,43.066],[141.0304,43.0782],[141.0256,43.085],[141.0201,43.0962],[141.0177,43.1059],[141.0112,43.1202],[141.0095,43.1222],[140.9974,43.129],[140.9914,43.1286],[140.9831,43.1263],[140.9682,43.1297],[140.9397,43.1297],[140.9303,43.1282],[140.919,43.1253],[140.9137,43.1252],[140.9071,43.1275],[140.9017,43.1274],[140.893,43.1249],[140.8829,43.1242],[140.8749,43.1224],[140.8596,43.1144],[140.8532,43.1135],[140.8441,43.1176],[140.8335,43.1188],[140.8254,43.1182],[140.8197,43.1148],[140.8165,43.11],[140.8097,43.1081],[140.7976,43.1069],[140.7864,43.1016],[140.781,43.0967],[140.774,43.0859],[140.7728,43.0805],[140.7761,43.0715],[140.7829,43.0653],[140.7946,43.0602],[140.806,43.058],[140.8101,43.0555],[140.8144,43.049],[140.8324,43.0328],[140.8361,43.0275],[140.8398,43.0168],[140.8405,43.0073],[140.8507,42.9983],[140.8608,42.9923],[140.8695,42.9801],[140.875,42.976],[140.8808,42.9745],[140.8899,42.9752],[140.8999,42.9787],[140.9063,42.9796],[140.9135,42.9783],[140.9175,42.9755],[140.9244,42.9645],[140.9319,42.949]]]}},{"type":"Feature","properties":{"id":1006},"geometry":{"type":"MultiPolygon","coordinates":[[[[144.8722,42.9631],[144.8656,42.9531],[144.8633,42.9467],[144.8667,42.9444],[144.8706,42.9469],[144.8806,42.9572],[144.8722,42.9631]]],[[[145.0045,43.0149],[145.001,43.0158],[144.9912,43.0302],[144.9883,43.0358],[144.9784,43.05],[144.9753,43.0557],[144.975,43.0628],[144.9863,43.0746],[144.9934,43.0799],[144.9959,43.0863],[144.9948,43.0943],[144.9911,43.1052],[144.9935,43.1111],[144.9997,43.1178],[144.9987,43.1263],[144.9942,43.1313],[144.9885,43.1351],[144.9839,43.1361],[144.9697,43.1363],[144.959,43.1388],[144.9523,43.1429],[144.9449,43.1459],[144.9343,43.1486],[144.929,43.1517],[144.9282,43.1553],[144.9308,43.1645],[144.9294,43.1713],[144.9308,43.1782],[144.9374,43.1914],[144.9381,43.1996],[144.9362,43.2051],[144.9284,43.2173],[144.924,43.2256],[144.9153,43.2372],[144.9144,43.2426],[144.9155,43.2478],[144.9048,43.2618],[144.8927,43.267],[144.8839,43.2728],[144.8784,43.2781],[144.8658,43.2824],[144.8577,43.2806],[144.8526,43.2816],[144.8443,43.2867],[144.8352,43.2954],[144.8243,43.2981],[144.8157,43.2977],[144.8036,43.3035],[144.7925,43.3036],[144.7781,43.3073],[144.7659,43.309],[144.7442,43.3178],[144.736,43.3194],[144.726,43.3196],[144.7175,43.3227],[144.7062,43.3347],[144.7015,43.3387],[144.6923,43.3437],[144.6874,43.3449],[144.681,43.3442],[144.676,43.3455],[144.6682,43.3498],[144.6666,43.346],[144.6695,43.3397],[144.6703,43.3325],[144.6752,43.3215],[144.6855,43.312],[144.6887,43.3005],[144.6911,43.2965],[144.6996,43.2909],[144.711,43.2857],[144.7263,43.2794],[144.7307,43.2726],[144.7448,43.2712],[144.75,43.2659],[144.7557,43.2513],[144.7563,43.2441],[144.7563,43.2233],[144.7586,43.2183],[144.7678,43.212],[144.7814,43.2078],[144.7915,43.2018],[144.8031,43.1928],[144.8111,43.1876],[144.8162,43.1811],[144.811,43.1751],[144.8035,43.175],[144.7987,43.1764],[144.782,43.1845],[144.7719,43.1869],[144.7518,43.1868],[144.7429,43.1833],[144.738,43.1782],[144.7332,43.1707],[144.7203,43.1595],[144.7102,43.1568],[144.7026,43.1529],[144.6945,43.1458],[144.6868,43.1429],[144.6831,43.1438],[144.6775,43.1506],[144.6724,43.1528],[144.6655,43.1508],[144.6636,43.1487],[144.6629,43.1422],[144.6664,43.1352],[144.6687,43.1267],[144.6713,43.122],[144.6772,43.1164],[144.6797,43.11],[144.6772,43.1043],[144.6721,43.1025],[144.6637,43.1018],[144.6575,43.0975],[144.6497,43.0787],[144.642,43.0656],[144.6372,43.0607],[144.6327,43.0587],[144.6189,43.0561],[144.6056,43.051],[144.5954,43.0454],[144.5888,43.0404],[144.5821,43.0311],[144.5769,43.0174],[144.5803,43.0113],[144.5814,43.0021],[144.5837,42.9948],[144.5899,42.9869],[144.6097,42.9783],[144.6218,42.9716],[144.6323,42.9683],[144.6446,42.9671],[144.6576,42.9629],[144.6647,42.962],[144.6821,42.9616],[144.6943,42.9624],[144.7006,42.9666],[144.7042,42.9716],[144.7116,42.9889],[144.7173,42.9976],[144.7223,43.0017],[144.7345,43.0066],[144.7408,43.0143],[144.7413,43.0176],[144.7455,43.0225],[144.7629,43.0359],[144.7734,43.0457],[144.7781,43.0491],[144.7789,43.0525],[144.7845,43.0553],[144.8033,43.059],[144.8133,43.0585],[144.8219,43.0592],[144.8417,43.0541],[144.8448,43.0512],[144.8546,43.0484],[144.8571,43.0516],[144.8488,43.0569],[144.8523,43.0652],[144.8499,43.0698],[144.8538,43.0808],[144.8518,43.0867],[144.8692,43.1002],[144.8739,43.0969],[144.8675,43.0939],[144.8616,43.084],[144.8657,43.0825],[144.8675,43.0765],[144.8628,43.0737],[144.8727,43.0719],[144.8817,43.069],[144.8936,43.0702],[144.9091,43.0677],[144.9184,43.0641],[144.9296,43.0558],[144.9384,43.056],[144.943,43.0546],[144.95,43.0473],[144.9425,43.0406],[144.935,43.0392],[144.934,43.0364],[144.9373,43.0288],[144.9373,43.0253],[144.9311,43.0245],[144.9215,43.0289],[144.9148,43.0275],[144.9154,43.0225],[144.9078,43.018],[144.9007,43.0164],[144.892,43.0199],[144.8824,43.0219],[144.8807,43.0246],[144.8737,43.0294],[144.865,43.0293],[144.8595,43.0342],[144.8583,43.0383],[144.8541,43.0437],[144.8494,43.0456],[144.8464,43.0419],[144.8364,43.0341],[144.8347,43.0308],[144.8383,43.0244],[144.8342,43.0186],[144.8386,43.0155],[144.8472,43.015],[144.856,43.01],[144.858,43.0047],[144.8539,43.0015],[144.8682,42.9983],[144.8745,42.9922],[144.8739,42.9883],[144.8774,42.985],[144.8856,42.9847],[144.9045,42.9894],[144.9086,42.9858],[144.9193,42.9854],[144.9253,42.9831],[144.9261,42.9881],[144.9289,42.99],[144.9375,42.9883],[144.9444,42.9833],[144.9501,42.9829],[144.9554,42.9847],[144.9619,42.9801],[144.9765,42.9823],[144.9819,42.9876],[144.9886,42.9887],[144.9953,42.9936],[145.0011,42.9904],[145.0061,42.9932],[145.0103,42.9931],[145.0189,42.9978],[145.0256,42.9994],[145.0272,43.0056],[145.032,43.0103],[145.0265,43.0136],[145.0251,43.0201],[145.0191,43.0209],[145.0127,43.0148],[145.0073,43.0127],[145.0045,43.0149]]]]}},{"type":"Feature","properties":{"id":1007},"geometry":{"type":"Polygon","coordinates":[[[142.3423,43.5444],[142.346,43.5606],[142.3471,43.5814],[142.3542,43.5918],[142.37,43.611],[142.3748,43.6157],[142.3805,43.6179],[142.394,43.6191],[142.4031,43.6259],[142.4096,43.6345],[142.4148,43.6457],[142.417,43.6546],[142.4197,43.6592],[142.4278,43.6627],[142.4365,43.6628],[142.4489,43.6598],[142.4612,43.6515],[142.4717,43.6383],[142.4776,43.633],[142.4843,43.6294],[142.4984,43.6242],[142.5035,43.6233],[142.516,43.6231],[142.5269,43.625],[142.5396,43.6305],[142.5577,43.6305],[142.5685,43.6337],[142.5759,43.6413],[142.5741,43.6431],[142.5578,43.6448],[142.5474,43.6437],[142.5397,43.6412],[142.5219,43.6419],[142.5038,43.6475],[142.4911,43.6544],[142.4689,43.669],[142.4502,43.68],[142.4389,43.685],[142.4311,43.6904],[142.428,43.694],[142.418,43.7094],[142.4146,43.72],[142.4175,43.7265],[142.4245,43.7299],[142.4348,43.7279],[142.4443,43.7222],[142.4644,43.7121],[142.4733,43.7098],[142.4961,43.7051],[142.4944,43.719],[142.4964,43.734],[142.4984,43.7403],[142.5065,43.7475],[142.5137,43.7489],[142.5308,43.748],[142.5452,43.7441],[142.5577,43.7385],[142.5692,43.7312],[142.5769,43.7282],[142.592,43.726],[142.604,43.7217],[142.615,43.7203],[142.632,43.7201],[142.6391,43.7188],[142.6499,43.7136],[142.667,43.703],[142.688,43.6961],[142.7124,43.6858],[142.7259,43.6849],[142.7613,43.6881],[142.7573,43.7116],[142.7523,43.7289],[142.7464,43.738],[142.737,43.7471],[142.7242,43.7463],[142.7082,43.7442],[142.7002,43.7441],[142.6909,43.7464],[142.6774,43.7532],[142.6642,43.756],[142.6422,43.7569],[142.6269,43.7607],[142.6182,43.7618],[142.6106,43.7604],[142.5985,43.7618],[142.5913,43.7659],[142.5845,43.7757],[142.5798,43.7795],[142.5751,43.781],[142.5608,43.7822],[142.5516,43.7852],[142.5416,43.7897],[142.5325,43.7978],[142.5213,43.8051],[142.5084,43.8158],[142.4923,43.8276],[142.4815,43.8379],[142.4738,43.8595],[142.4698,43.869],[142.4657,43.8869],[142.4636,43.9073],[142.4588,43.9189],[142.4568,43.9292],[142.457,43.9399],[142.456,43.9472],[142.4397,43.9453],[142.4297,43.9278],[142.4152,43.9118],[142.4101,43.9018],[142.4092,43.8968],[142.4115,43.8865],[142.411,43.8815],[142.4081,43.8763],[142.3996,43.8645],[142.3976,43.8603],[142.3978,43.8543],[142.4009,43.847],[142.3997,43.8415],[142.3916,43.8357],[142.3748,43.8271],[142.3584,43.816],[142.35,43.8097],[142.3312,43.7967],[142.3256,43.7921],[142.3199,43.7902],[142.3133,43.794],[142.3117,43.8044],[142.3124,43.8277],[142.3116,43.8371],[142.3067,43.8494],[142.3045,43.8575],[142.3041,43.8661],[142.3008,43.8784],[142.2957,43.8899],[142.2943,43.8982],[142.2943,43.9059],[142.2958,43.9141],[142.3078,43.9391],[142.2949,43.9414],[142.2743,43.9471],[142.2644,43.9477],[142.2332,43.9487],[142.2262,43.9482],[142.2186,43.9452],[142.2143,43.9406],[142.21,43.9335],[142.2039,43.9268],[142.1983,43.9223],[142.1886,43.9168],[142.1785,43.9096],[142.1753,43.9047],[142.1775,43.8958],[142.1803,43.8902],[142.1827,43.8811],[142.1852,43.8773],[142.1958,43.8723],[142.2066,43.8709],[142.2172,43.8674],[142.2287,43.8653],[142.2338,43.8618],[142.2373,43.8532],[142.2341,43.8408],[142.2347,43.8337],[142.2399,43.8242],[142.2511,43.8129],[142.2534,43.8067],[142.2524,43.7987],[142.2476,43.7906],[142.2412,43.7775],[142.2181,43.7544],[142.2158,43.7506],[142.2101,43.7367],[142.199,43.7288],[142.1958,43.724],[142.197,43.7118],[142.1973,43.6959],[142.1964,43.6851],[142.1981,43.6763],[142.2003,43.672],[142.2094,43.6587],[142.2148,43.6529],[142.2228,43.6475],[142.2282,43.6475],[142.2376,43.6522],[142.249,43.6528],[142.257,43.6513],[142.2681,43.6602],[142.2739,43.6619],[142.2854,43.6605],[142.296,43.655],[142.3063,43.6445],[142.3105,43.6366],[142.3114,43.6315],[142.3104,43.6159],[142.3046,43.601],[142.305,43.5894],[142.3095,43.5807],[142.3143,43.5679],[142.3173,43.5623],[142.326,43.5535],[142.3423,43.5444]]]}},{"type":"Feature","properties":{"id":1008},"geometry":{"type":"Polygon","coordinates":[[[142.1027,43.4876],[142.0939,43.488],[142.0872,43.4843],[142.0826,43.4791],[142.0801,43.4719],[142.0811,43.4643],[142.0846,43.4574],[142.087,43.4492],[142.0878,43.4407],[142.0745,43.4331],[142.0613,43.4263],[142.0645,43.3977],[142.0668,43.392],[142.0735,43.3817],[142.0747,43.3765],[142.072,43.3554],[142.0637,43.3517],[142.0678,43.3459],[142.0758,43.3412],[142.0774,43.3377],[142.0755,43.3328],[142.0674,43.3246],[142.0639,43.3182],[142.065,43.3092],[142.0707,43.3035],[142.0833,43.2947],[142.0912,43.2884],[142.095,43.283],[142.0983,43.2747],[142.1062,43.2617],[142.1174,43.2458],[142.1214,43.2378],[142.1266,43.232],[142.1307,43.2297],[142.1414,43.2265],[142.1477,43.2266],[142.1575,43.2296],[142.1695,43.2301],[142.177,43.2286],[142.1905,43.2195],[142.2042,43.214],[142.212,43.2133],[142.2457,43.213],[142.2519,43.2134],[142.2591,43.2163],[142.2685,43.224],[142.2966,43.2339],[142.2948,43.2426],[142.2978,43.251],[142.2998,43.2642],[142.3018,43.272],[142.3025,43.2807],[142.3007,43.2907],[142.2939,43.2995],[142.2917,43.3077],[142.2932,43.3138],[142.2977,43.32],[142.3061,43.3292],[142.3107,43.3383],[142.3108,43.3485],[142.313,43.3554],[142.3178,43.3605],[142.3421,43.3725],[142.3532,43.3774],[142.3587,43.382],[142.364,43.3922],[142.3699,43.4068],[142.3782,43.4189],[142.3806,43.4244],[142.3817,43.442],[142.3786,43.4531],[142.3786,43.4649],[142.3813,43.4743],[142.3842,43.4821],[142.3853,43.4901],[142.3807,43.4981],[142.3669,43.5081],[142.3557,43.5132],[142.3478,43.5211],[142.3419,43.5339],[142.3423,43.5444],[142.326,43.5535],[142.3173,43.5623],[142.3143,43.5679],[142.3095,43.5807],[142.305,43.5894],[142.3046,43.601],[142.3104,43.6159],[142.3114,43.6315],[142.3105,43.6366],[142.3063,43.6445],[142.296,43.655],[142.2854,43.6605],[142.2739,43.6619],[142.2681,43.6602],[142.257,43.6513],[142.25,43.6477],[142.2325,43.6431],[142.2102,43.6395],[142.1989,43.6391],[142.184,43.6404],[142.1507,43.6406],[142.1281,43.6367],[142.1299,43.6295],[142.1296,43.6231],[142.1319,43.6166],[142.1398,43.6014],[142.1393,43.5777],[142.1371,43.5676],[142.1346,43.5644],[142.1236,43.5585],[142.1189,43.5546],[142.1152,43.5464],[142.1172,43.5419],[142.121,43.5409],[142.1298,43.5439],[142.1393,43.5449],[142.1505,43.5449],[142.1592,43.5427],[142.1644,43.5363],[142.1647,43.5326],[142.1624,43.528],[142.1476,43.5171],[142.1311,43.5081],[142.1278,43.5035],[142.1257,43.4965],[142.1222,43.4905],[142.1156,43.4859],[142.1123,43.4852],[142.1027,43.4876]]]}},{"type":"Feature","properties":{"id":1009},"geometry":{"type":"Polygon","coordinates":[[[143.8019,43.2022],[143.8004,43.2134],[143.798,43.2224],[143.8002,43.2302],[143.805,43.2385],[143.8071,43.2459],[143.8104,43.2508],[143.8154,43.2541],[143.8279,43.2656],[143.8293,43.2705],[143.8296,43.2876],[143.8313,43.2931],[143.8366,43.2969],[143.841,43.2959],[143.8504,43.2903],[143.8594,43.2931],[143.868,43.3029],[143.8722,43.3062],[143.8897,43.3112],[143.8944,43.3167],[143.9011,43.3221],[143.9046,43.3276],[143.9109,43.3344],[143.9169,43.3376],[143.9347,43.3422],[143.9612,43.359],[143.9845,43.3702],[143.99,43.3719],[144.002,43.3735],[144.0117,43.3773],[144.0066,43.3797],[144.0127,43.387],[144.0186,43.3923],[144.0211,43.397],[144.022,43.4034],[144.0265,43.4128],[144.0272,43.4173],[144.0262,43.4244],[144.0229,43.4307],[144.0197,43.4327],[144.0075,43.436],[144.0023,43.44],[144.0006,43.4466],[144.0037,43.4617],[144.0058,43.4671],[144.0022,43.4671],[143.9858,43.4739],[143.977,43.4762],[143.9686,43.4815],[143.9606,43.4894],[143.953,43.4904],[143.9399,43.4869],[143.9276,43.486],[143.9193,43.4842],[143.913,43.4816],[143.905,43.4804],[143.8933,43.4816],[143.885,43.4851],[143.8733,43.4872],[143.8597,43.4928],[143.8502,43.4984],[143.8418,43.5019],[143.8355,43.498],[143.8388,43.4877],[143.8383,43.4815],[143.8279,43.4732],[143.8304,43.4638],[143.8286,43.4549],[143.825,43.4495],[143.815,43.4396],[143.8122,43.4339],[143.8118,43.4211],[143.8072,43.4123],[143.7986,43.4033],[143.7929,43.3955],[143.7883,43.3909],[143.7758,43.3881],[143.7704,43.3856],[143.7537,43.3691],[143.7482,43.3666],[143.7332,43.3638],[143.7147,43.3536],[143.7093,43.352],[143.6998,43.353],[143.6935,43.3567],[143.6882,43.3619],[143.6822,43.3649],[143.6742,43.3659],[143.6695,43.3685],[143.6684,43.3747],[143.6742,43.3834],[143.6805,43.3872],[143.6891,43.3902],[143.701,43.3972],[143.709,43.4],[143.7134,43.404],[143.7136,43.4134],[143.7186,43.4207],[143.7261,43.424],[143.7317,43.429],[143.7355,43.437],[143.735,43.4442],[143.7266,43.4498],[143.7186,43.4498],[143.7073,43.4466],[143.6969,43.4411],[143.6891,43.4407],[143.6738,43.4477],[143.6659,43.4538],[143.6566,43.4593],[143.6285,43.4718],[143.6194,43.4723],[143.6133,43.469],[143.6082,43.4645],[143.5965,43.4623],[143.5446,43.4623],[143.538,43.4613],[143.5262,43.4569],[143.5112,43.4567],[143.5029,43.4624],[143.4952,43.4748],[143.4844,43.49],[143.4761,43.5062],[143.4625,43.519],[143.4563,43.5238],[143.4462,43.5288],[143.4376,43.5314],[143.4323,43.5347],[143.4161,43.5489],[143.4118,43.5512],[143.4036,43.5504],[143.3898,43.5546],[143.3771,43.5532],[143.3618,43.5532],[143.3565,43.5542],[143.3487,43.5576],[143.3382,43.5579],[143.325,43.5532],[143.3127,43.5529],[143.3057,43.5545],[143.2907,43.5598],[143.2838,43.563],[143.2752,43.563],[143.2686,43.5599],[143.2598,43.5573],[143.2475,43.5493],[143.2454,43.5314],[143.2501,43.5154],[143.2501,43.5059],[143.2471,43.4987],[143.2402,43.4881],[143.2352,43.477],[143.2323,43.4635],[143.2297,43.4568],[143.2293,43.4516],[143.2324,43.4444],[143.2463,43.4357],[143.2507,43.4285],[143.2514,43.4206],[143.2548,43.4099],[143.2555,43.3947],[143.2585,43.3878],[143.2669,43.3793],[143.275,43.3761],[143.2859,43.3761],[143.2925,43.375],[143.2994,43.3687],[143.3064,43.3541],[143.3145,43.3448],[143.3243,43.3391],[143.3296,43.3324],[143.3296,43.3235],[143.3313,43.3193],[143.3432,43.314],[143.3584,43.3135],[143.3663,43.3123],[143.3755,43.3085],[143.3877,43.3076],[143.397,43.3052],[143.417,43.2952],[143.422,43.2891],[143.4217,43.2799],[143.4187,43.2738],[143.4171,43.2667],[143.419,43.2556],[143.4233,43.2458],[143.4442,43.2454],[143.4558,43.2435],[143.4633,43.2407],[143.4759,43.2397],[143.5017,43.24],[143.5104,43.2391],[143.5219,43.2332],[143.5266,43.2319],[143.5338,43.2322],[143.5449,43.2378],[143.551,43.2355],[143.5609,43.224],[143.5661,43.2142],[143.5788,43.1988],[143.585,43.1977],[143.6024,43.209],[143.623,43.2195],[143.6351,43.2252],[143.6585,43.238],[143.6671,43.2387],[143.6821,43.2301],[143.6914,43.2285],[143.7003,43.2239],[143.7171,43.2088],[143.7234,43.2053],[143.7291,43.2045],[143.7367,43.2062],[143.7448,43.2101],[143.7519,43.2119],[143.7748,43.2122],[143.7833,43.2109],[143.8019,43.2022]]]}},{"type":"Feature","properties":{"id":1010},"geometry":{"type":"Polygon","coordinates":[[[140.2083,41.8566],[140.2308,41.8529],[140.2426,41.8496],[140.2561,41.8439],[140.2679,41.8418],[140.2852,41.8306],[140.2934,41.8276],[140.2993,41.8236],[140.3039,41.8182],[140.311,41.8125],[140.3203,41.8078],[140.3331,41.8034],[140.3413,41.8027],[140.3462,41.8007],[140.3517,41.7925],[140.3542,41.7826],[140.3665,41.7894],[140.3777,41.7977],[140.3876,41.8068],[140.4136,41.8138],[140.425,41.8141],[140.4382,41.8133],[140.4364,41.8278],[140.437,41.8319],[140.4403,41.8357],[140.4512,41.8415],[140.4598,41.8439],[140.4637,41.8475],[140.4643,41.8546],[140.4618,41.8611],[140.4692,41.8681],[140.4723,41.8748],[140.4738,41.885],[140.4773,41.8956],[140.4769,41.9033],[140.4727,41.9112],[140.4674,41.9163],[140.4598,41.9217],[140.4574,41.9265],[140.456,41.9381],[140.4584,41.9436],[140.4695,41.9522],[140.4726,41.9573],[140.4735,41.9626],[140.4739,41.9795],[140.4761,41.9899],[140.477,41.9991],[140.4693,42.0063],[140.463,42.0097],[140.4494,42.0156],[140.4351,42.0247],[140.425,42.0295],[140.4198,42.0297],[140.4156,42.0273],[140.4107,42.0277],[140.4018,42.0319],[140.3908,42.0356],[140.3842,42.0426],[140.3789,42.0447],[140.3742,42.0439],[140.3642,42.0445],[140.3555,42.04],[140.3478,42.0405],[140.3379,42.0463],[140.3292,42.0489],[140.3208,42.0526],[140.3142,42.0536],[140.2938,42.0531],[140.2797,42.0552],[140.2793,42.0456],[140.2776,42.0351],[140.2699,42.0265],[140.2681,42.0219],[140.2713,42.0059],[140.2715,41.9965],[140.2654,41.9836],[140.2602,41.9791],[140.2582,41.9725],[140.2527,41.9659],[140.2449,41.9531],[140.2407,41.9487],[140.2299,41.9405],[140.2207,41.932],[140.214,41.928],[140.2022,41.9246],[140.1925,41.9243],[140.1796,41.9275],[140.1657,41.9288],[140.1569,41.9262],[140.1529,41.9204],[140.1524,41.9144],[140.1558,41.9111],[140.1646,41.908],[140.1738,41.9058],[140.1831,41.9024],[140.1958,41.8957],[140.202,41.8937],[140.2102,41.8928],[140.2221,41.8902],[140.2267,41.8875],[140.2269,41.8802],[140.2245,41.8758],[140.2161,41.8703],[140.2126,41.8662],[140.2083,41.8566]]]}},{"type":"Feature","properties":{"id":1011},"geometry":{"type":"Polygon","coordinates":[[[141.8372,42.7114],[141.8359,42.6842],[141.8334,42.6736],[141.8277,42.6666],[141.8261,42.656],[141.826,42.6394],[141.8252,42.633],[141.8214,42.6259],[141.81,42.6149],[141.8093,42.61],[141.8154,42.6124],[141.8196,42.6114],[141.8159,42.6064],[141.8179,42.604],[141.8293,42.6022],[141.8351,42.5993],[141.8549,42.5926],[141.8747,42.5868],[141.884,42.5985],[141.8893,42.6037],[141.8956,42.6075],[141.9139,42.6122],[141.9257,42.6174],[141.9313,42.6224],[141.9354,42.6335],[141.9454,42.644],[141.9543,42.6475],[141.966,42.6453],[141.9719,42.6416],[141.978,42.6418],[141.9848,42.6453],[141.9921,42.6462],[141.9984,42.6452],[142.0042,42.6464],[142.0085,42.651],[142.0089,42.6567],[142.0068,42.6689],[142.0067,42.6932],[142.0094,42.7039],[142.0133,42.7076],[142.0205,42.7114],[142.029,42.7174],[142.0464,42.7268],[142.0538,42.732],[142.0608,42.7416],[142.0715,42.7514],[142.0782,42.7588],[142.0832,42.7666],[142.0909,42.7756],[142.0959,42.7832],[142.0988,42.7897],[142.1063,42.8011],[142.1167,42.8066],[142.1212,42.8123],[142.1225,42.8191],[142.1221,42.8275],[142.1205,42.8325],[142.1152,42.8392],[142.1133,42.8458],[142.1141,42.8518],[142.1115,42.8562],[142.1027,42.861],[142.0976,42.8668],[142.0905,42.8713],[142.084,42.8778],[142.0777,42.8787],[142.075,42.8765],[142.0693,42.8678],[142.0641,42.8651],[142.0545,42.8653],[142.0493,42.8643],[142.0461,42.8631],[142.0394,42.8551],[142.0325,42.8521],[142.0154,42.8506],[142.0091,42.849],[141.9952,42.8425],[141.9887,42.842],[141.9809,42.8454],[141.972,42.8536],[141.9668,42.8567],[141.961,42.8524],[141.943,42.8372],[141.939,42.8318],[141.9317,42.8192],[141.9255,42.8135],[141.9183,42.8093],[141.9097,42.801],[141.9049,42.7936],[141.8888,42.776],[141.885,42.773],[141.8775,42.7705],[141.8735,42.7661],[141.8728,42.7585],[141.8685,42.7519],[141.8621,42.7484],[141.8562,42.7413],[141.8523,42.7304],[141.8487,42.7275],[141.8392,42.7233],[141.8353,42.7205],[141.8346,42.7154],[141.8372,42.7114]]]}},{"type":"Feature","properties":{"id":1012},"geometry":{"type":"Polygon","coordinates":[[[144.9155,43.2478],[144.9221,43.2488],[144.9406,43.2492],[144.9456,43.2483],[144.9576,43.2396],[144.9639,43.2364],[144.9874,43.231],[144.9958,43.2276],[145.0018,43.2229],[145.0126,43.2171],[145.0191,43.2155],[145.0298,43.2184],[145.0358,43.2225],[145.0481,43.2363],[145.0539,43.2407],[145.0585,43.2424],[145.0655,43.2419],[145.0756,43.2369],[145.0867,43.2356],[145.0972,43.2354],[145.108,43.2362],[145.1247,43.2355],[145.1329,43.2375],[145.1464,43.2443],[145.1565,43.2536],[145.1626,43.2574],[145.1787,43.259],[145.1833,43.2585],[145.1968,43.2527],[145.203,43.2467],[145.2066,43.2466],[145.2133,43.25],[145.2137,43.2618],[145.2188,43.2723],[145.2248,43.2772],[145.2397,43.2791],[145.247,43.2829],[145.2537,43.2916],[145.2564,43.3042],[145.2531,43.3033],[145.2525,43.2989],[145.2481,43.2978],[145.2378,43.3022],[145.2419,43.3075],[145.2425,43.3117],[145.24,43.3217],[145.2355,43.3289],[145.2267,43.3344],[145.2208,43.3406],[145.2153,43.3444],[145.2244,43.3444],[145.2283,43.3458],[145.2378,43.355],[145.2406,43.3594],[145.2508,43.3581],[145.2675,43.3578],[145.2856,43.3553],[145.2908,43.3553],[145.3,43.3517],[145.3053,43.3531],[145.3072,43.345],[145.3058,43.3386],[145.3067,43.3333],[145.315,43.3347],[145.3153,43.3306],[145.3256,43.3261],[145.3303,43.3214],[145.3361,43.3194],[145.3336,43.3286],[145.3422,43.3253],[145.3542,43.3153],[145.3597,43.3156],[145.3558,43.3203],[145.3472,43.3253],[145.3228,43.3444],[145.3094,43.3581],[145.2978,43.3722],[145.2914,43.3839],[145.2875,43.3881],[145.2783,43.4019],[145.2756,43.4092],[145.2711,43.4161],[145.27,43.4208],[145.2639,43.4333],[145.2622,43.4411],[145.2614,43.4556],[145.2536,43.4803],[145.2492,43.4897],[145.2472,43.4989],[145.2456,43.5136],[145.2458,43.5217],[145.2414,43.5231],[145.2414,43.5264],[145.2381,43.5308],[145.2381,43.5344],[145.2353,43.5425],[145.2239,43.5556],[145.2219,43.5589],[145.2239,43.5628],[145.2233,43.5675],[145.2197,43.5733],[145.2144,43.5778],[145.215,43.5825],[145.2192,43.5864],[145.2178,43.5886],[145.2111,43.5894],[145.1956,43.5994],[145.1947,43.605],[145.1919,43.6108],[145.1902,43.6113],[145.1787,43.6066],[145.174,43.6011],[145.1694,43.5909],[145.166,43.586],[145.1516,43.5787],[145.1443,43.5727],[145.1312,43.5657],[145.1223,43.5641],[145.11,43.5651],[145.1053,43.56],[145.0932,43.5569],[145.0783,43.555],[145.0661,43.5499],[145.0565,43.5468],[145.0465,43.5464],[145.0385,43.5443],[145.0222,43.5413],[145.0144,43.5379],[145.0078,43.5371],[145.0056,43.5338],[145.007,43.5304],[145.0185,43.5222],[145.0234,43.5176],[145.0213,43.5073],[145.0172,43.5053],[145.0126,43.5001],[144.9979,43.4921],[144.9849,43.4783],[144.976,43.4727],[144.9675,43.4706],[144.947,43.4669],[144.937,43.4661],[144.9308,43.4675],[144.9185,43.4719],[144.9054,43.4812],[144.8932,43.4846],[144.878,43.4821],[144.849,43.4821],[144.8295,43.4811],[144.8111,43.4777],[144.8054,43.4829],[144.7912,43.4823],[144.7713,43.4825],[144.766,43.4836],[144.7563,43.4893],[144.7451,43.4917],[144.737,43.4902],[144.7305,43.4835],[144.7237,43.4799],[144.7116,43.4696],[144.7033,43.465],[144.6913,43.4543],[144.6862,43.4508],[144.6758,43.4455],[144.6695,43.4448],[144.6584,43.4486],[144.6489,43.4484],[144.6415,43.4457],[144.6353,43.4384],[144.6306,43.4262],[144.6309,43.4209],[144.6357,43.4098],[144.6444,43.3991],[144.6475,43.3924],[144.6561,43.3818],[144.658,43.3697],[144.6599,43.3635],[144.6682,43.3498],[144.676,43.3455],[144.681,43.3442],[144.6874,43.3449],[144.6923,43.3437],[144.7015,43.3387],[144.7062,43.3347],[144.7175,43.3227],[144.726,43.3196],[144.736,43.3194],[144.7442,43.3178],[144.7659,43.309],[144.7781,43.3073],[144.7925,43.3036],[144.8036,43.3035],[144.8157,43.2977],[144.8243,43.2981],[144.8352,43.2954],[144.8443,43.2867],[144.8526,43.2816],[144.8577,43.2806],[144.8658,43.2824],[144.8784,43.2781],[144.8839,43.2728],[144.8927,43.267],[144.9048,43.2618],[144.9155,43.2478]]]}},{"type":"Feature","properties":{"id":1013},"geometry":{"type":"Polygon","coordinates":[[[142.0613,43.4263],[142.0482,43.4263],[142.0404,43.4251],[142.0294,43.4208],[142.0217,43.4161],[142.0196,43.4078],[142.0139,43.4028],[142.0037,43.3982],[141.9921,43.3908],[141.9846,43.3822],[141.9778,43.3793],[141.9731,43.3799],[141.9589,43.3839],[141.9428,43.3863],[141.9336,43.392],[141.9247,43.3952],[141.9128,43.3964],[141.8981,43.4011],[141.892,43.4018],[141.8749,43.402],[141.8644,43.4032],[141.853,43.4069],[141.8359,43.4068],[141.8308,43.3994],[141.8247,43.3932],[141.8139,43.3889],[141.7918,43.3836],[141.7785,43.3835],[141.773,43.365],[141.7689,43.3593],[141.7654,43.3584],[141.7568,43.361],[141.7492,43.3608],[141.7355,43.3566],[141.7254,43.3548],[141.714,43.3508],[141.7007,43.3425],[141.7204,43.3321],[141.7441,43.3209],[141.7642,43.3105],[141.7766,43.3052],[141.8109,43.271],[141.8183,43.2615],[141.83,43.2584],[141.8371,43.2592],[141.8436,43.2631],[141.8558,43.266],[141.8682,43.2661],[141.8728,43.2671],[141.8805,43.2711],[141.8893,43.2806],[141.902,43.2891],[141.913,43.2954],[141.9187,43.2973],[141.9327,43.2977],[141.9442,43.2945],[141.9509,43.2942],[141.9628,43.2986],[141.9717,43.303],[142.0022,43.3143],[142.0102,43.3163],[142.0174,43.3199],[142.0214,43.3256],[142.0237,43.3397],[142.0275,43.3473],[142.0364,43.3573],[142.0406,43.3594],[142.0511,43.3606],[142.0576,43.3583],[142.0637,43.3517],[142.072,43.3554],[142.0747,43.3765],[142.0735,43.3817],[142.0668,43.392],[142.0645,43.3977],[142.0613,43.4263]]]}},{"type":"Feature","properties":{"id":1014},"geometry":{"type":"Polygon","coordinates":[[[142.3423,43.5444],[142.3419,43.5339],[142.3478,43.5211],[142.3557,43.5132],[142.3669,43.5081],[142.3807,43.4981],[142.3853,43.4901],[142.3842,43.4821],[142.3813,43.4743],[142.4035,43.4716],[142.4128,43.4693],[142.4169,43.4894],[142.418,43.5132],[142.4202,43.5288],[142.4238,43.5366],[142.4276,43.5389],[142.4373,43.5406],[142.4506,43.5464],[142.458,43.5445],[142.4656,43.5383],[142.4879,43.5156],[142.4942,43.5127],[142.5084,43.5091],[142.5174,43.5077],[142.5241,43.5082],[142.534,43.5113],[142.5418,43.5121],[142.5497,43.5115],[142.5586,43.5094],[142.5693,43.5105],[142.5847,43.515],[142.5949,43.5154],[142.6057,43.5102],[142.6105,43.503],[142.6139,43.4905],[142.6188,43.4822],[142.626,43.4762],[142.6519,43.4629],[142.6636,43.455],[142.671,43.4482],[142.6768,43.4447],[142.6873,43.4359],[142.6945,43.4286],[142.698,43.4232],[142.7115,43.4251],[142.7202,43.4312],[142.7234,43.4349],[142.7289,43.4455],[142.7368,43.4545],[142.7464,43.4603],[142.7587,43.4723],[142.7719,43.4799],[142.7836,43.4854],[142.7973,43.4975],[142.804,43.5014],[142.8142,43.5042],[142.8228,43.5097],[142.8305,43.5213],[142.8307,43.5302],[142.832,43.5344],[142.8368,43.5372],[142.8448,43.5354],[142.8559,43.5312],[142.8639,43.5325],[142.8672,43.5354],[142.8702,43.5423],[142.8717,43.5555],[142.8739,43.5602],[142.8801,43.5662],[142.8947,43.5731],[142.9134,43.5752],[142.9171,43.6131],[142.9223,43.629],[142.9251,43.6399],[142.9288,43.6494],[142.9288,43.6595],[142.9243,43.665],[142.9201,43.6673],[142.9118,43.658],[142.9022,43.6439],[142.8974,43.6388],[142.8905,43.6341],[142.8631,43.6263],[142.8555,43.6257],[142.8391,43.6272],[142.816,43.6245],[142.7977,43.6235],[142.7841,43.6219],[142.7742,43.6233],[142.7518,43.6246],[142.7391,43.6264],[142.722,43.6302],[142.7141,43.6309],[142.6961,43.6307],[142.6678,43.6277],[142.6543,43.6279],[142.6441,43.626],[142.638,43.6262],[142.6337,43.6291],[142.6321,43.6346],[142.6208,43.6328],[142.6134,43.6327],[142.6078,43.6342],[142.6012,43.6378],[142.5849,43.6395],[142.5759,43.6413],[142.5685,43.6337],[142.5577,43.6305],[142.5396,43.6305],[142.5269,43.625],[142.516,43.6231],[142.5035,43.6233],[142.4984,43.6242],[142.4843,43.6294],[142.4776,43.633],[142.4717,43.6383],[142.4612,43.6515],[142.4489,43.6598],[142.4365,43.6628],[142.4278,43.6627],[142.4197,43.6592],[142.417,43.6546],[142.4148,43.6457],[142.4096,43.6345],[142.4031,43.6259],[142.394,43.6191],[142.3805,43.6179],[142.3748,43.6157],[142.37,43.611],[142.3542,43.5918],[142.3471,43.5814],[142.346,43.5606],[142.3423,43.5444]]]}},{"type":"Feature","properties":{"id":1015},"geometry":{"type":"Polygon","coordinates":[[[142.3373,44.4004],[142.3303,44.4212],[142.3295,44.4266],[142.3316,44.4332],[142.341,44.4421],[142.3578,44.4519],[142.3655,44.4534],[142.3815,44.4542],[142.389,44.4562],[142.4058,44.4653],[142.4222,44.4757],[142.4281,44.4777],[142.4346,44.4771],[142.4485,44.4695],[142.4607,44.4672],[142.4693,44.4673],[142.4859,44.4709],[142.4941,44.4701],[142.4999,44.4665],[142.5104,44.456],[142.5187,44.4496],[142.5295,44.4444],[142.5406,44.4415],[142.547,44.4411],[142.5612,44.4431],[142.5801,44.4436],[142.5969,44.4433],[142.6061,44.4419],[142.605,44.4461],[142.6068,44.4518],[142.6167,44.4638],[142.6203,44.4731],[142.6373,44.4974],[142.6411,44.5084],[142.6452,44.5153],[142.654,44.5213],[142.6579,44.5297],[142.6571,44.5409],[142.6581,44.5462],[142.6674,44.5565],[142.6747,44.5697],[142.6755,44.5757],[142.6749,44.5905],[142.6675,44.5874],[142.6583,44.5884],[142.6315,44.5889],[142.621,44.5899],[142.5985,44.5896],[142.5869,44.5938],[142.5828,44.5967],[142.5813,44.6058],[142.5779,44.6101],[142.5737,44.6106],[142.5612,44.6062],[142.5516,44.6062],[142.5434,44.5989],[142.538,44.5873],[142.5309,44.5782],[142.518,44.5746],[142.5146,44.5764],[142.4982,44.593],[142.4915,44.6064],[142.4891,44.6094],[142.4832,44.6111],[142.4639,44.611],[142.4559,44.6133],[142.4415,44.6255],[142.4314,44.6331],[142.4242,44.6427],[142.4224,44.648],[142.4254,44.6596],[142.4109,44.6589],[142.3992,44.6611],[142.3876,44.6611],[142.3622,44.6568],[142.3413,44.6512],[142.3317,44.6507],[142.3183,44.6514],[142.3133,44.6507],[142.3038,44.6465],[142.2949,44.6414],[142.2842,44.6313],[142.2775,44.627],[142.2704,44.6256],[142.2555,44.6249],[142.2456,44.6208],[142.2343,44.6082],[142.225,44.6013],[142.2148,44.5983],[142.2053,44.5844],[142.2037,44.5803],[142.2052,44.5744],[142.2096,44.5702],[142.2197,44.5639],[142.227,44.5532],[142.2272,44.5447],[142.2315,44.5353],[142.2396,44.5249],[142.2433,44.5172],[142.2439,44.5125],[142.2425,44.5061],[142.2386,44.4967],[142.2307,44.4846],[142.2264,44.4757],[142.211,44.4536],[142.2318,44.4491],[142.2382,44.4461],[142.2469,44.438],[142.2564,44.427],[142.2643,44.4165],[142.2701,44.4107],[142.2755,44.4072],[142.2956,44.3986],[142.3081,44.3965],[142.3203,44.397],[142.3373,44.4004]]]}},{"type":"Feature","properties":{"id":1016},"geometry":{"type":"Polygon","coordinates":[[[143.9131,43.7283],[143.9256,43.728],[143.9373,43.727],[143.9465,43.7273],[143.9538,43.7291],[143.9726,43.7273],[143.9878,43.7303],[144.0075,43.7317],[144.0219,43.7364],[144.0259,43.7385],[144.0436,43.7517],[144.0547,43.7634],[144.063,43.7669],[144.0683,43.7656],[144.0764,43.7602],[144.0933,43.7396],[144.099,43.7337],[144.1188,43.6984],[144.1259,43.6892],[144.1286,43.6837],[144.1274,43.6779],[144.1229,43.6692],[144.1222,43.6593],[144.1243,43.6531],[144.1327,43.6397],[144.1392,43.6337],[144.1454,43.6303],[144.1542,43.6278],[144.1688,43.6263],[144.181,43.6207],[144.1913,43.6111],[144.2018,43.6049],[144.2166,43.5985],[144.2238,43.6109],[144.2297,43.6241],[144.2312,43.6326],[144.2335,43.6375],[144.2443,43.6453],[144.2492,43.6507],[144.2567,43.6563],[144.2634,43.6591],[144.2712,43.6649],[144.2751,43.6702],[144.2777,43.6793],[144.2806,43.6841],[144.2923,43.6876],[144.3,43.6931],[144.3071,43.7049],[144.2986,43.7067],[144.2812,43.7072],[144.2749,43.7085],[144.2604,43.7213],[144.2548,43.7359],[144.2498,43.7453],[144.2471,43.7568],[144.2481,43.767],[144.2457,43.7778],[144.2414,43.784],[144.2377,43.7952],[144.2315,43.802],[144.2209,43.8049],[144.2176,43.8102],[144.2131,43.8223],[144.2079,43.8283],[144.1953,43.8393],[144.1921,43.848],[144.1878,43.8547],[144.183,43.8572],[144.1749,43.8593],[144.1505,43.8714],[144.1404,43.8752],[144.1344,43.8756],[144.1191,43.8661],[144.1098,43.8594],[144.1036,43.859],[144.0981,43.8619],[144.0915,43.8712],[144.0875,43.8803],[144.0819,43.8877],[144.0768,43.8923],[144.062,43.9005],[144.0564,43.8976],[144.0548,43.8945],[144.0574,43.8889],[144.0619,43.8864],[144.0561,43.8787],[144.0446,43.875],[144.0329,43.8684],[144.019,43.8525],[144.0159,43.8464],[144.0137,43.8352],[144.0117,43.8301],[143.9991,43.8131],[143.9943,43.8027],[143.9791,43.7809],[143.9743,43.7688],[143.9707,43.7652],[143.9658,43.7659],[143.9591,43.7702],[143.9538,43.7717],[143.947,43.7698],[143.9435,43.7668],[143.9361,43.7568],[143.9249,43.7454],[143.9131,43.7283]]]}},{"type":"Feature","properties":{"id":1017},"geometry":{"type":"Polygon","coordinates":[[[142.4922,42.6308],[142.5105,42.6349],[142.5284,42.6352],[142.543,42.6389],[142.5529,42.6446],[142.5568,42.6488],[142.5601,42.6641],[142.5596,42.6746],[142.5613,42.6905],[142.5627,42.695],[142.5682,42.7052],[142.5775,42.716],[142.5842,42.7251],[142.5906,42.7306],[142.6055,42.7394],[142.6139,42.7414],[142.6235,42.7379],[142.6372,42.7296],[142.6436,42.7296],[142.6527,42.7347],[142.6676,42.7327],[142.6791,42.7272],[142.6942,42.7252],[142.7001,42.7262],[142.7094,42.7337],[142.7139,42.7412],[142.7031,42.7564],[142.6811,42.7561],[142.6709,42.7579],[142.6646,42.7622],[142.6573,42.7731],[142.653,42.7769],[142.6383,42.781],[142.6306,42.7841],[142.6095,42.7946],[142.6007,42.8005],[142.5927,42.7982],[142.5868,42.8072],[142.5872,42.8144],[142.5823,42.8181],[142.5645,42.8181],[142.5529,42.8143],[142.5404,42.8086],[142.5334,42.804],[142.5297,42.7998],[142.524,42.7901],[142.5191,42.785],[142.5122,42.7813],[142.5029,42.7792],[142.4857,42.7792],[142.4664,42.7819],[142.4475,42.7891],[142.4323,42.7939],[142.4244,42.7948],[142.4089,42.7946],[142.3962,42.7954],[142.4059,42.8182],[142.4095,42.8332],[142.4141,42.8445],[142.4126,42.8544],[142.4012,42.8624],[142.3952,42.8735],[142.3904,42.876],[142.3889,42.88],[142.3904,42.8843],[142.3946,42.8887],[142.3872,42.8932],[142.3807,42.8947],[142.3752,42.8937],[142.3653,42.8898],[142.3577,42.8884],[142.3479,42.8933],[142.3393,42.8958],[142.3285,42.8892],[142.3251,42.8836],[142.3234,42.8701],[142.3199,42.8583],[142.319,42.8217],[142.3176,42.8117],[142.314,42.8028],[142.3129,42.7961],[142.3084,42.7791],[142.3047,42.7735],[142.2978,42.7689],[142.2853,42.7638],[142.2797,42.7594],[142.2709,42.7547],[142.2546,42.7494],[142.2414,42.748],[142.2353,42.7448],[142.2271,42.7364],[142.221,42.7271],[142.2165,42.7256],[142.2061,42.7249],[142.2,42.7205],[142.1944,42.7067],[142.1866,42.6977],[142.1785,42.6931],[142.171,42.6861],[142.169,42.681],[142.1649,42.6763],[142.1599,42.6735],[142.1562,42.6677],[142.1542,42.6589],[142.1476,42.6511],[142.1345,42.6266],[142.1299,42.6142],[142.1288,42.6021],[142.1273,42.5976],[142.124,42.5948],[142.1109,42.5896],[142.0996,42.5862],[142.0884,42.5784],[142.0776,42.574],[142.0662,42.5705],[142.0455,42.5564],[142.0348,42.5526],[142.033,42.5508],[142.0387,42.5459],[142.0479,42.5433],[142.0521,42.538],[142.0603,42.5357],[142.0642,42.5382],[142.0713,42.5398],[142.0781,42.5388],[142.0855,42.5351],[142.097,42.5277],[142.108,42.5258],[142.1185,42.5282],[142.1262,42.5321],[142.1461,42.548],[142.158,42.5554],[142.168,42.5601],[142.1784,42.5664],[142.1855,42.5739],[142.1933,42.5879],[142.2024,42.5943],[142.2098,42.5978],[142.2188,42.6039],[142.2267,42.6132],[142.2371,42.6226],[142.2479,42.621],[142.257,42.6248],[142.261,42.6286],[142.266,42.6287],[142.2771,42.6237],[142.2813,42.6235],[142.2892,42.6269],[142.3019,42.6363],[142.307,42.6415],[142.312,42.6381],[142.3119,42.6326],[142.3168,42.617],[142.3225,42.6154],[142.328,42.6212],[142.3351,42.6211],[142.3514,42.6173],[142.3672,42.6174],[142.3796,42.6184],[142.3977,42.6219],[142.421,42.6227],[142.4395,42.6277],[142.446,42.6273],[142.4514,42.6253],[142.4522,42.619],[142.4548,42.6174],[142.4601,42.6202],[142.4733,42.6188],[142.4785,42.6195],[142.4839,42.6225],[142.4922,42.6308]]]}},{"type":"Feature","properties":{"id":1018},"geometry":{"type":"Polygon","coordinates":[[[142.0242,43.7972],[142.0122,43.81],[142.004,43.8129],[141.9955,43.8092],[141.989,43.8076],[141.9746,43.8071],[141.9605,43.8016],[141.9517,43.7962],[141.942,43.7869],[141.9344,43.7826],[141.9234,43.775],[141.9071,43.7656],[141.9099,43.756],[141.9146,43.7481],[141.9388,43.7461],[141.9592,43.7458],[141.9691,43.7466],[141.9792,43.7493],[142.0097,43.7516],[142.0138,43.7528],[142.0191,43.7595],[142.0236,43.7762],[142.0242,43.7972]]]}},{"type":"Feature","properties":{"id":1019},"geometry":{"type":"Polygon","coordinates":[[[141.8806,42.9209],[141.8786,42.9272],[141.8738,42.9341],[141.865,42.94],[141.8597,42.941],[141.849,42.9398],[141.839,42.9368],[141.8257,42.9365],[141.812,42.9408],[141.7964,42.9438],[141.7855,42.9487],[141.7709,42.959],[141.7644,42.9562],[141.7589,42.9459],[141.7465,42.9355],[141.7311,42.93],[141.7244,42.9267],[141.7125,42.9143],[141.7076,42.9125],[141.6989,42.9162],[141.6915,42.9151],[141.6833,42.9014],[141.6747,42.8983],[141.6678,42.9006],[141.6637,42.9076],[141.6626,42.9134],[141.6634,42.9217],[141.6654,42.9267],[141.6653,42.9322],[141.6634,42.9371],[141.6586,42.9338],[141.6516,42.9241],[141.6485,42.918],[141.6379,42.9045],[141.6305,42.8928],[141.6258,42.887],[141.6218,42.8793],[141.6152,42.872],[141.5953,42.8645],[141.5955,42.8595],[141.589,42.8435],[141.5839,42.8397],[141.571,42.8392],[141.5625,42.8374],[141.5499,42.839],[141.534,42.838],[141.5179,42.8386],[141.5047,42.838],[141.4864,42.8325],[141.4764,42.828],[141.4623,42.8266],[141.4521,42.8226],[141.44,42.8203],[141.4176,42.8201],[141.4064,42.8206],[141.3961,42.8185],[141.3878,42.8107],[141.3789,42.8096],[141.3679,42.8136],[141.3421,42.8184],[141.3217,42.8192],[141.3067,42.8175],[141.2913,42.8109],[141.2872,42.8101],[141.2787,42.8148],[141.2717,42.817],[141.2633,42.818],[141.2439,42.8231],[141.2381,42.8162],[141.2358,42.8094],[141.2366,42.7994],[141.2349,42.795],[141.2265,42.7905],[141.2174,42.7902],[141.2095,42.7916],[141.2062,42.788],[141.2068,42.7852],[141.2048,42.7783],[141.2017,42.7741],[141.1936,42.7673],[141.1866,42.7589],[141.186,42.7472],[141.19,42.7372],[141.1921,42.7275],[141.1967,42.7208],[141.1994,42.7145],[141.2,42.7095],[141.2002,42.691],[141.2083,42.6968],[141.2237,42.704],[141.2305,42.7051],[141.2515,42.7058],[141.2599,42.7093],[141.2696,42.7156],[141.2743,42.7156],[141.2829,42.7125],[141.2913,42.711],[141.2992,42.707],[141.3059,42.6998],[141.3148,42.6934],[141.3236,42.6891],[141.3304,42.688],[141.3492,42.688],[141.356,42.6862],[141.3658,42.6867],[141.3774,42.6898],[141.3868,42.6961],[141.3956,42.6961],[141.4002,42.6989],[141.4069,42.709],[141.4117,42.7178],[141.4192,42.7282],[141.4215,42.7372],[141.4217,42.7568],[141.4232,42.7634],[141.4316,42.7667],[141.4527,42.7663],[141.4586,42.7656],[141.4772,42.7588],[141.4904,42.7559],[141.4971,42.7532],[141.506,42.7528],[141.5135,42.7553],[141.5226,42.756],[141.5336,42.7527],[141.5394,42.7527],[141.549,42.7555],[141.5546,42.7556],[141.5622,42.753],[141.5749,42.7473],[141.5839,42.7485],[141.5941,42.7584],[141.6092,42.7689],[141.6258,42.7771],[141.6346,42.7781],[141.6727,42.7778],[141.6799,42.7767],[141.6884,42.7729],[141.7016,42.7714],[141.7106,42.7717],[141.7196,42.7741],[141.7266,42.778],[141.7466,42.7856],[141.7594,42.7925],[141.7609,42.7999],[141.7749,42.8085],[141.7838,42.813],[141.7882,42.8194],[141.787,42.8243],[141.7815,42.8343],[141.7827,42.8386],[141.795,42.8453],[141.7996,42.8504],[141.8059,42.8646],[141.8073,42.8704],[141.8064,42.876],[141.8088,42.884],[141.8255,42.8997],[141.8392,42.9072],[141.8568,42.9139],[141.8705,42.9185],[141.8806,42.9209]]]}},{"type":"Feature","properties":{"id":1020},"geometry":{"type":"MultiPolygon","coordinates":[[[[140.9875,42.4378],[140.9883,42.4439],[140.987,42.449],[140.9875,42.4574],[140.9898,42.464],[140.9881,42.4703],[140.9836,42.4735],[140.9793,42.4789],[140.977,42.4843],[140.9763,42.4954],[140.9781,42.5056],[140.9783,42.5149],[140.9764,42.5254],[140.9743,42.5294],[140.9677,42.5358],[140.9544,42.5428],[140.9479,42.5452],[140.9386,42.546],[140.9242,42.5457],[140.9163,42.5442],[140.9036,42.5402],[140.8943,42.5397],[140.8769,42.5398],[140.8677,42.5409],[140.8582,42.5443],[140.8462,42.5471],[140.8396,42.5497],[140.8179,42.5446],[140.7989,42.5354],[140.7843,42.5233],[140.7818,42.5189],[140.7789,42.5154],[140.7839,42.5015],[140.7897,42.5018],[140.7984,42.4999],[140.8035,42.4975],[140.8122,42.4883],[140.8172,42.4874],[140.8334,42.4733],[140.84,42.47],[140.8512,42.468],[140.8578,42.4649],[140.8617,42.4656],[140.8694,42.4619],[140.8768,42.4543],[140.8847,42.443],[140.89,42.4337],[140.8969,42.4249],[140.9038,42.4077],[140.9072,42.3862],[140.9286,42.3873],[140.9458,42.3872],[140.9571,42.3916],[140.9682,42.4012],[140.9792,42.4088],[140.9838,42.414],[140.9855,42.419],[140.9875,42.4378]]],[[[141.2002,42.691],[141.2,42.7095],[141.1994,42.7145],[141.1967,42.7208],[141.1921,42.7275],[141.19,42.7372],[141.186,42.7472],[141.1866,42.7589],[141.1936,42.7673],[141.2017,42.7741],[141.2048,42.7783],[141.2068,42.7852],[141.2062,42.788],[141.2012,42.7917],[141.1847,42.7912],[141.1767,42.7884],[141.1698,42.7885],[141.1568,42.7935],[141.151,42.8024],[141.1416,42.8118],[141.1315,42.8189],[141.1213,42.8232],[141.1114,42.8304],[141.0971,42.8334],[141.088,42.8334],[141.0799,42.8295],[141.0784,42.8239],[141.0832,42.8156],[141.0912,42.811],[141.0949,42.8063],[141.0988,42.7922],[141.0981,42.7862],[141.0956,42.7807],[141.0945,42.7731],[141.0943,42.7607],[141.0913,42.7546],[141.0847,42.7489],[141.0771,42.7451],[141.0655,42.7358],[141.0475,42.7248],[141.0417,42.7231],[141.0277,42.7225],[141.0211,42.7196],[141.008,42.7072],[141.0023,42.6995],[141.0006,42.6937],[140.9966,42.6897],[140.9896,42.6872],[140.9852,42.6834],[140.9774,42.6739],[140.9785,42.6628],[140.9741,42.6548],[140.9715,42.6475],[140.9828,42.6434],[141.0017,42.6334],[141.0213,42.6238],[141.0307,42.6171],[141.034,42.6113],[141.0355,42.6033],[141.0387,42.5993],[141.0441,42.5978],[141.0587,42.5968],[141.0659,42.5941],[141.0747,42.5959],[141.0807,42.593],[141.088,42.583],[141.093,42.5774],[141.0976,42.5917],[141.1044,42.6003],[141.1156,42.6102],[141.1227,42.6129],[141.1364,42.6148],[141.1488,42.6208],[141.1542,42.6252],[141.1575,42.6312],[141.1557,42.6401],[141.1576,42.6457],[141.1657,42.6516],[141.1696,42.6559],[141.1774,42.6705],[141.18,42.6741],[141.1919,42.6821],[141.2002,42.691]]]]}},{"type":"Feature","properties":{"id":1021},"geometry":{"type":"Polygon","coordinates":[[[141.6124,43.1712],[141.6026,43.1742],[141.5947,43.1748],[141.5826,43.1735],[141.5246,43.1733],[141.5118,43.1691],[141.5059,43.1681],[141.4778,43.1674],[141.4628,43.1663],[141.4509,43.1663],[141.4562,43.1585],[141.4619,43.1475],[141.464,43.1398],[141.4627,43.1288],[141.4553,43.1132],[141.454,43.1068],[141.4552,43.1025],[141.4587,43.0991],[141.4664,43.0983],[141.4717,43.1037],[141.4785,43.1018],[141.4808,43.0965],[141.4816,43.0816],[141.4842,43.071],[141.4872,43.0671],[141.4944,43.0625],[141.5013,43.0608],[141.5072,43.0558],[141.5112,43.0439],[141.5147,43.0371],[141.5159,43.0303],[141.5277,43.0244],[141.5376,43.0233],[141.5494,43.0278],[141.5611,43.0297],[141.569,43.0291],[141.577,43.0321],[141.5736,43.039],[141.574,43.0473],[141.5791,43.0592],[141.5817,43.062],[141.5911,43.0677],[141.5947,43.0724],[141.5954,43.0764],[141.5942,43.0852],[141.5952,43.0886],[141.6031,43.0958],[141.6394,43.1131],[141.6549,43.1197],[141.6618,43.1246],[141.6713,43.1294],[141.6656,43.1398],[141.649,43.1571],[141.6449,43.1621],[141.6388,43.1665],[141.6298,43.1695],[141.6124,43.1712]]]}},{"type":"Feature","properties":{"id":1022},"geometry":{"type":"Polygon","coordinates":[[[141.7922,44.6379],[141.8009,44.6357],[141.8115,44.6313],[141.8253,44.6275],[141.8321,44.6223],[141.8364,44.6146],[141.841,44.6091],[141.8485,44.6057],[141.8623,44.6035],[141.8722,44.5969],[141.884,44.5945],[141.9252,44.5946],[141.9303,44.5934],[141.9358,44.5878],[141.9428,44.5706],[141.9448,44.5591],[141.9471,44.552],[141.9466,44.5476],[141.9409,44.5402],[141.9389,44.5346],[141.9411,44.522],[141.9395,44.5156],[141.9348,44.5119],[141.9141,44.5031],[141.9111,44.4987],[141.913,44.4937],[141.9202,44.4874],[141.9234,44.48],[141.9213,44.4736],[141.9247,44.467],[141.9413,44.4559],[141.953,44.4498],[141.9625,44.4475],[141.9804,44.4401],[141.9878,44.4342],[141.9925,44.4268],[142.0037,44.4156],[142.011,44.4099],[142.0164,44.4028],[142.0226,44.386],[142.0249,44.3731],[142.0434,44.3905],[142.0508,44.3942],[142.0597,44.4011],[142.0672,44.4051],[142.077,44.4083],[142.0845,44.4131],[142.0932,44.4229],[142.0971,44.4259],[142.1025,44.4275],[142.1114,44.428],[142.1195,44.4306],[142.1248,44.4375],[142.129,44.4503],[142.1402,44.4725],[142.1306,44.4793],[142.1233,44.4826],[142.1125,44.4837],[142.1072,44.486],[142.0908,44.5004],[142.0836,44.5076],[142.0707,44.5145],[142.0663,44.5191],[142.0658,44.5244],[142.0714,44.5371],[142.0707,44.551],[142.0659,44.561],[142.0626,44.5701],[142.0562,44.5806],[142.0394,44.5907],[142.0381,44.5934],[142.0358,44.6079],[142.0302,44.6185],[142.0285,44.624],[142.0283,44.6372],[142.0253,44.6489],[142.0209,44.6562],[142.0197,44.6608],[142.018,44.6783],[142.0193,44.6878],[142.0198,44.7044],[142.0169,44.7142],[142.0097,44.7218],[142.0038,44.7308],[142.0026,44.739],[142.0036,44.7429],[142.0131,44.7661],[141.9971,44.7715],[141.991,44.7717],[141.9814,44.7687],[141.9621,44.7664],[141.9506,44.7591],[141.9404,44.7573],[141.9193,44.7572],[141.9119,44.7585],[141.9096,44.7611],[141.9081,44.7711],[141.8995,44.7885],[141.8956,44.7995],[141.8897,44.8078],[141.8815,44.8149],[141.8759,44.8236],[141.8741,44.831],[141.8675,44.8336],[141.8641,44.8311],[141.8607,44.8214],[141.8541,44.8142],[141.8422,44.8096],[141.8313,44.8079],[141.8195,44.8076],[141.8099,44.806],[141.8029,44.8032],[141.7944,44.802],[141.7847,44.803],[141.7802,44.8004],[141.7684,44.7903],[141.7726,44.7769],[141.7756,44.7623],[141.7781,44.7547],[141.7787,44.7462],[141.7811,44.7394],[141.782,44.7286],[141.7844,44.7236],[141.7839,44.7146],[141.7859,44.7091],[141.7894,44.6872],[141.7904,44.6715],[141.792,44.6603],[141.7922,44.6379]]]}},{"type":"Feature","properties":{"id":1023},"geometry":{"type":"Polygon","coordinates":[[[143.1892,43.7115],[143.2065,43.7023],[143.2205,43.7013],[143.2287,43.6997],[143.2372,43.7009],[143.2585,43.7073],[143.2634,43.7108],[143.2648,43.7202],[143.2615,43.7336],[143.2653,43.7423],[143.27,43.7449],[143.2869,43.7582],[143.2923,43.7614],[143.2995,43.7636],[143.3114,43.7645],[143.3237,43.7675],[143.3354,43.7659],[143.341,43.766],[143.3491,43.7689],[143.3548,43.7726],[143.3648,43.7816],[143.3722,43.7901],[143.3764,43.7921],[143.3912,43.7965],[143.4115,43.799],[143.4281,43.7978],[143.4404,43.8002],[143.4479,43.804],[143.4526,43.8081],[143.4655,43.8143],[143.4705,43.8156],[143.4795,43.8156],[143.4903,43.8129],[143.4989,43.8128],[143.5176,43.8171],[143.5276,43.8212],[143.5349,43.8274],[143.5393,43.8348],[143.5463,43.8388],[143.564,43.8414],[143.5725,43.8458],[143.5746,43.8548],[143.5748,43.8686],[143.5766,43.8758],[143.5889,43.8897],[143.5923,43.8962],[143.5932,43.9019],[143.5937,43.9172],[143.5945,43.9237],[143.6004,43.9354],[143.6031,43.9423],[143.5959,43.9441],[143.5866,43.9522],[143.5854,43.9581],[143.5871,43.9644],[143.5968,43.9807],[143.6034,43.989],[143.5855,43.9948],[143.5775,44.0003],[143.5751,44.0063],[143.575,44.023],[143.5776,44.0336],[143.5829,44.0428],[143.5845,44.0501],[143.5858,44.0695],[143.5842,44.0794],[143.5849,44.0894],[143.5736,44.0979],[143.5618,44.1008],[143.5534,44.1007],[143.5426,44.0959],[143.5283,44.0831],[143.5126,44.0756],[143.5006,44.0737],[143.4884,44.0758],[143.4717,44.083],[143.4605,44.0855],[143.4493,44.0901],[143.4401,44.0951],[143.4303,44.1034],[143.4264,44.1089],[143.4209,44.1128],[143.4162,44.1081],[143.3988,44.1078],[143.3892,44.1038],[143.3675,44.0793],[143.3596,44.0734],[143.3516,44.069],[143.3434,44.0611],[143.3398,44.0549],[143.3334,44.0501],[143.3242,44.0461],[143.3174,44.0411],[143.3114,44.0344],[143.3044,44.0302],[143.2974,44.0299],[143.284,44.0344],[143.2744,44.0404],[143.268,44.041],[143.2558,44.0348],[143.2416,44.03],[143.2293,44.0225],[143.2198,44.0193],[143.2061,44.0183],[143.2012,44.0171],[143.1808,43.9993],[143.1748,43.9958],[143.1692,43.9954],[143.156,43.9989],[143.144,43.9999],[143.1377,43.9986],[143.1287,44.0007],[143.12,43.9976],[143.1132,43.9935],[143.1107,43.9897],[143.1105,43.9828],[143.1153,43.9697],[143.1157,43.9634],[143.1124,43.9554],[143.1037,43.9451],[143.0949,43.9372],[143.0733,43.9223],[143.0657,43.9177],[143.0652,43.9117],[143.0603,43.9041],[143.0539,43.898],[143.0469,43.8929],[143.042,43.8855],[143.0395,43.8703],[143.0358,43.8593],[143.0319,43.8378],[143.0336,43.8261],[143.039,43.8172],[143.0402,43.8066],[143.0359,43.7893],[143.0315,43.7767],[143.0308,43.7705],[143.032,43.7616],[143.037,43.7561],[143.0477,43.7494],[143.0524,43.7484],[143.0816,43.7476],[143.0957,43.7421],[143.1009,43.7414],[143.1193,43.7461],[143.1344,43.7543],[143.1561,43.7581],[143.1704,43.7642],[143.1767,43.7658],[143.1845,43.7656],[143.1914,43.7605],[143.1977,43.7461],[143.1981,43.7365],[143.1934,43.725],[143.1913,43.715],[143.1892,43.7115]]]}},{"type":"Feature","properties":{"id":1024},"geometry":{"type":"Polygon","coordinates":[[[141.6634,42.9371],[141.6451,42.9696],[141.64,42.977],[141.631,42.9839],[141.626,42.9901],[141.608,43.0035],[141.6053,42.9852],[141.6028,42.9773],[141.5932,42.9569],[141.5837,42.9484],[141.5781,42.9455],[141.5709,42.9395],[141.5647,42.9359],[141.556,42.9337],[141.5382,42.9269],[141.5311,42.9237],[141.5246,42.9225],[141.5117,42.9225],[141.5026,42.9197],[141.4944,42.9155],[141.4845,42.9085],[141.4791,42.9061],[141.4723,42.9052],[141.4467,42.9045],[141.4389,42.9028],[141.4281,42.8989],[141.4262,42.8944],[141.4196,42.892],[141.4148,42.8927],[141.4054,42.8968],[141.3923,42.8979],[141.3837,42.8961],[141.3768,42.8911],[141.3677,42.8826],[141.3537,42.8772],[141.3452,42.8755],[141.3343,42.8771],[141.3302,42.881],[141.325,42.8887],[141.3157,42.8913],[141.3095,42.8901],[141.2989,42.8802],[141.2919,42.8759],[141.28,42.8723],[141.2727,42.8675],[141.2701,42.8625],[141.269,42.856],[141.2664,42.8516],[141.2601,42.8459],[141.2509,42.8346],[141.2439,42.8231],[141.2633,42.818],[141.2717,42.817],[141.2787,42.8148],[141.2872,42.8101],[141.2913,42.8109],[141.3067,42.8175],[141.3217,42.8192],[141.3421,42.8184],[141.3679,42.8136],[141.3789,42.8096],[141.3878,42.8107],[141.3961,42.8185],[141.4064,42.8206],[141.4176,42.8201],[141.44,42.8203],[141.4521,42.8226],[141.4623,42.8266],[141.4764,42.828],[141.4864,42.8325],[141.5047,42.838],[141.5179,42.8386],[141.534,42.838],[141.5499,42.839],[141.5625,42.8374],[141.571,42.8392],[141.5839,42.8397],[141.589,42.8435],[141.5955,42.8595],[141.5953,42.8645],[141.6152,42.872],[141.6218,42.8793],[141.6258,42.887],[141.6305,42.8928],[141.6379,42.9045],[141.6485,42.918],[141.6516,42.9241],[141.6586,42.9338],[141.6634,42.9371]]]}},{"type":"Feature","properties":{"id":1025},"geometry":{"type":"Polygon","coordinates":[[[143.3229,42.1553],[143.3156,42.1596],[143.2986,42.1639],[143.2915,42.1637],[143.2812,42.1605],[143.2729,42.1608],[143.2652,42.1635],[143.2598,42.1612],[143.255,42.162],[143.2527,42.1686],[143.2433,42.1754],[143.2345,42.1771],[143.2222,42.1769],[143.2133,42.1791],[143.1986,42.1865],[143.1848,42.182],[143.1802,42.1766],[143.1786,42.1717],[143.1787,42.1608],[143.1835,42.1592],[143.1865,42.1555],[143.1846,42.1494],[143.188,42.1392],[143.1882,42.1336],[143.1863,42.1285],[143.1816,42.1214],[143.1809,42.1169],[143.1839,42.1112],[143.193,42.1051],[143.2068,42.1061],[143.2095,42.1015],[143.2042,42.1],[143.2005,42.0927],[143.196,42.0909],[143.1887,42.0937],[143.1818,42.0898],[143.1718,42.0799],[143.166,42.0766],[143.1595,42.0749],[143.1409,42.0733],[143.136,42.0645],[143.1292,42.0669],[143.1129,42.0688],[143.1006,42.0727],[143.0954,42.0731],[143.0882,42.0696],[143.0723,42.0571],[143.0784,42.0562],[143.0953,42.0499],[143.104,42.0429],[143.112,42.0408],[143.1165,42.036],[143.1359,42.0263],[143.1405,42.0204],[143.146,42.0167],[143.1498,42.0093],[143.1572,42.0027],[143.1612,41.9961],[143.1609,41.9908],[143.163,41.9879],[143.1628,41.9832],[143.173,41.9757],[143.1787,41.9741],[143.1838,41.9671],[143.1929,41.964],[143.1975,41.9566],[143.207,41.955],[143.2163,41.9469],[143.2208,41.9466],[143.2224,41.9422],[143.2285,41.9391],[143.2366,41.9317],[143.2429,41.9239],[143.2463,41.9279],[143.242,41.938],[143.2403,41.9483],[143.2435,41.9568],[143.2433,41.9653],[143.2489,41.98],[143.2486,41.985],[143.2522,41.9883],[143.2558,41.9981],[143.2664,42.015],[143.2759,42.0232],[143.2822,42.0225],[143.2885,42.0284],[143.2884,42.0339],[143.2918,42.0361],[143.2946,42.0429],[143.3042,42.0447],[143.312,42.0544],[143.31,42.0561],[143.3106,42.065],[143.3072,42.0756],[143.3086,42.0815],[143.3114,42.0864],[143.3128,42.0933],[143.3158,42.0953],[143.3164,42.1044],[143.3223,42.1171],[143.3169,42.1197],[143.3158,42.1229],[143.3181,42.1264],[143.3191,42.1378],[143.3236,42.1506],[143.3229,42.1553]]]}},{"type":"Feature","properties":{"id":1026},"geometry":{"type":"Polygon","coordinates":[[[142.6749,44.5905],[142.6799,44.5926],[142.6916,44.5939],[142.697,44.5958],[142.7036,44.6012],[142.7077,44.6102],[142.7133,44.6162],[142.7253,44.6228],[142.7439,44.628],[142.7495,44.6314],[142.7553,44.633],[142.7658,44.6311],[142.7733,44.6282],[142.7805,44.6287],[142.7857,44.6315],[142.7913,44.6325],[142.8024,44.6321],[142.8102,44.634],[142.8205,44.6425],[142.8293,44.6464],[142.8343,44.6506],[142.8394,44.6573],[142.8558,44.6727],[142.8586,44.6761],[142.8523,44.6772],[142.8452,44.6851],[142.8338,44.6905],[142.8299,44.6911],[142.8241,44.6975],[142.8172,44.7016],[142.8128,44.7064],[142.8095,44.7068],[142.7935,44.7159],[142.7884,44.7205],[142.7853,44.7262],[142.7771,44.7293],[142.7724,44.7377],[142.7629,44.7421],[142.7522,44.7524],[142.7415,44.7579],[142.7277,44.7707],[142.7193,44.785],[142.7116,44.7915],[142.7015,44.7973],[142.7009,44.8073],[142.6983,44.8106],[142.6901,44.8147],[142.6833,44.8212],[142.6805,44.8289],[142.6737,44.8348],[142.6629,44.8381],[142.6586,44.8409],[142.6559,44.849],[142.6473,44.8597],[142.6452,44.8664],[142.6402,44.8734],[142.6341,44.8765],[142.635,44.8832],[142.6313,44.8882],[142.6226,44.889],[142.6095,44.8969],[142.6006,44.9047],[142.5839,44.9234],[142.5874,44.9301],[142.5865,44.9357],[142.5892,44.9383],[142.5792,44.9488],[142.5787,44.9565],[142.5821,44.9592],[142.565,44.9697],[142.5626,44.9769],[142.5502,44.9851],[142.5439,44.9865],[142.5439,44.9898],[142.5391,44.9916],[142.5359,45.0005],[142.5396,45.0042],[142.5356,45.007],[142.5312,45.0131],[142.5322,45.0167],[142.532,45.0284],[142.5234,45.0292],[142.5183,45.0322],[142.5176,45.035],[142.5071,45.0408],[142.5075,45.0435],[142.4964,45.04],[142.4911,45.0354],[142.4914,45.0314],[142.4967,45.0166],[142.5009,45.0132],[142.5012,45.0087],[142.4981,45.0047],[142.492,45.0015],[142.4812,44.9913],[142.4745,44.9868],[142.4687,44.9859],[142.4553,44.9877],[142.4492,44.9867],[142.4373,44.9804],[142.4268,44.9715],[142.4285,44.9623],[142.4322,44.9564],[142.4384,44.9427],[142.4393,44.9363],[142.4376,44.927],[142.4314,44.9152],[142.4184,44.8952],[142.4145,44.8822],[142.4128,44.8731],[142.4107,44.8691],[142.4047,44.8648],[142.3914,44.862],[142.378,44.8632],[142.372,44.8629],[142.3664,44.8597],[142.3573,44.8482],[142.3483,44.8405],[142.3426,44.8294],[142.3316,44.824],[142.3282,44.8201],[142.3268,44.8141],[142.3274,44.8061],[142.3328,44.7948],[142.3338,44.7842],[142.3326,44.7708],[142.3343,44.7663],[142.3327,44.7581],[142.3294,44.7489],[142.3311,44.7403],[142.3358,44.7354],[142.3404,44.7281],[142.3443,44.717],[142.3514,44.7076],[142.3571,44.7038],[142.3712,44.7011],[142.3852,44.7002],[142.4052,44.6971],[142.4102,44.6958],[142.4318,44.6788],[142.4369,44.672],[142.4356,44.6656],[142.4299,44.6609],[142.4254,44.6596],[142.4224,44.648],[142.4242,44.6427],[142.4314,44.6331],[142.4415,44.6255],[142.4559,44.6133],[142.4639,44.611],[142.4832,44.6111],[142.4891,44.6094],[142.4915,44.6064],[142.4982,44.593],[142.5146,44.5764],[142.518,44.5746],[142.5309,44.5782],[142.538,44.5873],[142.5434,44.5989],[142.5516,44.6062],[142.5612,44.6062],[142.5737,44.6106],[142.5779,44.6101],[142.5813,44.6058],[142.5828,44.5967],[142.5869,44.5938],[142.5985,44.5896],[142.621,44.5899],[142.6315,44.5889],[142.6583,44.5884],[142.6675,44.5874],[142.6749,44.5905]]]}},{"type":"Feature","properties":{"id":1027},"geometry":{"type":"Polygon","coordinates":[[[142.1281,43.6367],[142.1507,43.6406],[142.184,43.6404],[142.1989,43.6391],[142.2102,43.6395],[142.2325,43.6431],[142.25,43.6477],[142.257,43.6513],[142.249,43.6528],[142.2376,43.6522],[142.2282,43.6475],[142.2228,43.6475],[142.2148,43.6529],[142.2094,43.6587],[142.2003,43.672],[142.1981,43.6763],[142.1964,43.6851],[142.1973,43.6959],[142.197,43.7118],[142.1958,43.724],[142.199,43.7288],[142.2101,43.7367],[142.2158,43.7506],[142.2181,43.7544],[142.2412,43.7775],[142.2476,43.7906],[142.2524,43.7987],[142.2534,43.8067],[142.2511,43.8129],[142.2399,43.8242],[142.2347,43.8337],[142.2341,43.8408],[142.2373,43.8532],[142.2338,43.8618],[142.2287,43.8653],[142.2172,43.8674],[142.2066,43.8709],[142.1958,43.8723],[142.1852,43.8773],[142.1827,43.8811],[142.1803,43.8902],[142.1775,43.8958],[142.1682,43.8991],[142.1604,43.9065],[142.1565,43.912],[142.1454,43.9238],[142.1369,43.9377],[142.131,43.953],[142.1273,43.9587],[142.126,43.9637],[142.1261,43.9758],[142.1164,43.9925],[142.1109,44.0072],[142.1071,44.0223],[142.1097,44.0291],[142.115,44.0344],[142.1126,44.0408],[142.1057,44.0435],[142.0902,44.0434],[142.0758,44.0398],[142.0741,44.0257],[142.0715,44.0164],[142.0598,44.0082],[142.0535,43.9999],[142.0433,43.9804],[142.0424,43.9751],[142.0433,43.9636],[142.0419,43.9515],[142.0383,43.9447],[142.0381,43.9393],[142.0439,43.9293],[142.0485,43.9176],[142.053,43.9121],[142.0735,43.8982],[142.0786,43.8942],[142.094,43.8742],[142.0982,43.866],[142.0987,43.8605],[142.0927,43.8472],[142.0854,43.8412],[142.0689,43.8379],[142.0626,43.8338],[142.0553,43.8264],[142.0483,43.8213],[142.0337,43.8167],[142.0314,43.8135],[142.0306,43.8051],[142.0278,43.7997],[142.0242,43.7972],[142.0236,43.7762],[142.0191,43.7595],[142.0138,43.7528],[142.0097,43.7516],[141.9792,43.7493],[141.9924,43.7231],[141.9971,43.7095],[142.0031,43.6966],[142.0043,43.6912],[142.0016,43.6842],[141.9941,43.6774],[141.9817,43.6703],[141.9916,43.6629],[142.0166,43.6515],[142.0238,43.6444],[142.0285,43.6417],[142.0416,43.6401],[142.0521,43.6374],[142.0769,43.6344],[142.0892,43.6295],[142.1026,43.6421],[142.1085,43.645],[142.1128,43.645],[142.1216,43.6413],[142.1281,43.6367]]]}},{"type":"Feature","properties":{"id":1028},"geometry":{"type":"Polygon","coordinates":[[[140.4099,41.5202],[140.4057,41.528],[140.4,41.5357],[140.3957,41.5439],[140.3875,41.5491],[140.3799,41.5474],[140.3661,41.537],[140.3598,41.5343],[140.3465,41.5321],[140.3304,41.5315],[140.3253,41.5327],[140.3223,41.5371],[140.3237,41.5483],[140.3232,41.5535],[140.3155,41.5745],[140.3129,41.5789],[140.3032,41.5899],[140.2997,41.591],[140.2935,41.5896],[140.2753,41.5781],[140.2686,41.5778],[140.2576,41.5816],[140.2439,41.585],[140.2361,41.5912],[140.2273,41.5954],[140.2225,41.5994],[140.2153,41.6081],[140.2165,41.6213],[140.2125,41.6336],[140.2066,41.6279],[140.2031,41.6227],[140.1998,41.6148],[140.1971,41.6024],[140.1935,41.5975],[140.1827,41.5906],[140.165,41.5842],[140.1733,41.5673],[140.1769,41.5475],[140.1793,41.5403],[140.1789,41.5359],[140.1735,41.528],[140.1722,41.5164],[140.1742,41.5046],[140.177,41.4989],[140.1831,41.4924],[140.1865,41.486],[140.1879,41.4794],[140.1944,41.4684],[140.1953,41.4633],[140.1953,41.4476],[140.1962,41.4422],[140.1987,41.4386],[140.2041,41.4353],[140.2068,41.4303],[140.2084,41.4209],[140.214,41.4087],[140.2171,41.4128],[140.2171,41.4179],[140.2199,41.4198],[140.2238,41.4292],[140.2387,41.4439],[140.2393,41.4501],[140.2452,41.4551],[140.2462,41.4625],[140.2544,41.4649],[140.2578,41.4683],[140.2574,41.4772],[140.2599,41.4811],[140.2645,41.4835],[140.2737,41.4855],[140.294,41.4913],[140.2992,41.4907],[140.3087,41.4928],[140.3119,41.4962],[140.3279,41.5015],[140.3315,41.5051],[140.3377,41.5071],[140.3449,41.505],[140.3496,41.5065],[140.3529,41.5116],[140.3628,41.5156],[140.3764,41.5158],[140.3849,41.5145],[140.3972,41.5176],[140.4034,41.518],[140.4084,41.5163],[140.4099,41.5202]]]}},{"type":"Feature","properties":{"id":1029},"geometry":{"type":"Polygon","coordinates":[[[142.2948,43.2426],[142.3132,43.2332],[142.3268,43.222],[142.3314,43.2173],[142.3368,43.2093],[142.3406,43.1997],[142.342,43.1825],[142.3438,43.1762],[142.3499,43.1692],[142.3619,43.1649],[142.3688,43.1647],[142.3812,43.169],[142.3904,43.1777],[142.3943,43.1847],[142.4057,43.2002],[142.4101,43.209],[142.414,43.2135],[142.4185,43.2149],[142.4323,43.215],[142.4375,43.2139],[142.4455,43.2091],[142.4534,43.2002],[142.4592,43.191],[142.4651,43.1861],[142.4728,43.1822],[142.4796,43.1802],[142.5012,43.1798],[142.5061,43.1806],[142.5123,43.1838],[142.5208,43.1918],[142.5281,43.1952],[142.5468,43.1998],[142.5524,43.2],[142.5629,43.1978],[142.5746,43.1971],[142.5864,43.1976],[142.5926,43.1994],[142.6096,43.2073],[142.6217,43.2153],[142.6306,43.2187],[142.6439,43.2209],[142.6585,43.2271],[142.6638,43.231],[142.6784,43.244],[142.6859,43.254],[142.6884,43.268],[142.6936,43.2789],[142.6948,43.287],[142.6935,43.2945],[142.6876,43.3046],[142.6767,43.3121],[142.6724,43.3167],[142.668,43.3254],[142.659,43.3394],[142.6569,43.3469],[142.6596,43.3542],[142.6666,43.3617],[142.681,43.3803],[142.6856,43.3895],[142.6853,43.3959],[142.6833,43.3999],[142.6712,43.4],[142.6631,43.3971],[142.6476,43.3933],[142.6394,43.3905],[142.6316,43.3902],[142.6125,43.395],[142.5966,43.3938],[142.5911,43.3921],[142.5807,43.3865],[142.5592,43.3738],[142.5498,43.3697],[142.5402,43.368],[142.5276,43.3689],[142.5126,43.3661],[142.4997,43.3653],[142.4771,43.3655],[142.4605,43.3668],[142.4561,43.3656],[142.4454,43.3598],[142.4405,43.3591],[142.4323,43.3608],[142.4039,43.3731],[142.3745,43.3806],[142.3587,43.382],[142.3532,43.3774],[142.3421,43.3725],[142.3178,43.3605],[142.313,43.3554],[142.3108,43.3485],[142.3107,43.3383],[142.3061,43.3292],[142.2977,43.32],[142.2932,43.3138],[142.2917,43.3077],[142.2939,43.2995],[142.3007,43.2907],[142.3025,43.2807],[142.3018,43.272],[142.2998,43.2642],[142.2978,43.251],[142.2948,43.2426]]]}},{"type":"Feature","properties":{"id":1030},"geometry":{"type":"Polygon","coordinates":[[[140.7214,43.2466],[140.7172,43.2495],[140.7098,43.2487],[140.7082,43.2524],[140.6947,43.2511],[140.6892,43.255],[140.685,43.2543],[140.6721,43.2587],[140.6672,43.2587],[140.6512,43.2617],[140.6411,43.2657],[140.6372,43.2746],[140.6452,43.2816],[140.6436,43.2865],[140.6358,43.2857],[140.6329,43.2905],[140.6274,43.2901],[140.6234,43.2816],[140.6079,43.2649],[140.6036,43.2575],[140.5995,43.2531],[140.5934,43.25],[140.5841,43.241],[140.5744,43.2356],[140.5557,43.2352],[140.5521,43.2342],[140.5425,43.2287],[140.5386,43.2251],[140.5334,43.2171],[140.5424,43.2069],[140.5458,43.1994],[140.5457,43.1955],[140.5397,43.1875],[140.5383,43.1828],[140.547,43.1627],[140.5565,43.146],[140.561,43.1399],[140.5621,43.1343],[140.5572,43.1246],[140.5579,43.1211],[140.5625,43.1163],[140.568,43.1141],[140.5821,43.1127],[140.5871,43.11],[140.5974,43.1015],[140.6012,43.0931],[140.6116,43.0871],[140.6229,43.0818],[140.6404,43.0801],[140.6475,43.0962],[140.654,43.1053],[140.6627,43.113],[140.6637,43.1174],[140.6633,43.131],[140.6599,43.1465],[140.6573,43.1552],[140.6575,43.1671],[140.661,43.1735],[140.6646,43.1764],[140.6739,43.1794],[140.6869,43.1814],[140.6942,43.1872],[140.6989,43.1924],[140.6987,43.1985],[140.6906,43.2099],[140.6893,43.2165],[140.6914,43.224],[140.6963,43.2297],[140.7054,43.2375],[140.7132,43.2458],[140.7214,43.2466]]]}},{"type":"Feature","properties":{"id":1031},"geometry":{"type":"MultiPolygon","coordinates":[[[[142.0249,44.3731],[142.0226,44.386],[142.0164,44.4028],[142.011,44.4099],[142.0037,44.4156],[141.9925,44.4268],[141.9878,44.4342],[141.9804,44.4401],[141.9625,44.4475],[141.953,44.4498],[141.9317,44.4376],[141.9115,44.4283],[141.8965,44.4243],[141.8941,44.4198],[141.8959,44.4124],[141.8942,44.4055],[141.8908,44.3991],[141.881,44.3911],[141.869,44.3873],[141.8582,44.387],[141.8418,44.3874],[141.8228,44.3916],[141.8101,44.3919],[141.8029,44.3944],[141.7983,44.3996],[141.7908,44.4116],[141.7855,44.4171],[141.7719,44.4251],[141.7479,44.4348],[141.7433,44.4258],[141.738,44.4178],[141.7261,44.4052],[141.7147,44.3973],[141.7083,44.3883],[141.7067,44.3767],[141.7029,44.3708],[141.6966,44.3688],[141.6917,44.3645],[141.6872,44.3571],[141.6862,44.3528],[141.6816,44.3432],[141.7024,44.3385],[141.7163,44.3314],[141.7236,44.3287],[141.7321,44.3223],[141.7365,44.3132],[141.7414,44.3074],[141.7531,44.2994],[141.7639,44.2959],[141.7734,44.2912],[141.7835,44.2834],[141.7884,44.2807],[141.8002,44.2767],[141.8168,44.2733],[141.8248,44.27],[141.8368,44.2687],[141.8539,44.2692],[141.8615,44.268],[141.8727,44.2643],[141.8837,44.2624],[141.9042,44.2539],[141.9199,44.2487],[141.9376,44.2444],[141.9426,44.2417],[141.9635,44.2257],[141.9813,44.2193],[141.9899,44.2153],[141.9974,44.21],[142.0094,44.2065],[142.0218,44.2072],[142.03,44.2102],[142.0385,44.2154],[142.0451,44.2235],[142.0501,44.2271],[142.0668,44.2261],[142.0758,44.2318],[142.0773,44.2404],[142.0752,44.2449],[142.0667,44.253],[142.0578,44.2572],[142.0539,44.2602],[142.0509,44.2653],[142.0499,44.2724],[142.0528,44.2781],[142.0599,44.2828],[142.0666,44.286],[142.0712,44.2902],[142.0737,44.2994],[142.0745,44.3234],[142.0708,44.3335],[142.0537,44.341],[142.0495,44.3446],[142.0387,44.3507],[142.0329,44.3558],[142.0276,44.3648],[142.0249,44.3731]]],[[[141.3267,44.4423],[141.321,44.4404],[141.3175,44.4365],[141.3094,44.4308],[141.3076,44.4276],[141.2947,44.4223],[141.2927,44.4198],[141.2925,44.4138],[141.2958,44.4128],[141.3057,44.4144],[141.3143,44.4144],[141.3189,44.416],[141.3268,44.4213],[141.3284,44.4245],[141.3353,44.4305],[141.3324,44.4363],[141.3283,44.4381],[141.3267,44.4423]]],[[[141.4268,44.4454],[141.4251,44.4473],[141.4086,44.4445],[141.4048,44.4415],[141.3953,44.4423],[141.3861,44.4385],[141.3815,44.4351],[141.3842,44.4301],[141.3942,44.4309],[141.419,44.4277],[141.4246,44.4276],[141.429,44.4319],[141.4268,44.4454]]]]}},{"type":"Feature","properties":{"id":1032},"geometry":{"type":"Polygon","coordinates":[[[140.703,41.8479],[140.706,41.8409],[140.7141,41.8303],[140.7213,41.8254],[140.7243,41.8184],[140.7246,41.8058],[140.7315,41.7944],[140.7333,41.7851],[140.7315,41.7788],[140.7283,41.7753],[140.7237,41.7735],[140.7134,41.7676],[140.711,41.7705],[140.7113,41.7746],[140.7032,41.7781],[140.7025,41.7757],[140.6923,41.7646],[140.6933,41.7538],[140.6987,41.748],[140.7014,41.7404],[140.7052,41.7398],[140.7154,41.7441],[140.7225,41.7452],[140.7195,41.7507],[140.7235,41.7548],[140.7236,41.7581],[140.7294,41.7633],[140.7375,41.7683],[140.7592,41.7725],[140.7611,41.7736],[140.7753,41.7749],[140.7897,41.7733],[140.7974,41.7715],[140.8077,41.7677],[140.816,41.7663],[140.8201,41.7635],[140.8367,41.7596],[140.8411,41.7608],[140.8507,41.7592],[140.8531,41.7601],[140.8618,41.7588],[140.8745,41.7519],[140.8819,41.7527],[140.9032,41.7466],[140.9247,41.7395],[140.9338,41.7352],[140.9428,41.7292],[140.9501,41.7211],[140.9505,41.7153],[140.9619,41.7101],[140.9678,41.7095],[140.9786,41.7138],[140.9823,41.7138],[140.9935,41.7175],[140.9977,41.7141],[141.0069,41.7156],[141.0119,41.7208],[141.0214,41.7222],[141.0281,41.7175],[141.0303,41.7225],[141.0358,41.7275],[141.0431,41.7275],[141.0453,41.7258],[141.0519,41.7258],[141.0525,41.7347],[141.0594,41.7356],[141.0744,41.7411],[141.0775,41.7514],[141.0806,41.7581],[141.0922,41.7631],[141.0964,41.7739],[141.1039,41.7814],[141.1147,41.7875],[141.1297,41.7886],[141.1344,41.7847],[141.1561,41.7842],[141.1628,41.7894],[141.165,41.7936],[141.1747,41.7958],[141.1778,41.7986],[141.1862,41.8022],[141.1853,41.8058],[141.1875,41.8094],[141.1833,41.8122],[141.1825,41.8165],[141.1778,41.8206],[141.172,41.8194],[141.1633,41.8217],[141.157,41.8272],[141.1472,41.83],[141.1442,41.8364],[141.1436,41.8469],[141.1492,41.8497],[141.15,41.8531],[141.1453,41.8564],[141.1339,41.8581],[141.1277,41.8604],[141.1128,41.8721],[141.0906,41.8797],[141.0858,41.8806],[141.0767,41.8862],[141.0711,41.8881],[141.0592,41.89],[141.0564,41.8894],[141.0466,41.8934],[141.0431,41.8931],[141.0339,41.895],[141.0231,41.8911],[141.0169,41.8936],[141.0117,41.8933],[141.0072,41.8967],[140.9966,41.8992],[140.9909,41.903],[140.9874,41.9032],[140.9733,41.9089],[140.9638,41.9144],[140.961,41.9148],[140.9528,41.9239],[140.9495,41.9344],[140.9421,41.9343],[140.9372,41.9371],[140.9308,41.9495],[140.9317,41.9523],[140.9282,41.9592],[140.9229,41.962],[140.9177,41.9684],[140.9155,41.9687],[140.91,41.9751],[140.9089,41.9825],[140.9045,41.9871],[140.8871,42.0003],[140.8813,42.0003],[140.8753,42.0072],[140.8681,42.0071],[140.8658,42.0086],[140.8528,41.9926],[140.8497,41.9871],[140.848,41.9809],[140.847,41.9652],[140.8451,41.9603],[140.8393,41.9539],[140.8223,41.9456],[140.8147,41.9375],[140.8092,41.9338],[140.7962,41.929],[140.7932,41.9227],[140.7884,41.9056],[140.7845,41.9003],[140.7737,41.882],[140.7709,41.8787],[140.763,41.8759],[140.7578,41.8726],[140.7496,41.8645],[140.742,41.8619],[140.73,41.8541],[140.7147,41.8486],[140.703,41.8479]]]}},{"type":"Feature","properties":{"id":1033},"geometry":{"type":"MultiPolygon","coordinates":[[[[145.1134,43.0527],[145.1066,43.0532],[145.097,43.0509],[145.095,43.0461],[145.0992,43.0447],[145.1014,43.0478],[145.1056,43.0469],[145.1144,43.0489],[145.1134,43.0527]]],[[[144.9155,43.2478],[144.9144,43.2426],[144.9153,43.2372],[144.924,43.2256],[144.9284,43.2173],[144.9362,43.2051],[144.9381,43.1996],[144.9374,43.1914],[144.9308,43.1782],[144.9294,43.1713],[144.9308,43.1645],[144.9282,43.1553],[144.929,43.1517],[144.9343,43.1486],[144.9449,43.1459],[144.9523,43.1429],[144.959,43.1388],[144.9697,43.1363],[144.9839,43.1361],[144.9885,43.1351],[144.9942,43.1313],[144.9987,43.1263],[144.9997,43.1178],[144.9935,43.1111],[144.9911,43.1052],[144.9948,43.0943],[144.9959,43.0863],[144.9934,43.0799],[144.9863,43.0746],[144.975,43.0628],[144.9753,43.0557],[144.9784,43.05],[144.9883,43.0358],[144.9912,43.0302],[145.001,43.0158],[145.0045,43.0149],[145.0111,43.0219],[145.0306,43.0225],[145.0297,43.0275],[145.025,43.0308],[145.0147,43.035],[145.0145,43.0372],[145.0068,43.043],[145.0078,43.0464],[145.0014,43.0478],[144.9917,43.0521],[144.9865,43.0507],[144.9884,43.0582],[144.9918,43.0554],[144.9959,43.0567],[144.9988,43.0532],[145.0069,43.0544],[145.0117,43.0567],[145.019,43.0539],[145.0179,43.0461],[145.0242,43.0475],[145.0274,43.0442],[145.0201,43.0373],[145.0252,43.0353],[145.0305,43.0292],[145.0389,43.0303],[145.0497,43.0303],[145.0522,43.0339],[145.0597,43.0394],[145.0681,43.0419],[145.0804,43.0425],[145.0871,43.0447],[145.0882,43.0511],[145.0834,43.053],[145.0819,43.0561],[145.0739,43.0556],[145.074,43.0504],[145.0663,43.0479],[145.0614,43.0489],[145.0481,43.0475],[145.0569,43.0528],[145.0647,43.0489],[145.0711,43.05],[145.0683,43.0553],[145.0686,43.0586],[145.0753,43.0586],[145.0739,43.0725],[145.0681,43.0767],[145.0764,43.0767],[145.0789,43.0644],[145.0775,43.0631],[145.0849,43.0546],[145.0903,43.0561],[145.0883,43.0619],[145.0906,43.0692],[145.0978,43.0758],[145.1075,43.0794],[145.1225,43.0781],[145.128,43.0766],[145.1297,43.072],[145.1261,43.0681],[145.15,43.0694],[145.149,43.0726],[145.1531,43.0764],[145.1658,43.0792],[145.1643,43.0833],[145.1595,43.0849],[145.1522,43.084],[145.1447,43.0815],[145.1361,43.0811],[145.1333,43.0825],[145.1278,43.0803],[145.1211,43.08],[145.1172,43.0817],[145.1133,43.0886],[145.11,43.0972],[145.11,43.1108],[145.1136,43.1222],[145.1222,43.1322],[145.1275,43.1344],[145.1311,43.1339],[145.1347,43.1375],[145.1447,43.1439],[145.1564,43.1463],[145.1694,43.15],[145.1782,43.148],[145.1788,43.1441],[145.1838,43.1428],[145.1835,43.14],[145.195,43.1364],[145.2089,43.1367],[145.2233,43.1408],[145.2356,43.1486],[145.2428,43.1561],[145.25,43.1594],[145.265,43.1631],[145.2731,43.1661],[145.2933,43.1719],[145.2974,43.1721],[145.3,43.1684],[145.3064,43.1714],[145.3121,43.1676],[145.3169,43.1699],[145.3206,43.1772],[145.3175,43.1853],[145.3086,43.1982],[145.3047,43.2015],[145.29,43.2072],[145.2834,43.2089],[145.2753,43.2133],[145.2675,43.22],[145.261,43.2231],[145.2565,43.2236],[145.2436,43.2192],[145.2341,43.2124],[145.2266,43.21],[145.2203,43.2142],[145.2121,43.2309],[145.2053,43.2381],[145.203,43.2467],[145.1968,43.2527],[145.1833,43.2585],[145.1787,43.259],[145.1626,43.2574],[145.1565,43.2536],[145.1464,43.2443],[145.1329,43.2375],[145.1247,43.2355],[145.108,43.2362],[145.0972,43.2354],[145.0867,43.2356],[145.0756,43.2369],[145.0655,43.2419],[145.0585,43.2424],[145.0539,43.2407],[145.0481,43.2363],[145.0358,43.2225],[145.0298,43.2184],[145.0191,43.2155],[145.0126,43.2171],[145.0018,43.2229],[144.9958,43.2276],[144.9874,43.231],[144.9639,43.2364],[144.9576,43.2396],[144.9456,43.2483],[144.9406,43.2492],[144.9221,43.2488],[144.9155,43.2478]]]]}},{"type":"Feature","properties":{"id":1034},"geometry":{"type":"Polygon","coordinates":[[[142.5075,45.0435],[142.5043,45.0445],[142.4988,45.053],[142.5027,45.0575],[142.5018,45.0603],[142.4861,45.0597],[142.4805,45.0625],[142.465,45.0751],[142.4583,45.0816],[142.44,45.0966],[142.4279,45.104],[142.4093,45.1187],[142.3869,45.1375],[142.3761,45.1476],[142.3626,45.1587],[142.3494,45.1705],[142.3433,45.1639],[142.3351,45.1587],[142.326,45.157],[142.319,45.1592],[142.2858,45.1751],[142.2788,45.1774],[142.2608,45.1846],[142.2533,45.184],[142.2397,45.1733],[142.2314,45.1703],[142.215,45.1689],[142.2048,45.1647],[142.2,45.1617],[142.1953,45.1561],[142.1933,45.1484],[142.1932,45.1398],[142.1891,45.1346],[142.1783,45.1363],[142.1762,45.1314],[142.1783,45.1253],[142.1813,45.1221],[142.1917,45.1151],[142.1953,45.1116],[142.199,45.0968],[142.2045,45.0858],[142.2033,45.0771],[142.1977,45.0687],[142.1939,45.0583],[142.1888,45.0522],[142.1841,45.049],[142.1747,45.046],[142.1719,45.0415],[142.1723,45.0346],[142.1778,45.0276],[142.1787,45.0232],[142.1753,45.0178],[142.1705,45.0152],[142.1674,45.0104],[142.1669,44.9983],[142.1747,44.9879],[142.1771,44.9824],[142.1777,44.9723],[142.1765,44.9611],[142.1877,44.9632],[142.1982,44.9704],[142.2051,44.9706],[142.2064,44.9654],[142.2128,44.9646],[142.2179,44.9675],[142.2253,44.9753],[142.233,44.9848],[142.2397,44.9879],[142.2527,44.9894],[142.2602,44.9938],[142.2677,45.0035],[142.2835,45.0121],[142.292,45.0177],[142.3021,45.0191],[142.3109,45.0189],[142.3204,45.0168],[142.3262,45.0134],[142.3363,45.0104],[142.342,45.0069],[142.3446,45.0034],[142.3503,45.0031],[142.3539,45.0052],[142.3707,45.0052],[142.3801,45.0015],[142.4001,45.0015],[142.4036,44.9984],[142.4046,44.9917],[142.4131,44.9798],[142.4268,44.9715],[142.4373,44.9804],[142.4492,44.9867],[142.4553,44.9877],[142.4687,44.9859],[142.4745,44.9868],[142.4812,44.9913],[142.492,45.0015],[142.4981,45.0047],[142.5012,45.0087],[142.5009,45.0132],[142.4967,45.0166],[142.4914,45.0314],[142.4911,45.0354],[142.4964,45.04],[142.5075,45.0435]]]}},{"type":"Feature","properties":{"id":1035},"geometry":{"type":"MultiPolygon","coordinates":[[[[142.4922,42.6308],[142.4839,42.6225],[142.4785,42.6195],[142.4733,42.6188],[142.4601,42.6202],[142.4548,42.6174],[142.4522,42.619],[142.4514,42.6253],[142.446,42.6273],[142.4395,42.6277],[142.421,42.6227],[142.3977,42.6219],[142.3796,42.6184],[142.3672,42.6174],[142.3514,42.6173],[142.3351,42.6211],[142.328,42.6212],[142.3225,42.6154],[142.3168,42.617],[142.3119,42.6326],[142.312,42.6381],[142.307,42.6415],[142.3019,42.6363],[142.2892,42.6269],[142.2813,42.6235],[142.2771,42.6237],[142.266,42.6287],[142.261,42.6286],[142.257,42.6248],[142.2479,42.621],[142.2371,42.6226],[142.2267,42.6132],[142.2188,42.6039],[142.2098,42.5978],[142.2024,42.5943],[142.1933,42.5879],[142.1855,42.5739],[142.1784,42.5664],[142.168,42.5601],[142.158,42.5554],[142.1461,42.548],[142.1262,42.5321],[142.1185,42.5282],[142.108,42.5258],[142.097,42.5277],[142.0855,42.5351],[142.0781,42.5388],[142.0713,42.5398],[142.0642,42.5382],[142.0603,42.5357],[142.0521,42.538],[142.0479,42.5433],[142.0387,42.5459],[142.033,42.5508],[142.0348,42.5526],[142.029,42.5509],[142.0147,42.5446],[142.0075,42.5428],[141.9981,42.5421],[141.9908,42.54],[141.9835,42.5343],[141.9736,42.523],[141.9815,42.5158],[142.0005,42.5086],[142.0033,42.5053],[142.0103,42.5021],[142.0227,42.5097],[142.0142,42.4997],[142.0188,42.4925],[142.0241,42.4899],[142.0283,42.4841],[142.0328,42.4833],[142.0383,42.4847],[142.0564,42.4794],[142.0714,42.4778],[142.0761,42.4714],[142.0875,42.47],[142.0889,42.4708],[142.1022,42.4689],[142.1125,42.4692],[142.1156,42.4681],[142.1334,42.4674],[142.1536,42.4636],[142.1619,42.4604],[142.1689,42.4589],[142.1783,42.454],[142.1908,42.4492],[142.2023,42.4418],[142.2063,42.438],[142.2083,42.432],[142.2216,42.4239],[142.2236,42.4212],[142.2292,42.4224],[142.2362,42.4221],[142.2504,42.4272],[142.2588,42.428],[142.2736,42.4361],[142.2802,42.4425],[142.2909,42.4552],[142.2962,42.4602],[142.3029,42.4691],[142.3032,42.4767],[142.3074,42.4869],[142.31,42.4978],[142.3134,42.5052],[142.3178,42.5104],[142.33,42.5202],[142.3365,42.5291],[142.344,42.544],[142.3474,42.5484],[142.352,42.5507],[142.3568,42.5478],[142.362,42.5503],[142.3682,42.5465],[142.3774,42.5438],[142.3835,42.5441],[142.3895,42.5463],[142.3964,42.5517],[142.4159,42.5642],[142.4239,42.5672],[142.4368,42.568],[142.4556,42.575],[142.4635,42.5784],[142.4703,42.5797],[142.4738,42.5822],[142.4741,42.5899],[142.4794,42.5937],[142.4863,42.5952],[142.4923,42.6],[142.5005,42.6042],[142.5028,42.6102],[142.5009,42.616],[142.4922,42.6308]]],[[[142.3946,42.8887],[142.3904,42.8843],[142.3889,42.88],[142.3904,42.876],[142.3952,42.8735],[142.4012,42.8624],[142.4126,42.8544],[142.4141,42.8445],[142.4095,42.8332],[142.4059,42.8182],[142.3962,42.7954],[142.4089,42.7946],[142.4244,42.7948],[142.4323,42.7939],[142.4475,42.7891],[142.4664,42.7819],[142.4857,42.7792],[142.5029,42.7792],[142.5122,42.7813],[142.5191,42.785],[142.524,42.7901],[142.5297,42.7998],[142.5334,42.804],[142.5404,42.8086],[142.5529,42.8143],[142.5645,42.8181],[142.5823,42.8181],[142.5872,42.8144],[142.5868,42.8072],[142.5927,42.7982],[142.6007,42.8005],[142.6095,42.7946],[142.6306,42.7841],[142.6383,42.781],[142.653,42.7769],[142.6573,42.7731],[142.6646,42.7622],[142.6709,42.7579],[142.6811,42.7561],[142.7031,42.7564],[142.7116,42.7688],[142.7202,42.776],[142.7307,42.7805],[142.7396,42.7818],[142.7375,42.7919],[142.7417,42.8008],[142.7433,42.8097],[142.75,42.8262],[142.7523,42.8363],[142.7557,42.8449],[142.7642,42.8537],[142.7694,42.8565],[142.7799,42.8599],[142.7918,42.8622],[142.8016,42.8679],[142.8038,42.8755],[142.8003,42.8803],[142.7914,42.8874],[142.7831,42.9025],[142.7838,42.9086],[142.7978,42.9311],[142.7997,42.9362],[142.7975,42.9451],[142.789,42.9534],[142.7812,42.9654],[142.7785,42.9745],[142.78,42.9796],[142.7849,42.9894],[142.7847,42.9944],[142.7814,42.9988],[142.7738,43.0057],[142.7702,43.0109],[142.7626,43.0161],[142.7553,43.0163],[142.7505,43.0135],[142.7418,43.0054],[142.733,43.0002],[142.7222,42.9965],[142.7083,42.9947],[142.6938,42.9891],[142.666,42.9895],[142.6559,42.9887],[142.65,42.9866],[142.6379,42.98],[142.6211,42.9733],[142.616,42.9695],[142.605,42.9558],[142.6014,42.9494],[142.5976,42.9384],[142.5887,42.9292],[142.581,42.9247],[142.5734,42.919],[142.5669,42.9165],[142.5572,42.9174],[142.541,42.926],[142.5345,42.927],[142.5117,42.9269],[142.5048,42.9261],[142.4918,42.9215],[142.4798,42.9201],[142.4694,42.9164],[142.4641,42.9162],[142.4547,42.9211],[142.4415,42.9333],[142.4292,42.9391],[142.4207,42.9381],[142.4193,42.9323],[142.424,42.9267],[142.4226,42.9184],[142.418,42.9093],[142.4057,42.8969],[142.3946,42.8887]]]]}},{"type":"Feature","properties":{"id":1036},"geometry":{"type":"Polygon","coordinates":[[[142.5759,43.6413],[142.5849,43.6395],[142.6012,43.6378],[142.6078,43.6342],[142.6134,43.6327],[142.6208,43.6328],[142.6321,43.6346],[142.6205,43.6445],[142.6146,43.6471],[142.5977,43.6521],[142.5716,43.6646],[142.5498,43.6787],[142.5396,43.6841],[142.5323,43.6893],[142.4961,43.7051],[142.4733,43.7098],[142.4644,43.7121],[142.4443,43.7222],[142.4348,43.7279],[142.4245,43.7299],[142.4175,43.7265],[142.4146,43.72],[142.418,43.7094],[142.428,43.694],[142.4311,43.6904],[142.4389,43.685],[142.4502,43.68],[142.4689,43.669],[142.4911,43.6544],[142.5038,43.6475],[142.5219,43.6419],[142.5397,43.6412],[142.5474,43.6437],[142.5578,43.6448],[142.5741,43.6431],[142.5759,43.6413]]]}},{"type":"Feature","properties":{"id":1037},"geometry":{"type":"Polygon","coordinates":[[[142.4961,43.7051],[142.5323,43.6893],[142.5396,43.6841],[142.5498,43.6787],[142.5716,43.6646],[142.5977,43.6521],[142.6146,43.6471],[142.6205,43.6445],[142.6321,43.6346],[142.6337,43.6291],[142.638,43.6262],[142.6441,43.626],[142.6543,43.6279],[142.6678,43.6277],[142.6961,43.6307],[142.7141,43.6309],[142.722,43.6302],[142.7391,43.6264],[142.7518,43.6246],[142.7742,43.6233],[142.7841,43.6219],[142.7977,43.6235],[142.816,43.6245],[142.8391,43.6272],[142.8555,43.6257],[142.8631,43.6263],[142.8905,43.6341],[142.8974,43.6388],[142.9022,43.6439],[142.9118,43.658],[142.9201,43.6673],[142.9136,43.6725],[142.9034,43.6756],[142.8988,43.6785],[142.8968,43.6838],[142.8984,43.6926],[142.8976,43.6966],[142.8942,43.7003],[142.8892,43.7023],[142.8826,43.702],[142.8654,43.6936],[142.8551,43.6922],[142.8465,43.6933],[142.8347,43.6982],[142.822,43.7022],[142.8126,43.703],[142.7976,43.7018],[142.7849,43.6981],[142.7699,43.6909],[142.7613,43.6881],[142.7259,43.6849],[142.7124,43.6858],[142.688,43.6961],[142.667,43.703],[142.6499,43.7136],[142.6391,43.7188],[142.632,43.7201],[142.615,43.7203],[142.604,43.7217],[142.592,43.726],[142.5769,43.7282],[142.5692,43.7312],[142.5577,43.7385],[142.5452,43.7441],[142.5308,43.748],[142.5137,43.7489],[142.5065,43.7475],[142.4984,43.7403],[142.4964,43.734],[142.4944,43.719],[142.4961,43.7051]]]}},{"type":"Feature","properties":{"id":1038},"geometry":{"type":"Polygon","coordinates":[[[143.3229,42.1553],[143.3244,42.1616],[143.3289,42.1653],[143.3293,42.1708],[143.3344,42.1783],[143.3333,42.1814],[143.3358,42.1902],[143.3328,42.1939],[143.3358,42.1975],[143.3351,42.2026],[143.3247,42.2061],[143.3197,42.2111],[143.3189,42.215],[143.3199,42.2235],[143.3152,42.2273],[143.315,42.2352],[143.3081,42.2438],[143.3103,42.2525],[143.3089,42.2583],[143.3144,42.2672],[143.3139,42.27],[143.3172,42.2781],[143.3215,42.2846],[143.3192,42.2903],[143.3237,42.3093],[143.3283,42.3128],[143.3331,42.3208],[143.3333,42.3244],[143.3389,42.3356],[143.3447,42.345],[143.3531,42.3564],[143.3569,42.365],[143.3628,42.3736],[143.3639,42.3786],[143.3731,42.3906],[143.3755,42.3958],[143.3888,42.4147],[143.3844,42.4189],[143.3754,42.4247],[143.3651,42.4328],[143.3605,42.4328],[143.353,42.4305],[143.3478,42.4306],[143.3395,42.4333],[143.3305,42.4376],[143.3152,42.442],[143.3067,42.4436],[143.2974,42.444],[143.2565,42.4439],[143.2458,42.4429],[143.2369,42.4395],[143.2248,42.4382],[143.2145,42.4389],[143.204,42.4359],[143.1973,42.43],[143.1871,42.4265],[143.1698,42.4258],[143.1564,42.4216],[143.1445,42.4199],[143.1328,42.4162],[143.1261,42.4169],[143.116,42.42],[143.0994,42.4217],[143.0868,42.4211],[143.0749,42.4236],[143.0702,42.4234],[143.0594,42.4174],[143.0464,42.4131],[143.0431,42.4095],[143.0416,42.3945],[143.0347,42.3918],[143.0257,42.3827],[143.0202,42.3796],[143.0072,42.3746],[143.0141,42.3607],[143.0195,42.3543],[143.026,42.3511],[143.0336,42.3435],[143.0378,42.3367],[143.0444,42.3315],[143.0518,42.3295],[143.0572,42.3244],[143.0612,42.3166],[143.0649,42.3117],[143.0753,42.306],[143.0793,42.3014],[143.086,42.2897],[143.0914,42.2855],[143.1105,42.2802],[143.1171,42.2744],[143.1203,42.2656],[143.1211,42.2566],[143.1389,42.2542],[143.147,42.2511],[143.154,42.2443],[143.1622,42.2286],[143.1654,42.2251],[143.1713,42.2228],[143.1785,42.2229],[143.184,42.2215],[143.1904,42.2148],[143.1968,42.2005],[143.1986,42.1865],[143.2133,42.1791],[143.2222,42.1769],[143.2345,42.1771],[143.2433,42.1754],[143.2527,42.1686],[143.255,42.162],[143.2598,42.1612],[143.2652,42.1635],[143.2729,42.1608],[143.2812,42.1605],[143.2915,42.1637],[143.2986,42.1639],[143.3156,42.1596],[143.3229,42.1553]]]}},{"type":"Feature","properties":{"id":1039},"geometry":{"type":"Polygon","coordinates":[[[141.9071,43.7656],[141.8917,43.7754],[141.8881,43.7793],[141.8865,43.7877],[141.8861,43.8028],[141.887,43.818],[141.8861,43.8253],[141.8792,43.836],[141.8651,43.8503],[141.8537,43.8452],[141.8413,43.8409],[141.8265,43.8378],[141.8212,43.8353],[141.8158,43.8276],[141.814,43.815],[141.8097,43.806],[141.8056,43.8019],[141.7962,43.7989],[141.7932,43.7947],[141.7861,43.789],[141.7823,43.7821],[141.7806,43.7716],[141.7817,43.7656],[141.7795,43.7619],[141.7734,43.7629],[141.7712,43.7656],[141.7641,43.7691],[141.7585,43.7744],[141.7526,43.7884],[141.7496,43.7928],[141.7393,43.7984],[141.7283,43.7994],[141.7072,43.7925],[141.7093,43.7798],[141.7127,43.7707],[141.7134,43.7639],[141.7118,43.7573],[141.7086,43.7533],[141.6973,43.7531],[141.6902,43.7546],[141.6826,43.7579],[141.6685,43.7592],[141.6435,43.7588],[141.6372,43.7571],[141.6262,43.7522],[141.6138,43.7493],[141.6031,43.7446],[141.5914,43.7382],[141.5828,43.7322],[141.571,43.7258],[141.5604,43.7213],[141.5541,43.7167],[141.5482,43.7142],[141.5634,43.7077],[141.5697,43.7138],[141.5966,43.728],[141.6145,43.7328],[141.6233,43.7367],[141.6387,43.7415],[141.6473,43.7429],[141.6651,43.7394],[141.675,43.7388],[141.6835,43.7393],[141.6935,43.7423],[141.7071,43.7433],[141.7248,43.7432],[141.7402,43.7391],[141.757,43.7381],[141.7649,43.7365],[141.7982,43.7245],[141.8231,43.713],[141.829,43.7113],[141.8365,43.7123],[141.8481,43.7179],[141.8622,43.7193],[141.921,43.7187],[141.9241,43.7291],[141.9146,43.7481],[141.9099,43.756],[141.9071,43.7656]]]}},{"type":"Feature","properties":{"id":1040},"geometry":{"type":"Polygon","coordinates":[[[140.4382,41.8133],[140.4387,41.8094],[140.4451,41.7991],[140.4507,41.7948],[140.458,41.7924],[140.4707,41.7916],[140.4777,41.789],[140.4863,41.7814],[140.5025,41.7733],[140.5104,41.7681],[140.5181,41.7647],[140.5233,41.7594],[140.5296,41.7552],[140.5482,41.7511],[140.5534,41.7467],[140.5539,41.7307],[140.5511,41.7207],[140.5588,41.7237],[140.5609,41.7269],[140.5685,41.7298],[140.5786,41.7319],[140.5803,41.7361],[140.5882,41.7377],[140.5907,41.7411],[140.5951,41.74],[140.6019,41.7432],[140.6014,41.7481],[140.6063,41.7595],[140.6041,41.7623],[140.6127,41.7686],[140.6134,41.7761],[140.6207,41.7875],[140.6184,41.7945],[140.6242,41.8072],[140.636,41.8145],[140.6452,41.8182],[140.6612,41.8219],[140.6721,41.8219],[140.6867,41.8205],[140.6989,41.8169],[140.7042,41.8132],[140.71,41.8067],[140.7164,41.8067],[140.7189,41.7991],[140.7189,41.7946],[140.7231,41.7947],[140.7271,41.7897],[140.7268,41.7844],[140.7237,41.7735],[140.7283,41.7753],[140.7315,41.7788],[140.7333,41.7851],[140.7315,41.7944],[140.7246,41.8058],[140.7243,41.8184],[140.7213,41.8254],[140.7141,41.8303],[140.706,41.8409],[140.703,41.8479],[140.6919,41.8571],[140.6903,41.8664],[140.6875,41.8711],[140.6812,41.8767],[140.6775,41.8854],[140.6781,41.8922],[140.6773,41.9015],[140.6756,41.9087],[140.6731,41.9128],[140.6677,41.9157],[140.6559,41.9167],[140.6503,41.9181],[140.6321,41.9249],[140.6241,41.9286],[140.6206,41.9356],[140.6208,41.9429],[140.6196,41.9481],[140.6144,41.9547],[140.6042,41.9593],[140.5929,41.961],[140.5859,41.9644],[140.5794,41.9704],[140.5671,41.977],[140.5596,41.9781],[140.5536,41.9832],[140.5519,41.9901],[140.548,41.9946],[140.5387,41.9964],[140.5275,41.9955],[140.5173,41.9908],[140.5078,41.989],[140.4945,41.9899],[140.4837,41.9948],[140.477,41.9991],[140.4761,41.9899],[140.4739,41.9795],[140.4735,41.9626],[140.4726,41.9573],[140.4695,41.9522],[140.4584,41.9436],[140.456,41.9381],[140.4574,41.9265],[140.4598,41.9217],[140.4674,41.9163],[140.4727,41.9112],[140.4769,41.9033],[140.4773,41.8956],[140.4738,41.885],[140.4723,41.8748],[140.4692,41.8681],[140.4618,41.8611],[140.4643,41.8546],[140.4637,41.8475],[140.4598,41.8439],[140.4512,41.8415],[140.4403,41.8357],[140.437,41.8319],[140.4364,41.8278],[140.4382,41.8133]]]}},{"type":"Feature","properties":{"id":1041},"geometry":{"type":"Polygon","coordinates":[[[143.4233,43.2458],[143.413,43.2237],[143.411,43.2155],[143.41,43.2028],[143.4055,43.1875],[143.4021,43.18],[143.3994,43.162],[143.3996,43.1483],[143.4026,43.1399],[143.4084,43.1321],[143.4122,43.1291],[143.4276,43.113],[143.4337,43.1121],[143.4544,43.105],[143.4615,43.1004],[143.4693,43.0896],[143.4767,43.0815],[143.4836,43.0759],[143.4901,43.0724],[143.5023,43.0673],[143.5099,43.0658],[143.5161,43.067],[143.5249,43.0706],[143.5387,43.0706],[143.5492,43.0729],[143.5643,43.0795],[143.5761,43.0882],[143.5837,43.092],[143.5916,43.0935],[143.6116,43.1029],[143.6331,43.1172],[143.6468,43.1215],[143.6566,43.1258],[143.6678,43.1323],[143.6801,43.1376],[143.6931,43.1452],[143.7095,43.1527],[143.7227,43.1559],[143.7363,43.1606],[143.7433,43.1644],[143.7487,43.1659],[143.7613,43.1666],[143.7782,43.1652],[143.7834,43.1737],[143.7847,43.1781],[143.7845,43.1862],[143.7885,43.1936],[143.8019,43.2022],[143.7833,43.2109],[143.7748,43.2122],[143.7519,43.2119],[143.7448,43.2101],[143.7367,43.2062],[143.7291,43.2045],[143.7234,43.2053],[143.7171,43.2088],[143.7003,43.2239],[143.6914,43.2285],[143.6821,43.2301],[143.6671,43.2387],[143.6585,43.238],[143.6351,43.2252],[143.623,43.2195],[143.6024,43.209],[143.585,43.1977],[143.5788,43.1988],[143.5661,43.2142],[143.5609,43.224],[143.551,43.2355],[143.5449,43.2378],[143.5338,43.2322],[143.5266,43.2319],[143.5219,43.2332],[143.5104,43.2391],[143.5017,43.24],[143.4759,43.2397],[143.4633,43.2407],[143.4558,43.2435],[143.4442,43.2454],[143.4233,43.2458]]]}},{"type":"Feature","properties":{"id":1042},"geometry":{"type":"Polygon","coordinates":[[[142.2644,43.9477],[142.2663,43.9605],[142.2698,43.9721],[142.2701,43.977],[142.2652,43.9963],[142.2601,44.0104],[142.2559,44.0178],[142.2363,44.0307],[142.2215,44.0356],[142.2035,44.044],[142.1995,44.0477],[142.1974,44.0524],[142.1996,44.077],[142.2042,44.0912],[142.2098,44.099],[142.2166,44.1055],[142.2206,44.1117],[142.2211,44.1218],[142.2143,44.1372],[142.2062,44.1491],[142.2036,44.159],[142.2047,44.1687],[142.2043,44.1772],[142.2021,44.1862],[142.2021,44.1913],[142.2044,44.1957],[142.2169,44.2065],[142.2197,44.2101],[142.2279,44.2293],[142.2331,44.239],[142.2335,44.2468],[142.2298,44.251],[142.2221,44.2521],[142.208,44.2492],[142.2011,44.2511],[142.1994,44.2562],[142.2012,44.2632],[142.2037,44.2667],[142.2132,44.2751],[142.2174,44.2768],[142.2255,44.2774],[142.232,44.2807],[142.2368,44.2872],[142.2427,44.2914],[142.2478,44.2923],[142.2592,44.291],[142.2726,44.2821],[142.2804,44.28],[142.2925,44.2791],[142.3042,44.2748],[142.3078,44.2712],[142.315,44.2609],[142.3219,44.2582],[142.33,44.2622],[142.3345,44.2674],[142.3244,44.2798],[142.3171,44.2869],[142.309,44.2991],[142.3077,44.3054],[142.3088,44.3089],[142.3141,44.3148],[142.3228,44.321],[142.3283,44.3269],[142.338,44.3445],[142.3414,44.3551],[142.341,44.3659],[142.3418,44.3819],[142.3373,44.4004],[142.3203,44.397],[142.3081,44.3965],[142.2956,44.3986],[142.2755,44.4072],[142.2701,44.4107],[142.2643,44.4165],[142.2564,44.427],[142.2469,44.438],[142.2382,44.4461],[142.2318,44.4491],[142.211,44.4536],[142.1989,44.4645],[142.1884,44.4703],[142.1797,44.4712],[142.1526,44.4708],[142.1402,44.4725],[142.129,44.4503],[142.1248,44.4375],[142.1195,44.4306],[142.1114,44.428],[142.1025,44.4275],[142.0971,44.4259],[142.0932,44.4229],[142.0845,44.4131],[142.077,44.4083],[142.0672,44.4051],[142.0597,44.4011],[142.0508,44.3942],[142.0434,44.3905],[142.0249,44.3731],[142.0276,44.3648],[142.0329,44.3558],[142.0387,44.3507],[142.0495,44.3446],[142.0537,44.341],[142.0708,44.3335],[142.0745,44.3234],[142.0737,44.2994],[142.0712,44.2902],[142.0666,44.286],[142.0599,44.2828],[142.0528,44.2781],[142.0499,44.2724],[142.0509,44.2653],[142.0539,44.2602],[142.0578,44.2572],[142.0667,44.253],[142.0752,44.2449],[142.0773,44.2404],[142.0758,44.2318],[142.0668,44.2261],[142.0627,44.2238],[142.0629,44.207],[142.0678,44.1998],[142.0807,44.1911],[142.0916,44.186],[142.0969,44.1824],[142.0987,44.1762],[142.0948,44.1683],[142.0905,44.1626],[142.0881,44.1438],[142.0879,44.1261],[142.084,44.1158],[142.0736,44.1025],[142.0668,44.087],[142.0711,44.0837],[142.0748,44.0834],[142.0787,44.077],[142.0803,44.0683],[142.0781,44.0636],[142.0732,44.0585],[142.0725,44.0529],[142.0758,44.0398],[142.0902,44.0434],[142.1057,44.0435],[142.1126,44.0408],[142.115,44.0344],[142.1097,44.0291],[142.1071,44.0223],[142.1109,44.0072],[142.1164,43.9925],[142.1261,43.9758],[142.126,43.9637],[142.1273,43.9587],[142.131,43.953],[142.1369,43.9377],[142.1454,43.9238],[142.1565,43.912],[142.1604,43.9065],[142.1682,43.8991],[142.1775,43.8958],[142.1753,43.9047],[142.1785,43.9096],[142.1886,43.9168],[142.1983,43.9223],[142.2039,43.9268],[142.21,43.9335],[142.2143,43.9406],[142.2186,43.9452],[142.2262,43.9482],[142.2332,43.9487],[142.2644,43.9477]]]}},{"type":"Feature","properties":{"id":1043},"geometry":{"type":"Polygon","coordinates":[[[142.1747,45.046],[142.1608,45.0538],[142.1496,45.0582],[142.1442,45.0622],[142.138,45.0735],[142.1288,45.0799],[142.1092,45.0901],[142.1029,45.0907],[142.0942,45.0855],[142.0848,45.0777],[142.0782,45.0703],[142.0746,45.0645],[142.0692,45.0593],[142.0614,45.0584],[142.0583,45.0609],[142.0504,45.0741],[142.0433,45.0802],[142.0349,45.0828],[142.0238,45.0875],[142.0144,45.0879],[142.0076,45.0838],[141.9968,45.0811],[141.9873,45.0735],[141.9807,45.0701],[141.969,45.0744],[141.9568,45.073],[141.9454,45.0745],[141.9337,45.0751],[141.891,45.0753],[141.876,45.0776],[141.8661,45.0735],[141.8615,45.0685],[141.854,45.0545],[141.85,45.0497],[141.8444,45.0463],[141.8326,45.0477],[141.8165,45.0459],[141.8102,45.0433],[141.803,45.0432],[141.7953,45.0473],[141.7862,45.0493],[141.7775,45.0545],[141.7746,45.0588],[141.772,45.066],[141.7696,45.069],[141.7631,45.0723],[141.7514,45.0751],[141.7401,45.0731],[141.7318,45.0679],[141.7224,45.0644],[141.7155,45.0599],[141.7019,45.0545],[141.6881,45.0473],[141.6808,45.0395],[141.6768,45.0322],[141.6687,45.0221],[141.6746,45.0113],[141.6819,44.9997],[141.6889,44.9869],[141.7079,44.9501],[141.7153,44.935],[141.7289,44.9488],[141.7366,44.954],[141.7516,44.9612],[141.7626,44.9687],[141.7832,44.9796],[141.7925,44.9824],[141.7993,44.9826],[141.8369,44.9823],[141.8578,44.9824],[141.8655,44.9818],[141.8698,44.9798],[141.8773,44.9705],[141.8841,44.9572],[141.8855,44.9495],[141.8857,44.9278],[141.888,44.9231],[141.8914,44.9211],[141.907,44.9166],[141.9193,44.9154],[141.9264,44.9119],[141.9289,44.8989],[141.9322,44.8958],[141.9381,44.8944],[141.9535,44.9003],[141.9611,44.8997],[141.9659,44.8952],[141.9718,44.8926],[141.9791,44.8939],[141.9894,44.9035],[141.9948,44.9069],[142.002,44.9069],[142.0055,44.9041],[142.0084,44.8978],[142.0139,44.8914],[142.0242,44.8749],[142.0307,44.8802],[142.0406,44.8853],[142.0532,44.8874],[142.065,44.8923],[142.0976,44.8927],[142.1281,44.8894],[142.1485,44.8886],[142.1526,44.8874],[142.1428,44.9032],[142.1398,44.9093],[142.142,44.9143],[142.1538,44.9279],[142.1558,44.9345],[142.1549,44.9452],[142.1562,44.9489],[142.1688,44.9574],[142.1765,44.9611],[142.1777,44.9723],[142.1771,44.9824],[142.1747,44.9879],[142.1669,44.9983],[142.1674,45.0104],[142.1705,45.0152],[142.1753,45.0178],[142.1787,45.0232],[142.1778,45.0276],[142.1723,45.0346],[142.1719,45.0415],[142.1747,45.046]]]}},{"type":"Feature","properties":{"id":1044},"geometry":{"type":"Polygon","coordinates":[[[143.4276,43.113],[143.4219,43.1108],[143.4138,43.1028],[143.4084,43.0961],[143.3992,43.0882],[143.3963,43.0871],[143.3754,43.0845],[143.3611,43.0782],[143.3532,43.074],[143.354,43.0644],[143.3569,43.0563],[143.3617,43.0503],[143.3643,43.0439],[143.3665,43.0301],[143.3794,43.0027],[143.3816,42.9943],[143.382,42.9819],[143.3776,42.9746],[143.3682,42.9698],[143.3613,42.9682],[143.3491,42.968],[143.34,42.9641],[143.3362,42.9592],[143.3313,42.9496],[143.3276,42.9338],[143.3388,42.9378],[143.3539,42.941],[143.3643,42.9443],[143.382,42.944],[143.3875,42.9407],[143.3948,42.9297],[143.4021,42.924],[143.4181,42.9164],[143.4237,42.9121],[143.4353,42.8985],[143.4486,42.8784],[143.4559,42.8773],[143.4708,42.8777],[143.4976,42.8777],[143.5107,42.8796],[143.5328,42.8881],[143.5451,42.8903],[143.5554,42.8938],[143.5625,42.9029],[143.5722,42.9132],[143.5777,42.9211],[143.5831,42.9316],[143.5848,42.9375],[143.5838,42.9421],[143.5793,42.9485],[143.5762,42.9561],[143.5763,42.9605],[143.5789,42.9696],[143.5874,42.9843],[143.5867,42.9933],[143.5845,43.0047],[143.598,43.0243],[143.6007,43.0314],[143.5998,43.0345],[143.5949,43.04],[143.5869,43.0417],[143.5806,43.0462],[143.5749,43.0556],[143.5685,43.0687],[143.5643,43.0795],[143.5492,43.0729],[143.5387,43.0706],[143.5249,43.0706],[143.5161,43.067],[143.5099,43.0658],[143.5023,43.0673],[143.4901,43.0724],[143.4836,43.0759],[143.4767,43.0815],[143.4693,43.0896],[143.4615,43.1004],[143.4544,43.105],[143.4337,43.1121],[143.4276,43.113]]]}},{"type":"Feature","properties":{"id":1045},"geometry":{"type":"Polygon","coordinates":[[[140.2019,42.605],[140.1989,42.6101],[140.1929,42.616],[140.1828,42.6189],[140.1717,42.6191],[140.164,42.6174],[140.1613,42.614],[140.1606,42.6086],[140.1617,42.6033],[140.1656,42.5967],[140.1655,42.5911],[140.1585,42.5829],[140.153,42.5742],[140.1394,42.5626],[140.1358,42.557],[140.1313,42.5531],[140.1202,42.5509],[140.1107,42.5556],[140.0991,42.5585],[140.0886,42.5632],[140.081,42.564],[140.0682,42.5583],[140.0592,42.5588],[140.0521,42.5625],[140.0472,42.5615],[140.0427,42.5568],[140.0372,42.5493],[140.0121,42.5323],[139.999,42.5287],[139.9926,42.5237],[139.982,42.5183],[139.9793,42.5158],[139.9781,42.5108],[139.9812,42.5029],[139.9921,42.4909],[139.9939,42.4849],[139.9922,42.4764],[139.9881,42.4706],[139.9808,42.4636],[139.9757,42.4544],[139.9754,42.4497],[139.9711,42.4454],[139.9656,42.4433],[139.9598,42.4312],[139.9589,42.4261],[139.951,42.4192],[139.9416,42.4156],[139.9378,42.4128],[139.9406,42.4061],[139.9516,42.4008],[139.9592,42.3907],[139.9551,42.3805],[139.955,42.3726],[139.9611,42.3585],[139.9641,42.3487],[139.9655,42.3373],[139.9722,42.3245],[139.9832,42.3097],[139.9892,42.3],[139.9919,42.2938],[140,42.2812],[140.0046,42.2794],[140.0152,42.2786],[140.0217,42.2755],[140.0361,42.2844],[140.0403,42.2851],[140.0471,42.2838],[140.0534,42.2809],[140.0597,42.2807],[140.0693,42.2849],[140.0752,42.2901],[140.08,42.2976],[140.0862,42.3047],[140.0903,42.3136],[140.0974,42.3214],[140.0977,42.3251],[140.0952,42.3313],[140.0959,42.3371],[140.1064,42.3461],[140.1107,42.3476],[140.1253,42.3484],[140.1324,42.351],[140.1402,42.3571],[140.1492,42.3589],[140.1562,42.3628],[140.1651,42.3709],[140.1707,42.3742],[140.1817,42.3756],[140.1893,42.3782],[140.2007,42.3844],[140.2156,42.3902],[140.2276,42.3903],[140.2394,42.4008],[140.2418,42.4062],[140.2407,42.4096],[140.2342,42.4196],[140.2331,42.4256],[140.2343,42.4347],[140.2227,42.4516],[140.2219,42.4606],[140.2228,42.4756],[140.2253,42.4804],[140.2301,42.4845],[140.2403,42.4993],[140.255,42.516],[140.2593,42.5238],[140.2685,42.5364],[140.2738,42.5468],[140.2737,42.5529],[140.265,42.5595],[140.2597,42.5654],[140.2558,42.5678],[140.2471,42.5693],[140.2386,42.5734],[140.2315,42.5739],[140.2246,42.5767],[140.2146,42.5855],[140.2035,42.5929],[140.2017,42.599],[140.2019,42.605]]]}},{"type":"Feature","properties":{"id":1046},"geometry":{"type":"Polygon","coordinates":[[[141.3395,43.7431],[141.3374,43.7347],[141.3295,43.725],[141.3294,43.7141],[141.332,43.7054],[141.3389,43.6931],[141.3382,43.6852],[141.3497,43.6667],[141.3498,43.6562],[141.3522,43.6482],[141.3529,43.6401],[141.3572,43.6361],[141.3631,43.6274],[141.3634,43.6202],[141.3807,43.6065],[141.3842,43.6],[141.3835,43.5949],[141.3863,43.5889],[141.384,43.579],[141.3789,43.5625],[141.3769,43.5581],[141.3707,43.5537],[141.3686,43.548],[141.3651,43.5441],[141.3641,43.5399],[141.3606,43.5368],[141.3612,43.5319],[141.3595,43.5286],[141.3587,43.5174],[141.3627,43.5116],[141.3711,43.5032],[141.3715,43.4954],[141.3939,43.4746],[141.3993,43.4618],[141.4103,43.4486],[141.4129,43.4411],[141.4186,43.4335],[141.4221,43.4271],[141.4271,43.421],[141.4285,43.4153],[141.4316,43.3896],[141.4257,43.3773],[141.4246,43.3709],[141.4253,43.3638],[141.4285,43.3606],[141.427,43.3537],[141.4221,43.347],[141.4211,43.3429],[141.4237,43.3281],[141.4143,43.3159],[141.4065,43.3092],[141.4019,43.3014],[141.3891,43.2886],[141.3762,43.2783],[141.373,43.275],[141.3736,43.2688],[141.3665,43.2666],[141.3517,43.2514],[141.324,43.2253],[141.3133,43.2179],[141.3042,43.216],[141.3084,43.2122],[141.302,43.2082],[141.2937,43.2071],[141.2907,43.2043],[141.2906,43.197],[141.2929,43.194],[141.2968,43.1951],[141.2986,43.1902],[141.2988,43.1831],[141.2935,43.1768],[141.2831,43.1714],[141.272,43.1671],[141.2649,43.1625],[141.2628,43.1591],[141.266,43.1545],[141.2755,43.1479],[141.2778,43.1446],[141.2839,43.1408],[141.292,43.1382],[141.3013,43.138],[141.3129,43.142],[141.3221,43.144],[141.3437,43.1519],[141.358,43.1619],[141.3658,43.1728],[141.3702,43.1757],[141.3804,43.1763],[141.3902,43.1731],[141.4012,43.1729],[141.4167,43.1913],[141.4215,43.2],[141.4264,43.2065],[141.4264,43.2131],[141.4243,43.2183],[141.4241,43.2263],[141.4289,43.2322],[141.447,43.2418],[141.4569,43.2495],[141.479,43.262],[141.4969,43.2804],[141.5041,43.2922],[141.5089,43.2982],[141.5158,43.3043],[141.5302,43.3103],[141.5334,43.3137],[141.5379,43.3228],[141.5401,43.3388],[141.54,43.3605],[141.5406,43.3667],[141.5468,43.387],[141.56,43.4145],[141.5619,43.4226],[141.5616,43.4342],[141.566,43.4521],[141.5653,43.4586],[141.5624,43.4682],[141.5612,43.4877],[141.559,43.4946],[141.5504,43.5042],[141.5399,43.5086],[141.5339,43.5124],[141.5287,43.5211],[141.5274,43.5313],[141.525,43.5375],[141.5151,43.5529],[141.5089,43.5604],[141.5087,43.5663],[141.513,43.5694],[141.5271,43.5707],[141.5446,43.5698],[141.5523,43.5679],[141.5657,43.561],[141.5738,43.5619],[141.5844,43.5685],[141.5932,43.5762],[141.5993,43.5835],[141.6066,43.589],[141.6014,43.5973],[141.5946,43.6049],[141.5885,43.6133],[141.5825,43.6188],[141.5704,43.6273],[141.5603,43.64],[141.545,43.6487],[141.5329,43.6571],[141.5219,43.6682],[141.5112,43.6776],[141.5045,43.6848],[141.4936,43.6946],[141.4857,43.6951],[141.4781,43.7],[141.4697,43.7039],[141.4537,43.7064],[141.4385,43.7135],[141.4262,43.7162],[141.4185,43.7213],[141.4091,43.7354],[141.4042,43.7383],[141.3906,43.7387],[141.3769,43.7343],[141.3704,43.7332],[141.363,43.7338],[141.3555,43.7366],[141.3463,43.7376],[141.3413,43.7394],[141.3395,43.7431]]]}},{"type":"Feature","properties":{"id":1047},"geometry":{"type":"Polygon","coordinates":[[[141.7007,43.3425],[141.6958,43.3389],[141.6905,43.3312],[141.6843,43.3252],[141.6789,43.3219],[141.6763,43.3177],[141.677,43.312],[141.6812,43.3018],[141.6764,43.2968],[141.6701,43.2968],[141.6639,43.2923],[141.6599,43.2928],[141.6614,43.2879],[141.6577,43.2791],[141.6589,43.2733],[141.6661,43.2675],[141.6699,43.2601],[141.6697,43.2523],[141.6754,43.2425],[141.6763,43.2362],[141.6749,43.2326],[141.6695,43.2266],[141.6629,43.2223],[141.6579,43.2159],[141.6555,43.21],[141.6547,43.2],[141.6499,43.1947],[141.6415,43.1945],[141.6371,43.1929],[141.6237,43.183],[141.6124,43.1712],[141.6298,43.1695],[141.6388,43.1665],[141.6449,43.1621],[141.649,43.1571],[141.6656,43.1398],[141.6713,43.1294],[141.6862,43.1206],[141.6945,43.1111],[141.705,43.1009],[141.711,43.0961],[141.7149,43.0907],[141.7246,43.0941],[141.7331,43.0937],[141.7416,43.0909],[141.7551,43.0879],[141.7651,43.0845],[141.801,43.103],[141.8088,43.1041],[141.8158,43.1065],[141.8317,43.1135],[141.8495,43.1256],[141.8574,43.13],[141.8746,43.1361],[141.8816,43.1369],[141.8915,43.1365],[141.8966,43.1347],[141.904,43.1255],[141.9104,43.1218],[141.9268,43.1199],[141.9405,43.1148],[141.9527,43.1074],[141.963,43.1086],[141.9813,43.1084],[141.9878,43.1076],[141.9979,43.1045],[142.0065,43.1042],[142.019,43.1092],[142.0306,43.1044],[142.039,43.1023],[142.0425,43.1028],[142.0521,43.1089],[142.0571,43.1157],[142.0563,43.1206],[142.048,43.1343],[142.047,43.1412],[142.053,43.1444],[142.0514,43.167],[142.0424,43.1754],[142.0374,43.1766],[142.027,43.1767],[142.0217,43.18],[142.0081,43.1857],[142.0002,43.1908],[141.9945,43.1926],[141.9841,43.1933],[141.9754,43.1972],[141.9678,43.1983],[141.9588,43.1977],[141.9488,43.2012],[141.941,43.208],[141.9339,43.2124],[141.9295,43.2137],[141.9227,43.2121],[141.9066,43.2007],[141.9015,43.2007],[141.8904,43.2082],[141.8852,43.2096],[141.8761,43.21],[141.8464,43.2097],[141.839,43.2107],[141.833,43.2169],[141.8332,43.2282],[141.8312,43.2338],[141.827,43.2368],[141.8176,43.2389],[141.8148,43.2409],[141.813,43.2484],[141.8183,43.2615],[141.8109,43.271],[141.7766,43.3052],[141.7642,43.3105],[141.7441,43.3209],[141.7204,43.3321],[141.7007,43.3425]]]}},{"type":"Feature","properties":{"id":1048},"geometry":{"type":"Polygon","coordinates":[[[140.3899,42.9206],[140.4118,42.9128],[140.4263,42.9106],[140.4358,42.9075],[140.442,42.9071],[140.4587,42.9129],[140.4639,42.914],[140.4728,42.9134],[140.4822,42.9098],[140.494,42.9095],[140.5034,42.9134],[140.5108,42.9139],[140.5167,42.9125],[140.5275,42.9054],[140.5327,42.9036],[140.5472,42.9023],[140.5463,42.9283],[140.5419,42.9394],[140.5406,42.9482],[140.5399,42.9673],[140.5324,42.9779],[140.52,42.9903],[140.5123,42.9838],[140.5057,42.9866],[140.5014,42.9808],[140.491,42.9772],[140.4873,42.9738],[140.476,42.9701],[140.4589,42.9598],[140.4503,42.9571],[140.4462,42.9535],[140.4364,42.9494],[140.4314,42.9493],[140.4281,42.9471],[140.4163,42.9424],[140.4119,42.9343],[140.4044,42.9291],[140.399,42.9228],[140.3911,42.9226],[140.3899,42.9206]]]}},{"type":"Feature","properties":{"id":1049},"geometry":{"type":"Polygon","coordinates":[[[142.4128,43.4693],[142.4217,43.4633],[142.4315,43.4592],[142.4495,43.45],[142.4592,43.4443],[142.4746,43.4374],[142.4818,43.4318],[142.4838,43.4259],[142.4842,43.4179],[142.4859,43.4132],[142.4947,43.4034],[142.5031,43.3975],[142.517,43.3941],[142.5507,43.3942],[142.56,43.3936],[142.5674,43.3917],[142.5807,43.3865],[142.5911,43.3921],[142.5966,43.3938],[142.6125,43.395],[142.6316,43.3902],[142.6394,43.3905],[142.6476,43.3933],[142.6631,43.3971],[142.6712,43.4],[142.6833,43.3999],[142.6906,43.4071],[142.698,43.4232],[142.6945,43.4286],[142.6873,43.4359],[142.6768,43.4447],[142.671,43.4482],[142.6636,43.455],[142.6519,43.4629],[142.626,43.4762],[142.6188,43.4822],[142.6139,43.4905],[142.6105,43.503],[142.6057,43.5102],[142.5949,43.5154],[142.5847,43.515],[142.5693,43.5105],[142.5586,43.5094],[142.5497,43.5115],[142.5418,43.5121],[142.534,43.5113],[142.5241,43.5082],[142.5174,43.5077],[142.5084,43.5091],[142.4942,43.5127],[142.4879,43.5156],[142.4656,43.5383],[142.458,43.5445],[142.4506,43.5464],[142.4373,43.5406],[142.4276,43.5389],[142.4238,43.5366],[142.4202,43.5288],[142.418,43.5132],[142.4169,43.4894],[142.4128,43.4693]]]}},{"type":"Feature","properties":{"id":1050},"geometry":{"type":"Polygon","coordinates":[[[142.7053,43.8251],[142.7069,43.8196],[142.7132,43.8078],[142.7166,43.7987],[142.7187,43.7818],[142.7204,43.7763],[142.7258,43.7656],[142.737,43.7471],[142.7464,43.738],[142.7523,43.7289],[142.7573,43.7116],[142.7613,43.6881],[142.7699,43.6909],[142.7849,43.6981],[142.7976,43.7018],[142.8126,43.703],[142.822,43.7022],[142.8347,43.6982],[142.8465,43.6933],[142.8551,43.6922],[142.8654,43.6936],[142.8826,43.702],[142.8892,43.7023],[142.8942,43.7003],[142.8976,43.6966],[142.8984,43.6926],[142.8968,43.6838],[142.8988,43.6785],[142.9034,43.6756],[142.9136,43.6725],[142.9201,43.6673],[142.9243,43.665],[142.9288,43.6595],[142.9288,43.6494],[142.9251,43.6399],[142.9223,43.629],[142.9171,43.6131],[142.9134,43.5752],[142.9225,43.5703],[142.9341,43.5652],[142.9518,43.5556],[142.9586,43.5509],[142.9693,43.5418],[142.9739,43.5394],[142.9831,43.5384],[143.0044,43.541],[143.0146,43.5395],[143.0278,43.5356],[143.0435,43.5522],[143.0543,43.5609],[143.0616,43.565],[143.0666,43.565],[143.0794,43.5618],[143.0943,43.5669],[143.1176,43.5788],[143.1254,43.5813],[143.1324,43.586],[143.1463,43.5914],[143.1529,43.5983],[143.159,43.6144],[143.169,43.6208],[143.1757,43.6278],[143.1836,43.6386],[143.1903,43.6464],[143.1896,43.6541],[143.1859,43.6607],[143.1768,43.6672],[143.1656,43.6723],[143.1634,43.6779],[143.1644,43.6824],[143.1725,43.6964],[143.1787,43.7037],[143.1892,43.7115],[143.1913,43.715],[143.1934,43.725],[143.1981,43.7365],[143.1977,43.7461],[143.1914,43.7605],[143.1845,43.7656],[143.1767,43.7658],[143.1704,43.7642],[143.1561,43.7581],[143.1344,43.7543],[143.1193,43.7461],[143.1009,43.7414],[143.0957,43.7421],[143.0816,43.7476],[143.0524,43.7484],[143.0477,43.7494],[143.037,43.7561],[143.032,43.7616],[143.0308,43.7705],[143.0315,43.7767],[143.0359,43.7893],[143.0402,43.8066],[143.039,43.8172],[143.0336,43.8261],[143.0319,43.8378],[143.0358,43.8593],[143.0395,43.8703],[143.042,43.8855],[143.0469,43.8929],[143.0539,43.898],[143.0603,43.9041],[143.0652,43.9117],[143.0657,43.9177],[143.0624,43.9225],[143.0579,43.9254],[143.0507,43.9265],[143.0427,43.9237],[143.0359,43.9248],[143.0257,43.931],[143.0171,43.938],[143.0107,43.9412],[142.9981,43.9421],[142.9871,43.9393],[142.9718,43.9331],[142.9535,43.9294],[142.9367,43.9277],[142.9267,43.9241],[142.9205,43.9242],[142.9167,43.9266],[142.9119,43.9375],[142.908,43.9516],[142.8918,43.9497],[142.8717,43.9446],[142.863,43.9388],[142.8473,43.9238],[142.841,43.9193],[142.8297,43.9176],[142.8221,43.9186],[142.807,43.9252],[142.8005,43.9267],[142.7835,43.9207],[142.7744,43.9198],[142.7589,43.9213],[142.745,43.9216],[142.7358,43.9197],[142.7308,43.9147],[142.7293,43.9099],[142.7284,43.8928],[142.7261,43.8758],[142.7254,43.8607],[142.7239,43.8529],[142.7202,43.8449],[142.7053,43.8251]]]}},{"type":"Feature","properties":{"id":1051},"geometry":{"type":"Polygon","coordinates":[[[140.2083,41.8566],[140.2092,41.8474],[140.2127,41.8426],[140.2204,41.8361],[140.2229,41.8301],[140.2208,41.8236],[140.2115,41.8172],[140.1961,41.815],[140.1665,41.8152],[140.1446,41.8163],[140.1384,41.8174],[140.1226,41.8233],[140.1171,41.8121],[140.1097,41.8039],[140.101,41.805],[140.0962,41.8095],[140.0894,41.8072],[140.0845,41.8094],[140.071,41.8072],[140.0694,41.8027],[140.0737,41.7995],[140.0746,41.7924],[140.0736,41.777],[140.0708,41.7669],[140.0665,41.7595],[140.0642,41.7578],[140.0578,41.7454],[140.05,41.7391],[140.0486,41.7347],[140.0433,41.7306],[140.0366,41.7203],[140.0299,41.7172],[140.0225,41.7047],[140.0173,41.6987],[140.0134,41.6967],[140.0088,41.6915],[140.0086,41.6828],[140.0056,41.6781],[140.0036,41.6714],[140.0044,41.665],[140.0022,41.6544],[139.9988,41.6501],[139.9986,41.6414],[139.9917,41.6368],[139.993,41.634],[139.996,41.6358],[140.0229,41.6339],[140.0294,41.6318],[140.0395,41.6239],[140.0475,41.619],[140.0558,41.612],[140.0632,41.5997],[140.0726,41.5957],[140.0807,41.5959],[140.0987,41.595],[140.1068,41.5931],[140.1201,41.5839],[140.1305,41.5828],[140.1524,41.583],[140.165,41.5842],[140.1827,41.5906],[140.1935,41.5975],[140.1971,41.6024],[140.1998,41.6148],[140.2031,41.6227],[140.2066,41.6279],[140.2125,41.6336],[140.232,41.634],[140.2389,41.6356],[140.2498,41.6415],[140.26,41.6539],[140.2794,41.6642],[140.2804,41.6678],[140.2874,41.6773],[140.2929,41.6823],[140.2966,41.6892],[140.2999,41.7032],[140.3008,41.7116],[140.3037,41.7164],[140.3114,41.7191],[140.3241,41.7185],[140.3281,41.7191],[140.3401,41.7262],[140.3448,41.7313],[140.3477,41.7378],[140.3477,41.7424],[140.3447,41.7503],[140.3454,41.7566],[140.3512,41.7666],[140.3532,41.7722],[140.3542,41.7826],[140.3517,41.7925],[140.3462,41.8007],[140.3413,41.8027],[140.3331,41.8034],[140.3203,41.8078],[140.311,41.8125],[140.3039,41.8182],[140.2993,41.8236],[140.2934,41.8276],[140.2852,41.8306],[140.2679,41.8418],[140.2561,41.8439],[140.2426,41.8496],[140.2308,41.8529],[140.2083,41.8566]]]}},{"type":"Feature","properties":{"id":1052},"geometry":{"type":"Polygon","coordinates":[[[143.2475,43.5493],[143.2411,43.5633],[143.239,43.5733],[143.2326,43.5806],[143.2243,43.5849],[143.2171,43.5865],[143.207,43.587],[143.201,43.5891],[143.1945,43.5952],[143.1855,43.5985],[143.1529,43.5983],[143.1463,43.5914],[143.1324,43.586],[143.1254,43.5813],[143.1176,43.5788],[143.0943,43.5669],[143.0794,43.5618],[143.0666,43.565],[143.0616,43.565],[143.0543,43.5609],[143.0435,43.5522],[143.0278,43.5356],[143.0336,43.5218],[143.0421,43.5102],[143.0508,43.4963],[143.0576,43.4834],[143.0593,43.4778],[143.0586,43.4684],[143.0491,43.4492],[143.046,43.4294],[143.047,43.4128],[143.0538,43.3961],[143.0584,43.3951],[143.0738,43.3882],[143.0795,43.3871],[143.0853,43.3878],[143.0927,43.3905],[143.1019,43.39],[143.1119,43.3848],[143.1187,43.3767],[143.1233,43.3685],[143.136,43.3546],[143.1438,43.3472],[143.1477,43.3411],[143.1533,43.3287],[143.1533,43.3242],[143.1505,43.3191],[143.1447,43.3139],[143.1385,43.305],[143.1356,43.292],[143.1279,43.274],[143.1245,43.2612],[143.1213,43.2527],[143.1427,43.2451],[143.1556,43.2438],[143.1703,43.2394],[143.1811,43.2387],[143.1894,43.237],[143.197,43.2341],[143.2118,43.2327],[143.225,43.2285],[143.2398,43.227],[143.2543,43.2228],[143.2662,43.2221],[143.2773,43.2175],[143.2889,43.2148],[143.2991,43.2114],[143.3154,43.2103],[143.3326,43.2056],[143.3519,43.205],[143.3604,43.2037],[143.3706,43.2004],[143.3852,43.1973],[143.4055,43.1875],[143.41,43.2028],[143.411,43.2155],[143.413,43.2237],[143.4233,43.2458],[143.419,43.2556],[143.4171,43.2667],[143.4187,43.2738],[143.4217,43.2799],[143.422,43.2891],[143.417,43.2952],[143.397,43.3052],[143.3877,43.3076],[143.3755,43.3085],[143.3663,43.3123],[143.3584,43.3135],[143.3432,43.314],[143.3313,43.3193],[143.3296,43.3235],[143.3296,43.3324],[143.3243,43.3391],[143.3145,43.3448],[143.3064,43.3541],[143.2994,43.3687],[143.2925,43.375],[143.2859,43.3761],[143.275,43.3761],[143.2669,43.3793],[143.2585,43.3878],[143.2555,43.3947],[143.2548,43.4099],[143.2514,43.4206],[143.2507,43.4285],[143.2463,43.4357],[143.2324,43.4444],[143.2293,43.4516],[143.2297,43.4568],[143.2323,43.4635],[143.2352,43.477],[143.2402,43.4881],[143.2471,43.4987],[143.2501,43.5059],[143.2501,43.5154],[143.2454,43.5314],[143.2475,43.5493]]]}},{"type":"Feature","properties":{"id":1053},"geometry":{"type":"Polygon","coordinates":[[[142.0878,43.4407],[142.0757,43.444],[142.0563,43.453],[142.046,43.463],[142.0355,43.4783],[142.0311,43.4815],[142.0252,43.483],[142.0109,43.4835],[142.0056,43.4844],[141.9918,43.4898],[141.9812,43.4961],[141.9746,43.493],[141.965,43.4907],[141.9613,43.4863],[141.9639,43.4805],[141.976,43.4738],[141.9785,43.4677],[141.9783,43.4548],[141.9886,43.4556],[141.9941,43.452],[141.9956,43.4451],[141.9948,43.4379],[141.9899,43.4266],[141.9891,43.4172],[141.9913,43.4139],[141.9968,43.413],[142.0035,43.4161],[142.0092,43.4171],[142.0217,43.4161],[142.0294,43.4208],[142.0404,43.4251],[142.0482,43.4263],[142.0613,43.4263],[142.0745,43.4331],[142.0878,43.4407]]]}},{"type":"Feature","properties":{"id":1054},"geometry":{"type":"Polygon","coordinates":[[[143.5849,44.0894],[143.5929,44.0956],[143.6009,44.1074],[143.6031,44.1163],[143.604,44.1371],[143.6083,44.1475],[143.6125,44.1517],[143.6245,44.1602],[143.6301,44.1677],[143.6304,44.1737],[143.6376,44.1842],[143.6378,44.1908],[143.6331,44.1962],[143.6235,44.1961],[143.6046,44.1988],[143.5894,44.2056],[143.581,44.208],[143.5733,44.2117],[143.5656,44.2168],[143.5602,44.2133],[143.5532,44.2017],[143.5424,44.1936],[143.5295,44.1803],[143.5247,44.1769],[143.5021,44.1676],[143.4951,44.1616],[143.4892,44.16],[143.4789,44.1596],[143.4673,44.1603],[143.4586,44.1623],[143.4563,44.167],[143.4502,44.1656],[143.443,44.1597],[143.4399,44.1529],[143.4292,44.1446],[143.4255,44.1399],[143.4235,44.1337],[143.4209,44.1128],[143.4264,44.1089],[143.4303,44.1034],[143.4401,44.0951],[143.4493,44.0901],[143.4605,44.0855],[143.4717,44.083],[143.4884,44.0758],[143.5006,44.0737],[143.5126,44.0756],[143.5283,44.0831],[143.5426,44.0959],[143.5534,44.1007],[143.5618,44.1008],[143.5736,44.0979],[143.5849,44.0894]]]}},{"type":"Feature","properties":{"id":1055},"geometry":{"type":"Polygon","coordinates":[[[140.5334,43.2171],[140.5298,43.2154],[140.5139,43.2115],[140.507,43.212],[140.4962,43.2145],[140.4864,43.2193],[140.4818,43.2241],[140.4793,43.2301],[140.478,43.2375],[140.4746,43.2427],[140.4696,43.2431],[140.4618,43.24],[140.4485,43.2305],[140.4375,43.2258],[140.4281,43.2255],[140.419,43.2293],[140.404,43.2319],[140.3961,43.2356],[140.3885,43.2376],[140.376,43.2425],[140.3681,43.2511],[140.3628,43.2667],[140.3553,43.2847],[140.3506,43.2931],[140.347,43.2851],[140.3402,43.2796],[140.3437,43.2726],[140.3388,43.2687],[140.3404,43.2655],[140.3322,43.2599],[140.3361,43.2547],[140.3326,43.2478],[140.3334,43.2457],[140.3289,43.2353],[140.3268,43.2332],[140.3255,43.2216],[140.334,43.2123],[140.339,43.2107],[140.3419,43.204],[140.3467,43.1998],[140.3457,43.1969],[140.3483,43.1911],[140.3516,43.1899],[140.3608,43.1783],[140.3703,43.1752],[140.375,43.1704],[140.387,43.1632],[140.3983,43.1597],[140.4128,43.1514],[140.4247,43.143],[140.4315,43.1403],[140.428,43.1375],[140.4378,43.1289],[140.4416,43.1274],[140.4445,43.1195],[140.4513,43.1211],[140.4621,43.1259],[140.467,43.1305],[140.4758,43.1423],[140.4822,43.1444],[140.4929,43.1417],[140.5116,43.1406],[140.5158,43.141],[140.5328,43.1485],[140.547,43.1627],[140.5383,43.1828],[140.5397,43.1875],[140.5457,43.1955],[140.5458,43.1994],[140.5424,43.2069],[140.5334,43.2171]]]}},{"type":"Feature","properties":{"id":1056},"geometry":{"type":"Polygon","coordinates":[[[142.3089,44.0393],[142.3173,44.0383],[142.3364,44.0383],[142.3451,44.0404],[142.3562,44.0458],[142.3703,44.0506],[142.3903,44.0633],[142.4056,44.0646],[142.4238,44.0672],[142.4287,44.0686],[142.4343,44.073],[142.4405,44.0816],[142.4535,44.097],[142.4566,44.1035],[142.4568,44.1083],[142.4489,44.113],[142.4384,44.122],[142.4352,44.1258],[142.4303,44.1356],[142.4269,44.1384],[142.4213,44.1395],[142.3872,44.1384],[142.378,44.1397],[142.3728,44.1427],[142.3551,44.1601],[142.3388,44.1738],[142.3337,44.1762],[142.3276,44.1754],[142.3232,44.1716],[142.3179,44.1647],[142.3095,44.1488],[142.2966,44.1219],[142.2951,44.1099],[142.298,44.1004],[142.2973,44.0906],[142.292,44.079],[142.2921,44.0704],[142.2964,44.0582],[142.3089,44.0393]]]}},{"type":"Feature","properties":{"id":1057},"geometry":{"type":"Polygon","coordinates":[[[140.3542,41.7826],[140.3532,41.7722],[140.3512,41.7666],[140.3454,41.7566],[140.3447,41.7503],[140.3477,41.7424],[140.3477,41.7378],[140.3448,41.7313],[140.3401,41.7262],[140.3281,41.7191],[140.3241,41.7185],[140.3114,41.7191],[140.3037,41.7164],[140.3008,41.7116],[140.2999,41.7032],[140.2966,41.6892],[140.2929,41.6823],[140.2874,41.6773],[140.2804,41.6678],[140.2794,41.6642],[140.2865,41.6623],[140.2972,41.6611],[140.3181,41.661],[140.3308,41.6585],[140.3371,41.6587],[140.3499,41.6614],[140.3559,41.6637],[140.3624,41.6678],[140.3695,41.6694],[140.3843,41.6693],[140.395,41.6668],[140.4097,41.6549],[140.4174,41.6534],[140.4342,41.6584],[140.4376,41.6728],[140.4452,41.6852],[140.4496,41.688],[140.4519,41.692],[140.4615,41.6974],[140.4735,41.6975],[140.4787,41.7004],[140.483,41.6974],[140.4951,41.6984],[140.4959,41.6998],[140.5076,41.6991],[140.5159,41.7011],[140.5271,41.7006],[140.5331,41.708],[140.5387,41.711],[140.5409,41.7147],[140.5511,41.7207],[140.5539,41.7307],[140.5534,41.7467],[140.5482,41.7511],[140.5296,41.7552],[140.5233,41.7594],[140.5181,41.7647],[140.5104,41.7681],[140.5025,41.7733],[140.4863,41.7814],[140.4777,41.789],[140.4707,41.7916],[140.458,41.7924],[140.4507,41.7948],[140.4451,41.7991],[140.4387,41.8094],[140.4382,41.8133],[140.425,41.8141],[140.4136,41.8138],[140.3876,41.8068],[140.3777,41.7977],[140.3665,41.7894],[140.3542,41.7826]]]}},{"type":"Feature","properties":{"id":1058},"geometry":{"type":"Polygon","coordinates":[[[141.1114,42.8304],[141.1096,42.8401],[141.1097,42.8463],[141.1131,42.8599],[141.1182,42.8707],[141.1156,42.8781],[141.1108,42.8812],[141.0959,42.8862],[141.0846,42.8872],[141.0736,42.8826],[141.0638,42.8819],[141.0521,42.8875],[141.0498,42.8895],[141.0459,42.8849],[141.0419,42.8777],[141.0347,42.8713],[141.0242,42.8558],[141.0168,42.8474],[141.0132,42.8414],[141.0151,42.8319],[141.0151,42.8248],[141.0124,42.82],[141.006,42.816],[140.9977,42.8133],[140.9834,42.8117],[140.9585,42.8114],[140.9482,42.8105],[140.9403,42.8113],[140.9291,42.816],[140.9197,42.819],[140.9105,42.8207],[140.9029,42.8235],[140.8919,42.8248],[140.8789,42.8231],[140.8693,42.8229],[140.8607,42.8241],[140.8557,42.8268],[140.8453,42.8282],[140.8396,42.8269],[140.844,42.8205],[140.851,42.8131],[140.8686,42.8047],[140.9029,42.7912],[140.9117,42.7865],[140.9228,42.779],[140.9411,42.7688],[140.9695,42.7523],[140.9879,42.7409],[141.0051,42.7359],[141.0277,42.7225],[141.0417,42.7231],[141.0475,42.7248],[141.0655,42.7358],[141.0771,42.7451],[141.0847,42.7489],[141.0913,42.7546],[141.0943,42.7607],[141.0945,42.7731],[141.0956,42.7807],[141.0981,42.7862],[141.0988,42.7922],[141.0949,42.8063],[141.0912,42.811],[141.0832,42.8156],[141.0784,42.8239],[141.0799,42.8295],[141.088,42.8334],[141.0971,42.8334],[141.1114,42.8304]]]}},{"type":"Feature","properties":{"id":1059},"geometry":{"type":"Polygon","coordinates":[[[141.5159,43.0303],[141.5049,43.029],[141.4983,43.0268],[141.4955,43.0227],[141.495,43.0156],[141.4878,43.0031],[141.4859,42.9946],[141.4729,42.9653],[141.4717,42.9544],[141.4681,42.9468],[141.4616,42.941],[141.4525,42.9356],[141.4406,42.9239],[141.4323,42.917],[141.429,42.9122],[141.4273,42.9055],[141.4281,42.8989],[141.4389,42.9028],[141.4467,42.9045],[141.4723,42.9052],[141.4791,42.9061],[141.4845,42.9085],[141.4944,42.9155],[141.5026,42.9197],[141.5117,42.9225],[141.5246,42.9225],[141.5311,42.9237],[141.5382,42.9269],[141.556,42.9337],[141.5647,42.9359],[141.5709,42.9395],[141.5781,42.9455],[141.5837,42.9484],[141.5932,42.9569],[141.6028,42.9773],[141.6053,42.9852],[141.608,43.0035],[141.5926,43.0114],[141.5894,43.0163],[141.5873,43.0231],[141.5829,43.0291],[141.577,43.0321],[141.569,43.0291],[141.5611,43.0297],[141.5494,43.0278],[141.5376,43.0233],[141.5277,43.0244],[141.5159,43.0303]]]}},{"type":"Feature","properties":{"id":1060},"geometry":{"type":"Polygon","coordinates":[[[144.1112,44.1185],[144.0978,44.1269],[144.0874,44.1266],[144.0797,44.1231],[144.0729,44.1231],[144.0642,44.125],[144.0527,44.1257],[144.0471,44.127],[144.0124,44.1321],[143.9924,44.1345],[143.9839,44.1366],[143.9702,44.1384],[143.9523,44.1417],[143.93,44.147],[143.924,44.1474],[143.9162,44.1498],[143.8908,44.1546],[143.8866,44.1561],[143.8687,44.16],[143.849,44.1649],[143.8262,44.1701],[143.8042,44.1761],[143.8058,44.1734],[143.8129,44.1723],[143.8392,44.1644],[143.8473,44.1632],[143.8579,44.1601],[143.8756,44.1531],[143.9035,44.1458],[143.9122,44.1422],[143.9164,44.1442],[143.9248,44.1452],[143.9306,44.1446],[143.9486,44.1389],[143.9621,44.1336],[143.965,44.1297],[143.9684,44.1311],[143.9659,44.1366],[143.9752,44.1365],[143.9843,44.1353],[143.9911,44.1314],[143.9801,44.1315],[143.9763,44.1339],[143.9718,44.1318],[143.9686,44.127],[143.9705,44.1237],[143.9668,44.1134],[143.9623,44.1045],[143.9574,44.0975],[143.9504,44.0904],[143.9612,44.0779],[143.9514,44.0589],[143.9516,44.0535],[143.9562,44.0439],[143.9554,44.0385],[143.9529,44.0342],[143.9391,44.0198],[143.9331,44.0147],[143.9162,44.0053],[143.8985,43.9919],[143.8927,43.9866],[143.8847,43.9819],[143.8766,43.9753],[143.8711,43.975],[143.862,43.9782],[143.8509,43.9844],[143.8394,43.9867],[143.831,43.9892],[143.8243,43.9884],[143.8166,43.9819],[143.8104,43.981],[143.8045,43.9836],[143.7965,43.9815],[143.7917,43.9755],[143.7876,43.9659],[143.784,43.9615],[143.7726,43.9544],[143.767,43.9525],[143.7627,43.9554],[143.7576,43.9544],[143.756,43.9469],[143.7576,43.9431],[143.7605,43.9278],[143.7608,43.9218],[143.7581,43.9161],[143.749,43.9089],[143.7423,43.9052],[143.7358,43.8968],[143.7318,43.8864],[143.7267,43.8812],[143.7195,43.8777],[143.7108,43.8783],[143.7067,43.8808],[143.6987,43.8888],[143.687,43.9038],[143.6844,43.9099],[143.6878,43.9217],[143.6859,43.9263],[143.6805,43.9278],[143.6685,43.9243],[143.6571,43.9276],[143.6483,43.9339],[143.6389,43.9362],[143.6293,43.9347],[143.6208,43.9361],[143.6116,43.9412],[143.6031,43.9423],[143.6004,43.9354],[143.5945,43.9237],[143.5937,43.9172],[143.5932,43.9019],[143.5923,43.8962],[143.5889,43.8897],[143.5766,43.8758],[143.5748,43.8686],[143.5746,43.8548],[143.5725,43.8458],[143.564,43.8414],[143.5463,43.8388],[143.5393,43.8348],[143.5349,43.8274],[143.5276,43.8212],[143.5176,43.8171],[143.4989,43.8128],[143.4903,43.8129],[143.4795,43.8156],[143.4705,43.8156],[143.4655,43.8143],[143.4526,43.8081],[143.4479,43.804],[143.4404,43.8002],[143.4281,43.7978],[143.4115,43.799],[143.3912,43.7965],[143.3764,43.7921],[143.3722,43.7901],[143.3648,43.7816],[143.3548,43.7726],[143.3491,43.7689],[143.341,43.766],[143.3354,43.7659],[143.3237,43.7675],[143.3114,43.7645],[143.2995,43.7636],[143.2923,43.7614],[143.2869,43.7582],[143.27,43.7449],[143.2653,43.7423],[143.2615,43.7336],[143.2648,43.7202],[143.2634,43.7108],[143.2585,43.7073],[143.2372,43.7009],[143.2287,43.6997],[143.2205,43.7013],[143.2065,43.7023],[143.1892,43.7115],[143.1787,43.7037],[143.1725,43.6964],[143.1644,43.6824],[143.1634,43.6779],[143.1656,43.6723],[143.1768,43.6672],[143.1859,43.6607],[143.1896,43.6541],[143.1903,43.6464],[143.1836,43.6386],[143.1757,43.6278],[143.169,43.6208],[143.159,43.6144],[143.1529,43.5983],[143.1855,43.5985],[143.1886,43.6044],[143.1992,43.6204],[143.2059,43.6271],[143.2139,43.6331],[143.2273,43.6404],[143.2348,43.6417],[143.2543,43.642],[143.2637,43.6432],[143.2809,43.6475],[143.29,43.6506],[143.3034,43.6525],[143.3138,43.6504],[143.3247,43.646],[143.3374,43.6455],[143.3504,43.6422],[143.3618,43.6418],[143.3692,43.643],[143.3813,43.6493],[143.3953,43.6598],[143.4126,43.6684],[143.4255,43.671],[143.4322,43.6738],[143.4367,43.6778],[143.4416,43.6854],[143.4516,43.693],[143.4758,43.7021],[143.4833,43.7029],[143.5007,43.7031],[143.5101,43.7041],[143.5249,43.7076],[143.5331,43.7123],[143.536,43.7194],[143.5374,43.7307],[143.5395,43.7376],[143.543,43.7429],[143.5465,43.7453],[143.5562,43.7473],[143.5762,43.7539],[143.5927,43.7558],[143.6041,43.7587],[143.624,43.7597],[143.6297,43.7607],[143.6453,43.7664],[143.6624,43.7763],[143.6701,43.7815],[143.6861,43.7716],[143.6927,43.7715],[143.6998,43.7755],[143.7079,43.7778],[143.7218,43.7794],[143.7293,43.7817],[143.7449,43.7829],[143.7532,43.7812],[143.7661,43.7752],[143.7809,43.7655],[143.8002,43.758],[143.8033,43.753],[143.8046,43.7319],[143.7992,43.7195],[143.7993,43.716],[143.7959,43.7073],[143.797,43.6984],[143.8047,43.6881],[143.8142,43.6855],[143.8197,43.6816],[143.8298,43.6883],[143.8363,43.6948],[143.8477,43.7029],[143.8517,43.7046],[143.8638,43.7071],[143.8844,43.7072],[143.8987,43.7053],[143.9052,43.7082],[143.9101,43.7151],[143.9131,43.7283],[143.9249,43.7454],[143.9361,43.7568],[143.9435,43.7668],[143.947,43.7698],[143.9538,43.7717],[143.9591,43.7702],[143.9658,43.7659],[143.9707,43.7652],[143.9743,43.7688],[143.9791,43.7809],[143.9943,43.8027],[143.9991,43.8131],[144.0117,43.8301],[144.0137,43.8352],[144.0159,43.8464],[144.019,43.8525],[144.0329,43.8684],[144.0446,43.875],[144.0561,43.8787],[144.0619,43.8864],[144.0574,43.8889],[144.0548,43.8945],[144.0564,43.8976],[144.062,43.9005],[144.062,43.9099],[144.0526,43.9146],[144.0457,43.921],[144.037,43.9337],[144.0341,43.9404],[144.031,43.951],[144.0313,43.9588],[144.0355,43.9648],[144.0463,43.9747],[144.053,43.9856],[144.0534,43.9936],[144.0525,44.0025],[144.0468,44.0169],[144.047,44.0243],[144.0522,44.0396],[144.0535,44.057],[144.0553,44.0637],[144.0615,44.0743],[144.0695,44.0835],[144.0761,44.0946],[144.098,44.1101],[144.1032,44.1119],[144.1112,44.1185]]]}},{"type":"Feature","properties":{"id":1061},"geometry":{"type":"Polygon","coordinates":[[[144.4848,43.6747],[144.487,43.6663],[144.4915,43.6626],[144.5068,43.6562],[144.5133,43.6507],[144.5158,43.6453],[144.5207,43.6276],[144.5247,43.6204],[144.5345,43.6142],[144.555,43.6118],[144.5631,43.608],[144.5706,43.6079],[144.578,43.6102],[144.5847,43.6139],[144.5904,43.6192],[144.6117,43.634],[144.617,43.6357],[144.6228,43.6354],[144.6326,43.633],[144.638,43.6337],[144.6529,43.6419],[144.6644,43.6471],[144.6729,43.6524],[144.6812,43.654],[144.6908,43.6585],[144.6977,43.6641],[144.7077,43.6758],[144.7151,43.68],[144.7262,43.6832],[144.7271,43.6855],[144.7257,43.6932],[144.7218,43.6976],[144.7219,43.7076],[144.7195,43.7117],[144.7172,43.7234],[144.7173,43.7506],[144.7183,43.7684],[144.7119,43.7695],[144.705,43.7722],[144.6911,43.7847],[144.6848,43.7888],[144.6803,43.7935],[144.6726,43.7978],[144.6609,43.802],[144.646,43.8124],[144.6391,43.8211],[144.6332,43.8262],[144.627,43.8283],[144.6235,43.8314],[144.6199,43.8428],[144.6127,43.8524],[144.6046,43.8581],[144.5849,43.868],[144.5773,43.8706],[144.5676,43.8761],[144.5555,43.881],[144.5567,43.8646],[144.5598,43.8551],[144.5598,43.8455],[144.557,43.8404],[144.5495,43.8369],[144.5393,43.8356],[144.5306,43.8329],[144.5144,43.8308],[144.5087,43.8267],[144.5049,43.8207],[144.5007,43.808],[144.4997,43.8004],[144.4988,43.784],[144.4959,43.7775],[144.4949,43.7691],[144.4947,43.7567],[144.4928,43.7465],[144.4881,43.7352],[144.487,43.7199],[144.4848,43.7081],[144.4868,43.6935],[144.4848,43.6747]]]}},{"type":"Feature","properties":{"id":1062},"geometry":{"type":"Polygon","coordinates":[[[144.4308,43.9185],[144.4286,43.9075],[144.427,43.8945],[144.4239,43.8843],[144.4194,43.8764],[144.416,43.8677],[144.4125,43.8637],[144.405,43.8608],[144.3979,43.8543],[144.3947,43.8493],[144.3881,43.8308],[144.3802,43.8203],[144.3732,43.8203],[144.3727,43.8099],[144.3774,43.8018],[144.3848,43.7967],[144.3862,43.788],[144.3855,43.7808],[144.3786,43.7619],[144.3725,43.7488],[144.37,43.7377],[144.3678,43.7324],[144.362,43.7264],[144.3531,43.7212],[144.3359,43.7096],[144.3495,43.7035],[144.3801,43.6938],[144.3915,43.6917],[144.3992,43.6927],[144.4043,43.696],[144.4108,43.6975],[144.4325,43.6979],[144.4449,43.6968],[144.4634,43.6896],[144.472,43.6828],[144.4848,43.6747],[144.4868,43.6935],[144.4848,43.7081],[144.487,43.7199],[144.4881,43.7352],[144.4928,43.7465],[144.4947,43.7567],[144.4949,43.7691],[144.4959,43.7775],[144.4988,43.784],[144.4997,43.8004],[144.5007,43.808],[144.5049,43.8207],[144.5087,43.8267],[144.5144,43.8308],[144.5306,43.8329],[144.5393,43.8356],[144.5495,43.8369],[144.557,43.8404],[144.5598,43.8455],[144.5598,43.8551],[144.5567,43.8646],[144.5555,43.881],[144.555,43.8927],[144.5524,43.8996],[144.5519,43.9133],[144.5531,43.9209],[144.54,43.9221],[144.515,43.9254],[144.4916,43.9273],[144.4888,43.9288],[144.4792,43.9299],[144.4627,43.9334],[144.4416,43.9366],[144.4245,43.9405],[144.4163,43.9416],[144.3902,43.9477],[144.3633,43.9553],[144.3604,43.9528],[144.3671,43.9485],[144.3727,43.9503],[144.3778,43.9499],[144.3784,43.9464],[144.3869,43.9425],[144.3959,43.9421],[144.4085,43.9382],[144.4168,43.9365],[144.4196,43.9345],[144.4351,43.9337],[144.4387,43.9345],[144.4415,43.9307],[144.4355,43.9261],[144.4443,43.9209],[144.4435,43.9171],[144.4369,43.9136],[144.4308,43.9185]]]}},{"type":"Feature","properties":{"id":1063},"geometry":{"type":"Polygon","coordinates":[[[143.6701,43.7815],[143.6678,43.7613],[143.668,43.7445],[143.6705,43.7352],[143.6749,43.7249],[143.6762,43.7136],[143.674,43.7038],[143.6765,43.6902],[143.6821,43.6807],[143.6823,43.6751],[143.6745,43.6699],[143.6608,43.6666],[143.6489,43.6622],[143.6381,43.6566],[143.6329,43.6517],[143.6348,43.6452],[143.6385,43.6422],[143.6454,43.6448],[143.6552,43.6447],[143.6593,43.643],[143.6672,43.6374],[143.6763,43.6328],[143.6884,43.6327],[143.6925,43.6339],[143.7035,43.6425],[143.7126,43.6443],[143.7195,43.6398],[143.7261,43.6395],[143.7325,43.6432],[143.7402,43.6424],[143.747,43.6386],[143.7509,43.6341],[143.7547,43.6267],[143.7618,43.6224],[143.7714,43.6217],[143.7801,43.6249],[143.7841,43.6332],[143.7907,43.64],[143.8001,43.6439],[143.8263,43.6504],[143.8336,43.6577],[143.8345,43.6633],[143.8306,43.6691],[143.8219,43.6742],[143.8197,43.6769],[143.8197,43.6816],[143.8142,43.6855],[143.8047,43.6881],[143.797,43.6984],[143.7959,43.7073],[143.7993,43.716],[143.7992,43.7195],[143.8046,43.7319],[143.8033,43.753],[143.8002,43.758],[143.7809,43.7655],[143.7661,43.7752],[143.7532,43.7812],[143.7449,43.7829],[143.7293,43.7817],[143.7218,43.7794],[143.7079,43.7778],[143.6998,43.7755],[143.6927,43.7715],[143.6861,43.7716],[143.6701,43.7815]]]}},{"type":"Feature","properties":{"id":1064},"geometry":{"type":"Polygon","coordinates":[[[141.7651,43.0845],[141.7735,43.0772],[141.777,43.0724],[141.7791,43.065],[141.7732,43.0555],[141.7811,43.0424],[141.7872,43.0361],[141.7918,43.0333],[141.7968,43.0336],[141.8044,43.0365],[141.8123,43.0342],[141.8224,43.0216],[141.8306,43.0171],[141.8374,43.0116],[141.8463,43.0075],[141.8515,43.0021],[141.8573,42.9991],[141.8658,42.9975],[141.87,42.9939],[141.8703,42.9894],[141.868,42.9843],[141.8707,42.9781],[141.8775,42.9742],[141.8823,42.9687],[141.8845,42.9619],[141.8897,42.9557],[141.8964,42.9507],[141.911,42.9358],[141.9234,42.9257],[141.9344,42.918],[141.9385,42.9164],[141.945,42.9174],[141.9567,42.9234],[141.9626,42.9252],[141.9701,42.9256],[141.9799,42.9246],[141.982,42.9346],[141.9809,42.951],[141.9785,42.9562],[141.9724,42.9617],[141.9626,42.9736],[141.962,42.9792],[141.964,42.9901],[141.9626,42.996],[141.9576,43.0009],[141.9391,43.0039],[141.9282,43.0085],[141.9222,43.0149],[141.9211,43.0209],[141.9226,43.0282],[141.9201,43.0383],[141.9146,43.048],[141.9165,43.0523],[141.9219,43.0559],[141.9271,43.0734],[141.9283,43.0821],[141.9249,43.0933],[141.9274,43.1005],[141.9305,43.1021],[141.9388,43.103],[141.9527,43.1074],[141.9405,43.1148],[141.9268,43.1199],[141.9104,43.1218],[141.904,43.1255],[141.8966,43.1347],[141.8915,43.1365],[141.8816,43.1369],[141.8746,43.1361],[141.8574,43.13],[141.8495,43.1256],[141.8317,43.1135],[141.8158,43.1065],[141.8088,43.1041],[141.801,43.103],[141.7651,43.0845]]]}},{"type":"Feature","properties":{"id":1065},"geometry":{"type":"Polygon","coordinates":[[[140.5545,42.5778],[140.554,42.583],[140.5478,42.5933],[140.5496,42.6041],[140.5527,42.6093],[140.553,42.6272],[140.5651,42.6368],[140.5738,42.6461],[140.5683,42.6507],[140.5608,42.6547],[140.5411,42.664],[140.5371,42.6668],[140.5317,42.6735],[140.5265,42.6875],[140.5236,42.6995],[140.5197,42.7038],[140.5107,42.7052],[140.4913,42.6989],[140.4817,42.6976],[140.4757,42.6988],[140.4641,42.7034],[140.4453,42.7094],[140.4369,42.7109],[140.4206,42.7124],[140.4124,42.7144],[140.4028,42.7201],[140.3963,42.7258],[140.3838,42.7382],[140.3755,42.7493],[140.3669,42.7665],[140.3575,42.7688],[140.3349,42.7686],[140.3174,42.7707],[140.3082,42.7698],[140.3027,42.7588],[140.3044,42.7415],[140.3022,42.7375],[140.2934,42.7353],[140.2824,42.7365],[140.2743,42.7355],[140.2681,42.7321],[140.2624,42.7309],[140.2537,42.7329],[140.2446,42.7373],[140.2317,42.748],[140.2199,42.7394],[140.2111,42.7289],[140.2093,42.7242],[140.2105,42.7193],[140.2166,42.7104],[140.222,42.6979],[140.224,42.6868],[140.2246,42.6713],[140.2256,42.6667],[140.2297,42.66],[140.2372,42.652],[140.2394,42.6433],[140.2376,42.627],[140.2298,42.6132],[140.2354,42.6067],[140.2407,42.6033],[140.2468,42.6032],[140.2583,42.6074],[140.2756,42.608],[140.2864,42.6097],[140.2928,42.6139],[140.2991,42.6201],[140.3049,42.6241],[140.3172,42.6298],[140.3242,42.6302],[140.3358,42.6268],[140.3587,42.6234],[140.3649,42.6197],[140.3777,42.6073],[140.3958,42.5962],[140.4041,42.595],[140.4108,42.5912],[140.4165,42.5906],[140.4232,42.5937],[140.4315,42.5997],[140.4432,42.6108],[140.4499,42.6134],[140.4542,42.6128],[140.4616,42.6094],[140.4704,42.6075],[140.4813,42.6068],[140.4942,42.6026],[140.499,42.5991],[140.5019,42.5944],[140.4982,42.5866],[140.5018,42.5839],[140.5115,42.5842],[140.5167,42.5892],[140.533,42.5888],[140.5385,42.5871],[140.5472,42.5809],[140.5545,42.5778]]]}},{"type":"Feature","properties":{"id":1066},"geometry":{"type":"Polygon","coordinates":[[[144.5769,43.0174],[144.5661,43.026],[144.5624,43.0313],[144.5616,43.0357],[144.5635,43.0434],[144.5635,43.0543],[144.5594,43.0641],[144.5564,43.0736],[144.5475,43.089],[144.5446,43.0994],[144.5361,43.1082],[144.5247,43.1143],[144.508,43.1157],[144.4989,43.1188],[144.4935,43.1187],[144.4867,43.116],[144.4717,43.115],[144.4454,43.1153],[144.4335,43.1142],[144.4198,43.1095],[144.4112,43.1124],[144.4084,43.1089],[144.407,43.1024],[144.4077,43.0923],[144.4035,43.0746],[144.412,43.0686],[144.4226,43.0594],[144.4259,43.0548],[144.4276,43.0478],[144.4279,43.0325],[144.4271,43.0279],[144.4241,43.0242],[144.4112,43.0169],[144.4081,43.0122],[144.4094,43.0052],[144.4141,43.0026],[144.4321,43.0017],[144.4408,42.9981],[144.4507,42.9871],[144.4566,42.9825],[144.4764,42.9713],[144.4838,42.9649],[144.4873,42.9604],[144.4913,42.9522],[144.4969,42.9434],[144.5018,42.9429],[144.5149,42.9489],[144.5215,42.9483],[144.5288,42.9514],[144.5335,42.9495],[144.5417,42.9497],[144.5511,42.9464],[144.5642,42.95],[144.5753,42.9506],[144.5836,42.9479],[144.5882,42.9497],[144.5953,42.9489],[144.6086,42.9511],[144.6257,42.9504],[144.6311,42.9508],[144.6405,42.9456],[144.6545,42.9466],[144.6643,42.9452],[144.6747,42.9387],[144.6794,42.938],[144.6956,42.9381],[144.6981,42.9367],[144.7131,42.9364],[144.7261,42.934],[144.7319,42.9344],[144.7408,42.9325],[144.7469,42.9339],[144.7533,42.9319],[144.7592,42.9333],[144.7814,42.9336],[144.7842,42.9383],[144.7753,42.9422],[144.7538,42.9553],[144.7473,42.9563],[144.7404,42.9662],[144.7358,42.9693],[144.7278,42.9718],[144.7228,42.9764],[144.7231,42.9869],[144.7276,42.9963],[144.7345,43.0066],[144.7223,43.0017],[144.7173,42.9976],[144.7116,42.9889],[144.7042,42.9716],[144.7006,42.9666],[144.6943,42.9624],[144.6821,42.9616],[144.6647,42.962],[144.6576,42.9629],[144.6446,42.9671],[144.6323,42.9683],[144.6218,42.9716],[144.6097,42.9783],[144.5899,42.9869],[144.5837,42.9948],[144.5814,43.0021],[144.5803,43.0113],[144.5769,43.0174]]]}},{"type":"Feature","properties":{"id":1067},"geometry":{"type":"MultiPolygon","coordinates":[[[[143.8782,42.8484],[143.8939,42.8593],[143.9047,42.8661],[143.9144,42.8711],[143.9303,42.8812],[143.9389,42.8853],[143.9469,42.8903],[143.9806,42.9083],[144.0061,42.9206],[144.0038,42.9291],[144.0011,42.9328],[144.0001,42.941],[143.9972,42.9479],[143.9913,42.9539],[143.9845,42.9584],[143.9608,42.9699],[143.9453,42.9716],[143.9341,42.9761],[143.9218,42.9877],[143.9155,42.9945],[143.9114,43.0022],[143.9114,43.0148],[143.9159,43.0233],[143.9228,43.029],[143.9255,43.0341],[143.9238,43.0439],[143.9244,43.0476],[143.9303,43.0518],[143.9322,43.0556],[143.9307,43.0607],[143.9191,43.0725],[143.8987,43.0879],[143.8881,43.0933],[143.8814,43.0944],[143.8589,43.0944],[143.8484,43.0957],[143.841,43.0991],[143.828,43.1034],[143.8245,43.1068],[143.8175,43.1226],[143.8136,43.1275],[143.8076,43.1299],[143.7962,43.1289],[143.7895,43.1253],[143.7812,43.123],[143.7651,43.1203],[143.7624,43.1175],[143.7614,43.1109],[143.7625,43.1029],[143.7625,43.0891],[143.7596,43.0831],[143.7516,43.073],[143.7378,43.063],[143.7294,43.0556],[143.7238,43.0475],[143.7191,43.0374],[143.7182,43.0305],[143.7138,43.0188],[143.7145,43.0093],[143.7171,43.0043],[143.7241,43.0007],[143.7355,42.9995],[143.7443,42.9925],[143.7524,42.9884],[143.7574,42.984],[143.7624,42.9764],[143.7735,42.9672],[143.7747,42.9641],[143.7716,42.9505],[143.7749,42.9444],[143.7786,42.9341],[143.7845,42.9222],[143.7919,42.9115],[143.7925,42.8984],[143.798,42.8938],[143.8028,42.8919],[143.81,42.8913],[143.8181,42.8882],[143.8239,42.8847],[143.8334,42.8771],[143.841,42.8738],[143.8479,42.8691],[143.8528,42.8629],[143.86,42.8583],[143.8692,42.8564],[143.8782,42.8484]]],[[[144.0058,43.4671],[144.0037,43.4617],[144.0006,43.4466],[144.0023,43.44],[144.0075,43.436],[144.0197,43.4327],[144.0229,43.4307],[144.0262,43.4244],[144.0272,43.4173],[144.0265,43.4128],[144.022,43.4034],[144.0211,43.397],[144.0186,43.3923],[144.0127,43.387],[144.0066,43.3797],[144.0117,43.3773],[144.0165,43.3745],[144.0254,43.367],[144.0307,43.3569],[144.0295,43.3477],[144.0227,43.336],[144.0153,43.327],[144.0059,43.3127],[143.9955,43.3072],[143.9903,43.3027],[143.9854,43.2943],[143.9766,43.2851],[143.9728,43.2797],[143.9676,43.2693],[143.9666,43.2623],[143.9683,43.2513],[143.9712,43.2479],[143.9774,43.2445],[143.9839,43.2355],[143.9868,43.2288],[143.9928,43.2184],[143.9963,43.2091],[143.9983,43.1967],[144.0012,43.1908],[144.0067,43.1851],[144.0149,43.18],[144.0299,43.1726],[144.0357,43.1666],[144.0375,43.1594],[144.0388,43.1484],[144.0415,43.1442],[144.0518,43.1353],[144.0799,43.119],[144.0854,43.1139],[144.0891,43.1062],[144.0924,43.0908],[144.0988,43.08],[144.1024,43.0715],[144.1057,43.0675],[144.1143,43.063],[144.1212,43.0621],[144.1273,43.0629],[144.1377,43.0613],[144.155,43.0609],[144.1635,43.0589],[144.1666,43.0566],[144.1725,43.0472],[144.1799,43.0391],[144.188,43.0344],[144.1976,43.027],[144.2063,43.022],[144.2135,43.0161],[144.2256,43.0098],[144.24,42.9986],[144.2661,43.0031],[144.2726,43.003],[144.2846,43.0043],[144.316,43.0053],[144.3237,43.0037],[144.3225,42.9975],[144.3414,42.9936],[144.345,42.9967],[144.3539,42.9967],[144.3628,42.9936],[144.3628,42.9875],[144.3669,42.9844],[144.3722,42.9781],[144.3719,42.9747],[144.3653,42.9739],[144.3644,42.97],[144.37,42.9703],[144.3752,42.9673],[144.3825,42.9686],[144.3917,42.9686],[144.3969,42.9608],[144.4046,42.9574],[144.4139,42.9564],[144.422,42.9525],[144.4394,42.9517],[144.4455,42.9455],[144.4494,42.9434],[144.4617,42.9444],[144.4707,42.942],[144.4814,42.9406],[144.485,42.9392],[144.4987,42.941],[144.5018,42.9429],[144.4969,42.9434],[144.4913,42.9522],[144.4873,42.9604],[144.4838,42.9649],[144.4764,42.9713],[144.4566,42.9825],[144.4507,42.9871],[144.4408,42.9981],[144.4321,43.0017],[144.4141,43.0026],[144.4094,43.0052],[144.4081,43.0122],[144.4112,43.0169],[144.4241,43.0242],[144.4271,43.0279],[144.4279,43.0325],[144.4276,43.0478],[144.4259,43.0548],[144.4226,43.0594],[144.412,43.0686],[144.4035,43.0746],[144.3881,43.0796],[144.3713,43.0806],[144.3595,43.0827],[144.3515,43.0854],[144.3423,43.0863],[144.3349,43.0852],[144.3266,43.0815],[144.3188,43.0805],[144.3028,43.0808],[144.2952,43.0835],[144.2872,43.0916],[144.2831,43.1051],[144.2732,43.1178],[144.2667,43.1303],[144.2559,43.1484],[144.2542,43.1531],[144.253,43.1643],[144.2484,43.1688],[144.2431,43.1767],[144.2378,43.1905],[144.2296,43.207],[144.2256,43.2184],[144.2205,43.2283],[144.2108,43.2402],[144.1998,43.2497],[144.1941,43.256],[144.187,43.2618],[144.1811,43.2644],[144.1701,43.2709],[144.1628,43.2778],[144.1577,43.2811],[144.1516,43.2921],[144.1444,43.2991],[144.1345,43.3046],[144.1304,43.3129],[144.1336,43.3187],[144.1381,43.3224],[144.1474,43.3251],[144.1508,43.3301],[144.1497,43.3374],[144.1536,43.3516],[144.1596,43.3651],[144.1625,43.3691],[144.1717,43.3773],[144.179,43.3867],[144.1877,43.3948],[144.1968,43.4005],[144.2099,43.4141],[144.2155,43.4237],[144.2303,43.4382],[144.2341,43.4445],[144.2361,43.4559],[144.2332,43.4622],[144.2327,43.4738],[144.2311,43.4827],[144.2347,43.5026],[144.2381,43.5127],[144.2354,43.5169],[144.2246,43.5272],[144.2123,43.5245],[144.2006,43.5265],[144.1918,43.5246],[144.1862,43.5197],[144.1811,43.5175],[144.1755,43.5178],[144.1681,43.5217],[144.1622,43.5266],[144.1421,43.5345],[144.1332,43.5303],[144.1259,43.5217],[144.1217,43.5196],[144.1148,43.5188],[144.0912,43.519],[144.0835,43.5168],[144.0785,43.5115],[144.0749,43.5026],[144.0737,43.4898],[144.0702,43.4828],[144.0654,43.4789],[144.0504,43.4725],[144.0328,43.4676],[144.0241,43.467],[144.0058,43.4671]]]]}},{"type":"Feature","properties":{"id":1068},"geometry":{"type":"Polygon","coordinates":[[[140.8405,43.0073],[140.8363,43.006],[140.83,43.0007],[140.8266,43.0004],[140.8174,43.0038],[140.8036,43.0124],[140.7965,43.0149],[140.7865,43.0141],[140.7725,43.0093],[140.7724,42.9953],[140.7693,42.9834],[140.7659,42.9779],[140.7598,42.9721],[140.7519,42.9588],[140.7502,42.9478],[140.7457,42.9408],[140.7343,42.9304],[140.7224,42.9255],[140.7021,42.9231],[140.6951,42.9217],[140.6786,42.9153],[140.6706,42.9136],[140.6598,42.9134],[140.65,42.9117],[140.6407,42.9057],[140.6329,42.8947],[140.6398,42.8895],[140.6485,42.8882],[140.659,42.883],[140.6665,42.8782],[140.6762,42.8736],[140.6806,42.87],[140.6904,42.8592],[140.7011,42.8446],[140.708,42.8372],[140.7138,42.8291],[140.7181,42.8263],[140.7262,42.8283],[140.7293,42.8327],[140.7323,42.8419],[140.7358,42.8443],[140.7444,42.8445],[140.7548,42.8416],[140.7813,42.8413],[140.7906,42.8379],[140.7997,42.836],[140.8093,42.832],[140.8141,42.8283],[140.8282,42.831],[140.833,42.8404],[140.8368,42.8456],[140.845,42.8525],[140.8631,42.8703],[140.8644,42.8752],[140.8623,42.8861],[140.8639,42.8939],[140.8721,42.9026],[140.8769,42.9101],[140.8791,42.918],[140.8843,42.9236],[140.8937,42.9285],[140.9048,42.9299],[140.9164,42.929],[140.9256,42.9308],[140.9308,42.9359],[140.9322,42.94],[140.9319,42.949],[140.9244,42.9645],[140.9175,42.9755],[140.9135,42.9783],[140.9063,42.9796],[140.8999,42.9787],[140.8899,42.9752],[140.8808,42.9745],[140.875,42.976],[140.8695,42.9801],[140.8608,42.9923],[140.8507,42.9983],[140.8405,43.0073]]]}},{"type":"Feature","properties":{"id":1069},"geometry":{"type":"Polygon","coordinates":[[[140.9319,42.949],[140.9322,42.94],[140.9308,42.9359],[140.9256,42.9308],[140.9164,42.929],[140.9048,42.9299],[140.8937,42.9285],[140.8843,42.9236],[140.8791,42.918],[140.8769,42.9101],[140.8721,42.9026],[140.8639,42.8939],[140.8623,42.8861],[140.8644,42.8752],[140.8631,42.8703],[140.845,42.8525],[140.8368,42.8456],[140.833,42.8404],[140.8282,42.831],[140.8396,42.8269],[140.8453,42.8282],[140.8557,42.8268],[140.8607,42.8241],[140.8693,42.8229],[140.8789,42.8231],[140.8919,42.8248],[140.9029,42.8235],[140.9105,42.8207],[140.9197,42.819],[140.9291,42.816],[140.9403,42.8113],[140.9482,42.8105],[140.9585,42.8114],[140.9834,42.8117],[140.9977,42.8133],[141.006,42.816],[141.0124,42.82],[141.0151,42.8248],[141.0151,42.8319],[141.0132,42.8414],[141.0168,42.8474],[141.0242,42.8558],[141.0347,42.8713],[141.0419,42.8777],[141.0459,42.8849],[141.0498,42.8895],[141.0426,42.9011],[141.0401,42.9078],[141.0414,42.9157],[141.0545,42.9314],[141.0607,42.9396],[141.0624,42.9479],[141.0574,42.9531],[141.0338,42.9627],[141.0268,42.9672],[141.018,42.9751],[141.0107,42.9835],[141.0016,42.9813],[140.9845,42.9788],[140.9651,42.9792],[140.9557,42.9775],[140.9518,42.9747],[140.9454,42.9634],[140.9319,42.949]]]}},{"type":"Feature","properties":{"id":1070},"geometry":{"type":"Polygon","coordinates":[[[140.6012,43.0931],[140.5961,43.0927],[140.5885,43.0973],[140.5836,43.0954],[140.5698,43.0836],[140.5566,43.0754],[140.5525,43.0704],[140.549,43.0542],[140.5443,43.0467],[140.5418,43.0399],[140.5383,43.0349],[140.5286,43.0282],[140.53,43.0236],[140.5278,43.0013],[140.5222,42.9955],[140.52,42.9903],[140.5324,42.9779],[140.5399,42.9673],[140.5406,42.9482],[140.5419,42.9394],[140.5463,42.9283],[140.5472,42.9023],[140.5556,42.9032],[140.5801,42.9012],[140.5881,42.8992],[140.5984,42.8937],[140.6099,42.8927],[140.6221,42.8954],[140.6329,42.8947],[140.6407,42.9057],[140.65,42.9117],[140.6598,42.9134],[140.6706,42.9136],[140.6786,42.9153],[140.6951,42.9217],[140.7021,42.9231],[140.7224,42.9255],[140.7343,42.9304],[140.7457,42.9408],[140.7502,42.9478],[140.7519,42.9588],[140.7598,42.9721],[140.7659,42.9779],[140.7693,42.9834],[140.7724,42.9953],[140.7725,43.0093],[140.7631,43.0121],[140.7576,43.0155],[140.7385,43.0209],[140.7226,43.0311],[140.7118,43.0364],[140.7066,43.0452],[140.7009,43.0509],[140.688,43.0617],[140.6759,43.0703],[140.6661,43.0747],[140.6514,43.076],[140.6404,43.0801],[140.6229,43.0818],[140.6116,43.0871],[140.6012,43.0931]]]}},{"type":"Feature","properties":{"id":1071},"geometry":{"type":"Polygon","coordinates":[[[140.8396,42.8269],[140.8282,42.831],[140.8141,42.8283],[140.8051,42.8181],[140.7928,42.8115],[140.7748,42.7988],[140.7684,42.7904],[140.7622,42.7863],[140.7522,42.7834],[140.747,42.7781],[140.7411,42.7681],[140.7357,42.7564],[140.7358,42.7504],[140.7397,42.7459],[140.7536,42.7434],[140.7617,42.7395],[140.7752,42.738],[140.7835,42.7326],[140.7853,42.7286],[140.7832,42.7234],[140.778,42.7185],[140.7686,42.7145],[140.7705,42.7052],[140.7699,42.6961],[140.7649,42.6804],[140.7658,42.6666],[140.7791,42.6674],[140.7878,42.6671],[140.7952,42.6696],[140.7934,42.6865],[140.7959,42.694],[140.8007,42.6989],[140.8062,42.7017],[140.8227,42.703],[140.8304,42.7048],[140.8338,42.7071],[140.8366,42.7121],[140.8358,42.7217],[140.8381,42.7302],[140.8461,42.7384],[140.8508,42.7457],[140.8634,42.7553],[140.8817,42.7657],[140.9077,42.7733],[140.9228,42.779],[140.9117,42.7865],[140.9029,42.7912],[140.8686,42.8047],[140.851,42.8131],[140.844,42.8205],[140.8396,42.8269]]]}},{"type":"Feature","properties":{"id":1072},"geometry":{"type":"Polygon","coordinates":[[[143.3276,42.9338],[143.3227,42.9294],[143.3177,42.9283],[143.3049,42.9337],[143.2941,42.9375],[143.2855,42.9391],[143.2753,42.9356],[143.2694,42.9356],[143.2614,42.9384],[143.2545,42.9383],[143.2434,42.9234],[143.2375,42.9134],[143.2317,42.9058],[143.2305,42.8986],[143.2333,42.8922],[143.2347,42.8827],[143.2335,42.8703],[143.2299,42.8619],[143.2266,42.8497],[143.2256,42.8419],[143.2283,42.832],[143.2375,42.8169],[143.2491,42.8032],[143.2557,42.7886],[143.2564,42.7772],[143.2611,42.7697],[143.2733,42.7639],[143.2766,42.7599],[143.2741,42.7501],[143.2664,42.7365],[143.2601,42.7232],[143.2713,42.7232],[143.2845,42.7164],[143.2881,42.7103],[143.2844,42.6975],[143.2828,42.688],[143.2785,42.6731],[143.2772,42.659],[143.2754,42.6494],[143.2788,42.6412],[143.2861,42.6381],[143.2971,42.6372],[143.3033,42.6345],[143.3096,42.6273],[143.3101,42.6213],[143.3067,42.6113],[143.3047,42.6011],[143.2992,42.5946],[143.2885,42.5878],[143.2747,42.5813],[143.2558,42.5715],[143.2492,42.5696],[143.2367,42.5683],[143.2404,42.5555],[143.2471,42.5449],[143.2506,42.5436],[143.2578,42.5445],[143.2682,42.5415],[143.2759,42.5376],[143.2834,42.5353],[143.2921,42.5313],[143.3075,42.5295],[143.3654,42.5298],[143.3746,42.5289],[143.3889,42.5196],[143.4049,42.5141],[143.4125,42.5134],[143.4269,42.5177],[143.4409,42.5202],[143.4514,42.5246],[143.4531,42.5292],[143.4488,42.5362],[143.44,42.5412],[143.4221,42.558],[143.4178,42.5655],[143.4166,42.5793],[143.4123,42.5864],[143.4066,42.5906],[143.3981,42.5914],[143.3908,42.5884],[143.3837,42.5905],[143.3783,42.601],[143.3805,42.6072],[143.3756,42.6141],[143.3755,42.6191],[143.3777,42.6295],[143.3752,42.6381],[143.3744,42.6451],[143.3717,42.6508],[143.3514,42.6562],[143.3479,42.6579],[143.3455,42.6625],[143.34,42.6835],[143.3396,42.6975],[143.3404,42.7075],[143.3421,42.7131],[143.3461,42.7209],[143.3559,42.7424],[143.3582,42.7625],[143.3656,42.7819],[143.3834,42.8023],[143.3958,42.8128],[143.4012,42.8225],[143.4025,42.8298],[143.4021,42.849],[143.3971,42.8595],[143.3964,42.8646],[143.401,42.8708],[143.4098,42.8729],[143.4178,42.8733],[143.4297,42.8772],[143.4486,42.8784],[143.4353,42.8985],[143.4237,42.9121],[143.4181,42.9164],[143.4021,42.924],[143.3948,42.9297],[143.3875,42.9407],[143.382,42.944],[143.3643,42.9443],[143.3539,42.941],[143.3388,42.9378],[143.3276,42.9338]]]}},{"type":"Feature","properties":{"id":1073},"geometry":{"type":"Polygon","coordinates":[[[141.7072,43.7925],[141.7007,43.8209],[141.6969,43.8287],[141.6912,43.8369],[141.677,43.8521],[141.6743,43.8585],[141.6709,43.8723],[141.6638,43.8801],[141.6517,43.8876],[141.6175,43.9062],[141.6127,43.9083],[141.6062,43.9008],[141.603,43.8923],[141.5972,43.8848],[141.5886,43.8827],[141.58,43.8708],[141.5757,43.8684],[141.5692,43.869],[141.5637,43.8653],[141.5627,43.8611],[141.5574,43.858],[141.5514,43.8616],[141.5465,43.8606],[141.5422,43.8539],[141.5341,43.8517],[141.5291,43.8542],[141.5293,43.8574],[141.5245,43.8597],[141.5161,43.8582],[141.5082,43.8541],[141.494,43.8363],[141.482,43.8358],[141.477,43.8333],[141.47,43.8331],[141.4551,43.8344],[141.4459,43.8284],[141.4406,43.828],[141.432,43.8252],[141.414,43.8156],[141.3979,43.8117],[141.3923,43.8067],[141.3876,43.806],[141.3811,43.802],[141.372,43.7912],[141.3697,43.7863],[141.3702,43.7784],[141.3667,43.7722],[141.3623,43.7689],[141.3622,43.7635],[141.3598,43.7604],[141.3498,43.7544],[141.3431,43.7432],[141.3395,43.7431],[141.3413,43.7394],[141.3463,43.7376],[141.3555,43.7366],[141.363,43.7338],[141.3704,43.7332],[141.3769,43.7343],[141.3906,43.7387],[141.4042,43.7383],[141.4091,43.7354],[141.4185,43.7213],[141.4262,43.7162],[141.4385,43.7135],[141.4537,43.7064],[141.4697,43.7039],[141.4781,43.7],[141.4857,43.6951],[141.4936,43.6946],[141.5016,43.6967],[141.5195,43.7063],[141.5335,43.7112],[141.541,43.7116],[141.5482,43.7142],[141.5541,43.7167],[141.5604,43.7213],[141.571,43.7258],[141.5828,43.7322],[141.5914,43.7382],[141.6031,43.7446],[141.6138,43.7493],[141.6262,43.7522],[141.6372,43.7571],[141.6435,43.7588],[141.6685,43.7592],[141.6826,43.7579],[141.6902,43.7546],[141.6973,43.7531],[141.7086,43.7533],[141.7118,43.7573],[141.7134,43.7639],[141.7127,43.7707],[141.7093,43.7798],[141.7072,43.7925]]]}},{"type":"Feature","properties":{"id":1074},"geometry":{"type":"Polygon","coordinates":[[[140.214,41.4087],[140.2084,41.4209],[140.2068,41.4303],[140.2041,41.4353],[140.1987,41.4386],[140.1962,41.4422],[140.1953,41.4476],[140.1953,41.4633],[140.1944,41.4684],[140.1879,41.4794],[140.1865,41.486],[140.1831,41.4924],[140.177,41.4989],[140.1742,41.5046],[140.1722,41.5164],[140.1735,41.528],[140.1789,41.5359],[140.1793,41.5403],[140.1769,41.5475],[140.1733,41.5673],[140.165,41.5842],[140.1524,41.583],[140.1305,41.5828],[140.1201,41.5839],[140.1068,41.5931],[140.0987,41.595],[140.0807,41.5959],[140.0726,41.5957],[140.0632,41.5997],[140.0558,41.612],[140.0475,41.619],[140.0395,41.6239],[140.0294,41.6318],[140.0229,41.6339],[139.996,41.6358],[139.993,41.634],[139.9933,41.6292],[139.9887,41.6176],[139.9836,41.6119],[139.9831,41.6036],[139.9814,41.6019],[139.9831,41.595],[139.9819,41.5831],[139.9847,41.5769],[139.9842,41.5689],[139.9867,41.5645],[139.9845,41.5608],[139.9856,41.5547],[139.9914,41.5458],[139.9914,41.5428],[139.9981,41.54],[139.9986,41.5356],[140.0021,41.5308],[140.0022,41.5235],[140.0076,41.5191],[140.009,41.5128],[140.0132,41.5072],[140.0137,41.5017],[140.0173,41.4986],[140.0152,41.4915],[140.0217,41.4824],[140.0257,41.4799],[140.029,41.4728],[140.0295,41.4679],[140.0278,41.4637],[140.0316,41.4583],[140.0408,41.4497],[140.0417,41.4469],[140.048,41.4459],[140.0549,41.4405],[140.0633,41.4372],[140.0747,41.4248],[140.083,41.4236],[140.0913,41.4211],[140.0928,41.4243],[140.1157,41.4272],[140.1205,41.4299],[140.1324,41.4302],[140.137,41.427],[140.1448,41.4285],[140.148,41.4257],[140.1541,41.4253],[140.1594,41.4222],[140.1633,41.4179],[140.1691,41.4154],[140.1783,41.4079],[140.1844,41.4017],[140.1993,41.398],[140.2037,41.4037],[140.214,41.4087]]]}},{"type":"Feature","properties":{"id":1075},"geometry":{"type":"Polygon","coordinates":[[[142.7396,42.7818],[142.7481,42.772],[142.7532,42.7697],[142.7584,42.7694],[142.7664,42.7718],[142.7779,42.7724],[142.7849,42.7694],[142.7925,42.7642],[142.8008,42.7619],[142.8254,42.7618],[142.8352,42.7608],[142.8457,42.757],[142.8512,42.7562],[142.8672,42.7562],[142.8847,42.7571],[142.8952,42.7541],[142.9,42.7506],[142.9063,42.7505],[142.909,42.7484],[142.917,42.7381],[142.939,42.7251],[142.9451,42.7233],[142.9525,42.7251],[142.9632,42.7359],[142.9751,42.7428],[142.9848,42.7528],[142.9977,42.76],[143.0091,42.7747],[143.0165,42.7806],[143.0254,42.7842],[143.0415,42.7876],[143.0762,42.8049],[143.0852,42.8102],[143.0928,42.8165],[143.1044,42.8273],[143.1137,42.8382],[143.1339,42.8578],[143.1402,42.8656],[143.1475,42.877],[143.156,42.8872],[143.1571,42.8923],[143.1547,42.8973],[143.1502,42.8995],[143.1359,42.8994],[143.1298,42.9027],[143.1247,42.91],[143.1231,42.9166],[143.1231,42.9321],[143.1244,42.9364],[143.1285,42.9412],[143.1371,42.9462],[143.1438,42.9482],[143.1539,42.9497],[143.1453,42.9636],[143.1346,42.9786],[143.1266,42.9872],[143.1158,42.9973],[143.1072,43.0026],[143.0905,43.0102],[143.0752,43.0158],[143.0633,43.022],[143.0551,43.0271],[143.0384,43.0339],[143.0286,43.0392],[143.0233,43.0318],[143.0137,43.0131],[143.0129,43.0027],[143.0137,42.9928],[143.0161,42.9826],[143.0166,42.9676],[143.0144,42.964],[143.0091,42.9605],[142.9987,42.9619],[142.989,42.9602],[142.9874,42.9544],[142.9919,42.949],[142.9979,42.9448],[143.0012,42.9403],[143.0024,42.9351],[142.9998,42.9299],[142.9949,42.9272],[142.9795,42.9269],[142.9714,42.9247],[142.9676,42.9199],[142.9699,42.9119],[142.966,42.898],[142.9601,42.8914],[142.9534,42.8875],[142.9476,42.8825],[142.946,42.8788],[142.9473,42.8737],[142.9541,42.8626],[142.9548,42.8564],[142.9532,42.852],[142.9465,42.8442],[142.936,42.8428],[142.927,42.8465],[142.9133,42.8477],[142.8881,42.8474],[142.8799,42.8481],[142.8603,42.8549],[142.8428,42.8633],[142.8327,42.8658],[142.8243,42.8691],[142.816,42.8699],[142.8016,42.8679],[142.7918,42.8622],[142.7799,42.8599],[142.7694,42.8565],[142.7642,42.8537],[142.7557,42.8449],[142.7523,42.8363],[142.75,42.8262],[142.7433,42.8097],[142.7417,42.8008],[142.7375,42.7919],[142.7396,42.7818]]]}},{"type":"Feature","properties":{"id":1076},"geometry":{"type":"Polygon","coordinates":[[[142.0637,43.3517],[142.0576,43.3583],[142.0511,43.3606],[142.0406,43.3594],[142.0364,43.3573],[142.0275,43.3473],[142.0237,43.3397],[142.0214,43.3256],[142.0174,43.3199],[142.0102,43.3163],[142.0022,43.3143],[141.9717,43.303],[141.9628,43.2986],[141.9509,43.2942],[141.9442,43.2945],[141.9327,43.2977],[141.9187,43.2973],[141.913,43.2954],[141.902,43.2891],[141.8893,43.2806],[141.8805,43.2711],[141.8728,43.2671],[141.8682,43.2661],[141.8558,43.266],[141.8436,43.2631],[141.8371,43.2592],[141.83,43.2584],[141.8183,43.2615],[141.813,43.2484],[141.8148,43.2409],[141.8176,43.2389],[141.827,43.2368],[141.8312,43.2338],[141.8332,43.2282],[141.833,43.2169],[141.839,43.2107],[141.8464,43.2097],[141.8761,43.21],[141.8852,43.2096],[141.8904,43.2082],[141.9015,43.2007],[141.9066,43.2007],[141.9227,43.2121],[141.9295,43.2137],[141.9339,43.2124],[141.941,43.208],[141.9488,43.2012],[141.9588,43.1977],[141.9678,43.1983],[141.9754,43.1972],[141.9841,43.1933],[141.9945,43.1926],[142.0002,43.1908],[142.0081,43.1857],[142.0217,43.18],[142.027,43.1767],[142.0374,43.1766],[142.0424,43.1754],[142.0514,43.167],[142.053,43.1444],[142.0619,43.1509],[142.0717,43.1566],[142.0827,43.1657],[142.0898,43.1683],[142.105,43.1695],[142.1152,43.1735],[142.1258,43.1765],[142.1333,43.1817],[142.1452,43.1928],[142.1609,43.2022],[142.1654,43.2056],[142.1748,43.2212],[142.177,43.2286],[142.1695,43.2301],[142.1575,43.2296],[142.1477,43.2266],[142.1414,43.2265],[142.1307,43.2297],[142.1266,43.232],[142.1214,43.2378],[142.1174,43.2458],[142.1062,43.2617],[142.0983,43.2747],[142.095,43.283],[142.0912,43.2884],[142.0833,43.2947],[142.0707,43.3035],[142.065,43.3092],[142.0639,43.3182],[142.0674,43.3246],[142.0755,43.3328],[142.0774,43.3377],[142.0758,43.3412],[142.0678,43.3459],[142.0637,43.3517]]]}},{"type":"Feature","properties":{"id":1077},"geometry":{"type":"Polygon","coordinates":[[[142.2966,43.2339],[142.2982,43.2262],[142.3,43.2094],[142.2997,43.2046],[142.2973,43.1994],[142.2876,43.1867],[142.2785,43.1704],[142.2742,43.1602],[142.2739,43.152],[142.2751,43.1391],[142.2722,43.1329],[142.265,43.1237],[142.2622,43.1158],[142.2628,43.109],[142.2652,43.1039],[142.2758,43.0898],[142.2826,43.0777],[142.2883,43.0713],[142.2948,43.0658],[142.3025,43.062],[142.3121,43.059],[142.3216,43.0586],[142.3426,43.0591],[142.3496,43.0727],[142.353,43.0847],[142.3583,43.0927],[142.362,43.0953],[142.3782,43.1023],[142.3945,43.1057],[142.401,43.1059],[142.407,43.1042],[142.4202,43.0987],[142.4257,43.0973],[142.442,43.0955],[142.4575,43.0922],[142.47,43.0931],[142.4764,43.0949],[142.4933,43.1026],[142.5026,43.1088],[142.5127,43.1199],[142.5269,43.1297],[142.5377,43.1351],[142.5504,43.1367],[142.5653,43.1354],[142.5708,43.133],[142.5847,43.1232],[142.5946,43.1174],[142.6056,43.1083],[142.6096,43.1027],[142.613,43.0929],[142.6179,43.0883],[142.6232,43.0866],[142.6413,43.0849],[142.6574,43.0778],[142.6664,43.0713],[142.6847,43.0527],[142.7032,43.038],[142.7144,43.0319],[142.7263,43.028],[142.7553,43.0163],[142.7626,43.0161],[142.7678,43.0183],[142.7712,43.0231],[142.7705,43.0382],[142.7643,43.0577],[142.7565,43.0681],[142.7484,43.0755],[142.746,43.0814],[142.7488,43.088],[142.7566,43.0959],[142.7609,43.1032],[142.7643,43.117],[142.7662,43.121],[142.7755,43.1274],[142.7818,43.1341],[142.7835,43.1411],[142.7842,43.1634],[142.7877,43.1801],[142.7868,43.187],[142.7818,43.2004],[142.7757,43.2076],[142.7622,43.2171],[142.756,43.2252],[142.7546,43.2389],[142.7553,43.2495],[142.7576,43.2584],[142.7612,43.268],[142.7609,43.2796],[142.7558,43.2929],[142.7551,43.3034],[142.7556,43.3139],[142.7585,43.3239],[142.7674,43.3408],[142.7703,43.3522],[142.7534,43.3615],[142.7415,43.3671],[142.7288,43.3764],[142.7177,43.3878],[142.699,43.4039],[142.6906,43.4071],[142.6833,43.3999],[142.6853,43.3959],[142.6856,43.3895],[142.681,43.3803],[142.6666,43.3617],[142.6596,43.3542],[142.6569,43.3469],[142.659,43.3394],[142.668,43.3254],[142.6724,43.3167],[142.6767,43.3121],[142.6876,43.3046],[142.6935,43.2945],[142.6948,43.287],[142.6936,43.2789],[142.6884,43.268],[142.6859,43.254],[142.6784,43.244],[142.6638,43.231],[142.6585,43.2271],[142.6439,43.2209],[142.6306,43.2187],[142.6217,43.2153],[142.6096,43.2073],[142.5926,43.1994],[142.5864,43.1976],[142.5746,43.1971],[142.5629,43.1978],[142.5524,43.2],[142.5468,43.1998],[142.5281,43.1952],[142.5208,43.1918],[142.5123,43.1838],[142.5061,43.1806],[142.5012,43.1798],[142.4796,43.1802],[142.4728,43.1822],[142.4651,43.1861],[142.4592,43.191],[142.4534,43.2002],[142.4455,43.2091],[142.4375,43.2139],[142.4323,43.215],[142.4185,43.2149],[142.414,43.2135],[142.4101,43.209],[142.4057,43.2002],[142.3943,43.1847],[142.3904,43.1777],[142.3812,43.169],[142.3688,43.1647],[142.3619,43.1649],[142.3499,43.1692],[142.3438,43.1762],[142.342,43.1825],[142.3406,43.1997],[142.3368,43.2093],[142.3314,43.2173],[142.3268,43.222],[142.3132,43.2332],[142.2948,43.2426],[142.2966,43.2339]]]}},{"type":"Feature","properties":{"id":1078},"geometry":{"type":"Polygon","coordinates":[[[143.4209,44.1128],[143.4235,44.1337],[143.4255,44.1399],[143.4292,44.1446],[143.4399,44.1529],[143.443,44.1597],[143.4502,44.1656],[143.4563,44.167],[143.4688,44.1833],[143.4726,44.1856],[143.4864,44.1907],[143.4937,44.1962],[143.5048,44.2082],[143.5095,44.2119],[143.5139,44.2174],[143.5235,44.227],[143.5385,44.237],[143.5419,44.2406],[143.5408,44.2451],[143.5446,44.2493],[143.5406,44.2528],[143.5392,44.259],[143.5156,44.2679],[143.5184,44.256],[143.5166,44.2492],[143.5094,44.2464],[143.5001,44.2486],[143.4983,44.2529],[143.4945,44.2545],[143.4877,44.2546],[143.4945,44.2608],[143.4949,44.2655],[143.5039,44.2666],[143.5058,44.2697],[143.5005,44.2737],[143.4616,44.2881],[143.4487,44.2939],[143.436,44.2985],[143.4189,44.3067],[143.4147,44.308],[143.3791,44.3267],[143.3649,44.336],[143.3629,44.3411],[143.3644,44.3441],[143.3571,44.3525],[143.3619,44.3569],[143.356,44.3601],[143.3534,44.3652],[143.3482,44.3705],[143.3406,44.3717],[143.3268,44.3774],[143.319,44.3792],[143.3159,44.3825],[143.2985,44.3904],[143.2956,44.3889],[143.2801,44.3742],[143.2633,44.3639],[143.2558,44.3547],[143.2501,44.3503],[143.2393,44.3474],[143.2266,44.3419],[143.2145,44.3343],[143.2044,44.3308],[143.1941,44.3304],[143.1636,44.3197],[143.1507,44.3131],[143.1429,44.3101],[143.1332,44.3025],[143.1237,44.2899],[143.1162,44.2751],[143.1256,44.2674],[143.1365,44.2601],[143.149,44.2487],[143.1595,44.2425],[143.1705,44.2323],[143.1749,44.2308],[143.1897,44.2308],[143.1983,44.2295],[143.2066,44.2236],[143.2098,44.2183],[143.2108,44.2132],[143.2103,44.2046],[143.2069,44.1968],[143.2019,44.1919],[143.1925,44.1856],[143.1865,44.1775],[143.1809,44.1654],[143.178,44.161],[143.1651,44.1465],[143.156,44.1395],[143.1531,44.1302],[143.1555,44.1189],[143.1599,44.1128],[143.1627,44.1047],[143.1628,44.1],[143.16,44.0898],[143.1524,44.0734],[143.1441,44.0584],[143.1442,44.052],[143.1472,44.0392],[143.1464,44.0282],[143.1468,44.0145],[143.144,44.007],[143.144,43.9999],[143.156,43.9989],[143.1692,43.9954],[143.1748,43.9958],[143.1808,43.9993],[143.2012,44.0171],[143.2061,44.0183],[143.2198,44.0193],[143.2293,44.0225],[143.2416,44.03],[143.2558,44.0348],[143.268,44.041],[143.2744,44.0404],[143.284,44.0344],[143.2974,44.0299],[143.3044,44.0302],[143.3114,44.0344],[143.3174,44.0411],[143.3242,44.0461],[143.3334,44.0501],[143.3398,44.0549],[143.3434,44.0611],[143.3516,44.069],[143.3596,44.0734],[143.3675,44.0793],[143.3892,44.1038],[143.3988,44.1078],[143.4162,44.1081],[143.4209,44.1128]]]}},{"type":"Feature","properties":{"id":1079},"geometry":{"type":"Polygon","coordinates":[[[140.477,41.9991],[140.4837,41.9948],[140.4945,41.9899],[140.5078,41.989],[140.5173,41.9908],[140.5275,41.9955],[140.5387,41.9964],[140.548,41.9946],[140.5519,41.9901],[140.5536,41.9832],[140.5596,41.9781],[140.5671,41.977],[140.5794,41.9704],[140.587,41.9779],[140.5921,41.9855],[140.595,41.995],[140.6027,42.0011],[140.6148,42.0065],[140.6196,42.0072],[140.6278,42.0037],[140.6345,41.997],[140.6411,41.9942],[140.648,42.001],[140.6567,42.0054],[140.667,42.0056],[140.6788,42.0027],[140.689,42.0046],[140.7018,42.0053],[140.7053,42.0104],[140.7031,42.0173],[140.6969,42.0263],[140.6922,42.0392],[140.6909,42.0468],[140.6929,42.0536],[140.6851,42.0569],[140.6844,42.0604],[140.6896,42.0621],[140.6908,42.0661],[140.6945,42.0685],[140.7098,42.0685],[140.7219,42.0719],[140.7359,42.0744],[140.7444,42.0775],[140.7487,42.0815],[140.7625,42.0915],[140.7683,42.0937],[140.7622,42.1139],[140.7579,42.1174],[140.742,42.1202],[140.7341,42.1237],[140.7225,42.1309],[140.7147,42.1373],[140.7084,42.1384],[140.6918,42.1267],[140.6841,42.1253],[140.6747,42.1263],[140.6646,42.1288],[140.6561,42.1285],[140.6396,42.1222],[140.6334,42.1214],[140.6164,42.1151],[140.6097,42.1134],[140.5962,42.1116],[140.5864,42.1083],[140.5801,42.1079],[140.5699,42.1107],[140.5622,42.111],[140.5568,42.1128],[140.5462,42.1144],[140.5335,42.1217],[140.5302,42.1213],[140.5194,42.1261],[140.5119,42.1313],[140.5074,42.1361],[140.4999,42.1461],[140.4839,42.1555],[140.4775,42.1565],[140.47,42.1628],[140.4656,42.1641],[140.4624,42.1677],[140.4585,42.1756],[140.4515,42.1782],[140.4508,42.1711],[140.4485,42.167],[140.4229,42.1548],[140.4143,42.1481],[140.4056,42.1375],[140.4013,42.1278],[140.405,42.1214],[140.4182,42.1157],[140.4245,42.1091],[140.4285,42.0987],[140.4292,42.0849],[140.4289,42.0703],[140.4311,42.0647],[140.439,42.0512],[140.4401,42.0453],[140.4383,42.0337],[140.4351,42.0247],[140.4494,42.0156],[140.463,42.0097],[140.4693,42.0063],[140.477,41.9991]]]}},{"type":"Feature","properties":{"id":1080},"geometry":{"type":"Polygon","coordinates":[[[141.9146,43.7481],[141.9241,43.7291],[141.921,43.7187],[141.9236,43.7131],[141.9304,43.7029],[141.9305,43.6947],[141.9222,43.6884],[141.9192,43.6831],[141.9232,43.6762],[141.9381,43.6616],[141.9436,43.6682],[141.9539,43.6732],[141.9596,43.6731],[141.9665,43.6707],[141.9817,43.6703],[141.9941,43.6774],[142.0016,43.6842],[142.0043,43.6912],[142.0031,43.6966],[141.9971,43.7095],[141.9924,43.7231],[141.9792,43.7493],[141.9691,43.7466],[141.9592,43.7458],[141.9388,43.7461],[141.9146,43.7481]]]}},{"type":"Feature","properties":{"id":1081},"geometry":{"type":"Polygon","coordinates":[[[141.8747,42.5868],[141.8899,42.5821],[141.9028,42.5762],[141.9139,42.566],[141.916,42.561],[141.9206,42.5608],[141.9278,42.5559],[141.9346,42.5526],[141.9392,42.5489],[141.9393,42.5454],[141.9535,42.539],[141.9659,42.5304],[141.9665,42.5282],[141.9736,42.523],[141.9835,42.5343],[141.9908,42.54],[141.9981,42.5421],[142.0075,42.5428],[142.0147,42.5446],[142.029,42.5509],[142.0348,42.5526],[142.0455,42.5564],[142.0662,42.5705],[142.0776,42.574],[142.0884,42.5784],[142.0996,42.5862],[142.1109,42.5896],[142.124,42.5948],[142.1273,42.5976],[142.1288,42.6021],[142.1299,42.6142],[142.1345,42.6266],[142.1476,42.6511],[142.1542,42.6589],[142.1562,42.6677],[142.1599,42.6735],[142.1649,42.6763],[142.169,42.681],[142.171,42.6861],[142.1785,42.6931],[142.1866,42.6977],[142.1944,42.7067],[142.2,42.7205],[142.2061,42.7249],[142.2165,42.7256],[142.221,42.7271],[142.2271,42.7364],[142.2353,42.7448],[142.2414,42.748],[142.2546,42.7494],[142.2709,42.7547],[142.2797,42.7594],[142.2853,42.7638],[142.2978,42.7689],[142.3047,42.7735],[142.3084,42.7791],[142.3129,42.7961],[142.314,42.8028],[142.3176,42.8117],[142.319,42.8217],[142.3199,42.8583],[142.3234,42.8701],[142.3251,42.8836],[142.3285,42.8892],[142.3393,42.8958],[142.3427,42.9005],[142.3415,42.9073],[142.3333,42.917],[142.3251,42.9235],[142.3121,42.9399],[142.306,42.9448],[142.2966,42.9504],[142.2913,42.9552],[142.2904,42.9596],[142.2928,42.9728],[142.2926,42.9854],[142.2875,42.9896],[142.2813,42.9887],[142.277,42.985],[142.2721,42.9761],[142.2666,42.9725],[142.2607,42.9725],[142.2517,42.9761],[142.24,42.9751],[142.2323,42.9706],[142.2214,42.962],[142.2143,42.9588],[142.201,42.9586],[142.1941,42.9599],[142.1876,42.9596],[142.1767,42.9571],[142.1678,42.9575],[142.1635,42.9564],[142.1585,42.9504],[142.1564,42.9367],[142.155,42.9338],[142.1498,42.9307],[142.1315,42.9239],[142.1248,42.9178],[142.1211,42.908],[142.1151,42.8955],[142.1084,42.8838],[142.1057,42.8812],[142.0905,42.8713],[142.0976,42.8668],[142.1027,42.861],[142.1115,42.8562],[142.1141,42.8518],[142.1133,42.8458],[142.1152,42.8392],[142.1205,42.8325],[142.1221,42.8275],[142.1225,42.8191],[142.1212,42.8123],[142.1167,42.8066],[142.1063,42.8011],[142.0988,42.7897],[142.0959,42.7832],[142.0909,42.7756],[142.0832,42.7666],[142.0782,42.7588],[142.0715,42.7514],[142.0608,42.7416],[142.0538,42.732],[142.0464,42.7268],[142.029,42.7174],[142.0205,42.7114],[142.0133,42.7076],[142.0094,42.7039],[142.0067,42.6932],[142.0068,42.6689],[142.0089,42.6567],[142.0085,42.651],[142.0042,42.6464],[141.9984,42.6452],[141.9921,42.6462],[141.9848,42.6453],[141.978,42.6418],[141.9719,42.6416],[141.966,42.6453],[141.9543,42.6475],[141.9454,42.644],[141.9354,42.6335],[141.9313,42.6224],[141.9257,42.6174],[141.9139,42.6122],[141.8956,42.6075],[141.8893,42.6037],[141.884,42.5985],[141.8747,42.5868]]]}},{"type":"Feature","properties":{"id":1082},"geometry":{"type":"Polygon","coordinates":[[[140.9072,42.3862],[140.9082,42.377],[140.9124,42.3752],[140.9176,42.3706],[140.9345,42.3637],[140.9433,42.3642],[140.9478,42.3607],[140.9757,42.3572],[140.9847,42.3555],[140.9853,42.3534],[140.9764,42.3524],[140.9797,42.3479],[140.9991,42.3503],[141.0071,42.349],[141,42.3458],[140.9888,42.345],[140.9812,42.3425],[140.9814,42.3373],[140.9859,42.3305],[140.9843,42.3269],[140.978,42.3252],[140.9694,42.3275],[140.9707,42.3342],[140.9479,42.3445],[140.9427,42.3446],[140.9408,42.3395],[140.935,42.3406],[140.9306,42.3354],[140.9339,42.3312],[140.9397,42.3271],[140.9405,42.3236],[140.9479,42.3167],[140.952,42.3186],[140.9581,42.3174],[140.9622,42.3145],[140.9684,42.314],[140.9688,42.3074],[140.9747,42.3084],[140.9822,42.3072],[140.9858,42.3036],[141.003,42.3006],[141.0098,42.308],[141.0078,42.3116],[141.0134,42.3221],[141.0189,42.3287],[141.0269,42.3364],[141.0334,42.3388],[141.0361,42.344],[141.0439,42.3493],[141.0537,42.3506],[141.0535,42.3571],[141.0505,42.3544],[141.0469,42.3683],[141.042,42.3843],[141.0358,42.3976],[141.0295,42.4073],[141.0234,42.4129],[141.0208,42.4179],[141.0202,42.4266],[141.0184,42.4305],[141.013,42.4351],[141.0073,42.4373],[140.9875,42.4378],[140.9855,42.419],[140.9838,42.414],[140.9792,42.4088],[140.9682,42.4012],[140.9571,42.3916],[140.9458,42.3872],[140.9286,42.3873],[140.9072,42.3862]]]}},{"type":"Feature","properties":{"id":1083},"geometry":{"type":"Polygon","coordinates":[[[141.7709,42.959],[141.7663,42.9637],[141.7623,42.9758],[141.7534,42.9899],[141.7536,42.994],[141.7589,43.001],[141.7629,43.0091],[141.7641,43.0157],[141.7634,43.0223],[141.7601,43.0333],[141.7648,43.0439],[141.7732,43.0555],[141.7791,43.065],[141.777,43.0724],[141.7735,43.0772],[141.7651,43.0845],[141.7551,43.0879],[141.7416,43.0909],[141.7331,43.0937],[141.7246,43.0941],[141.7149,43.0907],[141.7101,43.0812],[141.7063,43.0782],[141.6925,43.0716],[141.6859,43.0594],[141.6739,43.0521],[141.6704,43.0469],[141.6653,43.0424],[141.6574,43.038],[141.6378,43.0321],[141.6225,43.0191],[141.6133,43.0083],[141.608,43.0035],[141.626,42.9901],[141.631,42.9839],[141.64,42.977],[141.6451,42.9696],[141.6634,42.9371],[141.6653,42.9322],[141.6654,42.9267],[141.6634,42.9217],[141.6626,42.9134],[141.6637,42.9076],[141.6678,42.9006],[141.6747,42.8983],[141.6833,42.9014],[141.6915,42.9151],[141.6989,42.9162],[141.7076,42.9125],[141.7125,42.9143],[141.7244,42.9267],[141.7311,42.93],[141.7465,42.9355],[141.7589,42.9459],[141.7644,42.9562],[141.7709,42.959]]]}},{"type":"Feature","properties":{"id":1084},"geometry":{"type":"Polygon","coordinates":[[[142.0217,43.4161],[142.0092,43.4171],[142.0035,43.4161],[141.9968,43.413],[141.9913,43.4139],[141.9891,43.4172],[141.9899,43.4266],[141.9948,43.4379],[141.9956,43.4451],[141.9941,43.452],[141.9886,43.4556],[141.9783,43.4548],[141.9572,43.4515],[141.9462,43.4516],[141.9326,43.4558],[141.919,43.4572],[141.8999,43.4613],[141.8829,43.4629],[141.8797,43.4507],[141.874,43.4458],[141.8577,43.4388],[141.8514,43.4282],[141.8452,43.4212],[141.8385,43.4174],[141.8354,43.4136],[141.8359,43.4068],[141.853,43.4069],[141.8644,43.4032],[141.8749,43.402],[141.892,43.4018],[141.8981,43.4011],[141.9128,43.3964],[141.9247,43.3952],[141.9336,43.392],[141.9428,43.3863],[141.9589,43.3839],[141.9731,43.3799],[141.9778,43.3793],[141.9846,43.3822],[141.9921,43.3908],[142.0037,43.3982],[142.0139,43.4028],[142.0196,43.4078],[142.0217,43.4161]]]}},{"type":"Feature","properties":{"id":1085},"geometry":{"type":"Polygon","coordinates":[[[142.3587,43.382],[142.3745,43.3806],[142.4039,43.3731],[142.4323,43.3608],[142.4405,43.3591],[142.4454,43.3598],[142.4561,43.3656],[142.4605,43.3668],[142.4771,43.3655],[142.4997,43.3653],[142.5126,43.3661],[142.5276,43.3689],[142.5402,43.368],[142.5498,43.3697],[142.5592,43.3738],[142.5807,43.3865],[142.5674,43.3917],[142.56,43.3936],[142.5507,43.3942],[142.517,43.3941],[142.5031,43.3975],[142.4947,43.4034],[142.4859,43.4132],[142.4842,43.4179],[142.4838,43.4259],[142.4818,43.4318],[142.4746,43.4374],[142.4592,43.4443],[142.4495,43.45],[142.4315,43.4592],[142.4217,43.4633],[142.4128,43.4693],[142.4035,43.4716],[142.3813,43.4743],[142.3786,43.4649],[142.3786,43.4531],[142.3817,43.442],[142.3806,43.4244],[142.3782,43.4189],[142.3699,43.4068],[142.364,43.3922],[142.3587,43.382]]]}},{"type":"Feature","properties":{"id":1086},"geometry":{"type":"Polygon","coordinates":[[[142.2148,44.5983],[142.2068,44.6158],[142.2022,44.621],[142.1933,44.6286],[142.1854,44.6418],[142.1779,44.6499],[142.1748,44.6559],[142.1748,44.6608],[142.1802,44.6755],[142.1785,44.6831],[142.17,44.6912],[142.1677,44.6968],[142.1694,44.7084],[142.1749,44.7166],[142.1763,44.7238],[142.1738,44.7324],[142.1756,44.7401],[142.1842,44.7532],[142.1867,44.7638],[142.1874,44.7846],[142.1848,44.7935],[142.1798,44.8049],[142.1807,44.8111],[142.186,44.8242],[142.1869,44.8304],[142.1861,44.8396],[142.182,44.8481],[142.1811,44.8545],[142.1816,44.866],[142.178,44.8745],[142.1645,44.8839],[142.1526,44.8874],[142.1485,44.8886],[142.1281,44.8894],[142.0976,44.8927],[142.065,44.8923],[142.0532,44.8874],[142.0406,44.8853],[142.0307,44.8802],[142.0242,44.8749],[142.0193,44.868],[142.0179,44.8595],[142.0202,44.8533],[142.0261,44.8455],[142.0287,44.836],[142.0274,44.8252],[142.0269,44.8093],[142.0214,44.7942],[142.0192,44.7813],[142.0131,44.7661],[142.0036,44.7429],[142.0026,44.739],[142.0038,44.7308],[142.0097,44.7218],[142.0169,44.7142],[142.0198,44.7044],[142.0193,44.6878],[142.018,44.6783],[142.0197,44.6608],[142.0209,44.6562],[142.0253,44.6489],[142.0283,44.6372],[142.0285,44.624],[142.0302,44.6185],[142.0358,44.6079],[142.0381,44.5934],[142.0394,44.5907],[142.0562,44.5806],[142.0626,44.5701],[142.0659,44.561],[142.0707,44.551],[142.0714,44.5371],[142.0658,44.5244],[142.0663,44.5191],[142.0707,44.5145],[142.0836,44.5076],[142.0908,44.5004],[142.1072,44.486],[142.1125,44.4837],[142.1233,44.4826],[142.1306,44.4793],[142.1402,44.4725],[142.1526,44.4708],[142.1797,44.4712],[142.1884,44.4703],[142.1989,44.4645],[142.211,44.4536],[142.2264,44.4757],[142.2307,44.4846],[142.2386,44.4967],[142.2425,44.5061],[142.2439,44.5125],[142.2433,44.5172],[142.2396,44.5249],[142.2315,44.5353],[142.2272,44.5447],[142.227,44.5532],[142.2197,44.5639],[142.2096,44.5702],[142.2052,44.5744],[142.2037,44.5803],[142.2053,44.5844],[142.2148,44.5983]]]}},{"type":"Feature","properties":{"id":1087},"geometry":{"type":"Polygon","coordinates":[[[142.7584,42.6707],[142.765,42.6623],[142.778,42.6484],[142.7793,42.6417],[142.7787,42.629],[142.7812,42.6243],[142.7917,42.623],[142.798,42.6195],[142.8066,42.6119],[142.8135,42.6008],[142.8224,42.5888],[142.8303,42.5761],[142.8369,42.5696],[142.8528,42.5734],[142.8757,42.5736],[142.8818,42.5723],[142.9003,42.5647],[142.9099,42.5627],[142.929,42.5613],[142.94,42.5583],[142.9453,42.5602],[142.9525,42.5704],[142.9554,42.5727],[142.9618,42.5741],[142.9714,42.5743],[142.979,42.5755],[142.9866,42.5786],[142.9977,42.5788],[143.0054,42.5756],[143.0122,42.5768],[143.0216,42.5822],[143.0284,42.5877],[143.0335,42.5899],[143.0453,42.5869],[143.0594,42.5863],[143.071,42.5911],[143.0793,42.5924],[143.0896,42.5965],[143.104,42.5974],[143.1094,42.5991],[143.119,42.6081],[143.1256,42.6124],[143.1305,42.6183],[143.1332,42.6247],[143.1397,42.6332],[143.1469,42.6394],[143.1583,42.6463],[143.1647,42.6526],[143.1806,42.6715],[143.1907,42.6894],[143.1969,42.6973],[143.1998,42.699],[143.2048,42.7105],[143.2054,42.7153],[143.2016,42.7225],[143.1949,42.7273],[143.1872,42.7288],[143.1634,42.7285],[143.158,42.7278],[143.1501,42.7248],[143.1438,42.7251],[143.138,42.7287],[143.1333,42.7275],[143.1311,42.7242],[143.1227,42.7242],[143.1188,42.7283],[143.1151,42.7269],[143.1073,42.7178],[143.0998,42.7122],[143.0831,42.7045],[143.0852,42.6986],[143.0888,42.6959],[143.0823,42.6773],[143.077,42.6701],[143.0679,42.663],[143.0595,42.6603],[143.0569,42.6582],[143.0537,42.6475],[143.0417,42.6361],[143.0334,42.6318],[143.0186,42.6304],[143.0067,42.6263],[142.9918,42.6249],[142.9815,42.6216],[142.9715,42.6198],[142.9553,42.62],[142.9394,42.6242],[142.9304,42.623],[142.9172,42.6164],[142.9137,42.6159],[142.8922,42.6269],[142.8815,42.6341],[142.8775,42.6424],[142.8783,42.648],[142.881,42.6545],[142.8816,42.6605],[142.8806,42.6693],[142.8814,42.682],[142.8799,42.6884],[142.8764,42.6917],[142.872,42.6923],[142.8574,42.688],[142.8406,42.6876],[142.8311,42.6885],[142.818,42.6929],[142.8062,42.6921],[142.7756,42.6781],[142.7695,42.6728],[142.7584,42.6707]]]}},{"type":"Feature","properties":{"id":1088},"geometry":{"type":"Polygon","coordinates":[[[145.11,43.5651],[145.1021,43.5735],[145.0901,43.5803],[145.0794,43.5895],[145.0663,43.5979],[145.0606,43.5995],[145.0619,43.6096],[145.0704,43.6231],[145.0708,43.6278],[145.0674,43.6335],[145.0603,43.6378],[145.0518,43.638],[145.0435,43.6343],[145.0338,43.6348],[145.0212,43.6298],[145.0148,43.6286],[145.006,43.6294],[144.9948,43.6328],[144.9813,43.6388],[144.9602,43.6455],[144.9442,43.6514],[144.932,43.6543],[144.924,43.6574],[144.9214,43.6557],[144.9163,43.6599],[144.9012,43.6645],[144.8863,43.672],[144.8698,43.6895],[144.8634,43.6909],[144.8538,43.6912],[144.8416,43.6957],[144.8294,43.6973],[144.8162,43.7],[144.8088,43.7002],[144.7997,43.6983],[144.7883,43.6984],[144.773,43.7012],[144.7641,43.7004],[144.7546,43.6972],[144.7444,43.69],[144.7271,43.6855],[144.7262,43.6832],[144.7151,43.68],[144.7077,43.6758],[144.6977,43.6641],[144.6908,43.6585],[144.6812,43.654],[144.6729,43.6524],[144.6644,43.6471],[144.6529,43.6419],[144.638,43.6337],[144.6326,43.633],[144.6228,43.6354],[144.617,43.6357],[144.6117,43.634],[144.5904,43.6192],[144.5847,43.6139],[144.578,43.6102],[144.5706,43.6079],[144.5631,43.608],[144.5646,43.6021],[144.5692,43.5933],[144.5794,43.5766],[144.5879,43.5749],[144.6026,43.5703],[144.6248,43.56],[144.6383,43.5519],[144.6477,43.5486],[144.6657,43.5365],[144.6789,43.5297],[144.6885,43.5226],[144.709,43.5124],[144.7208,43.5056],[144.7278,43.5],[144.737,43.4902],[144.7451,43.4917],[144.7563,43.4893],[144.766,43.4836],[144.7713,43.4825],[144.7912,43.4823],[144.8054,43.4829],[144.8111,43.4777],[144.8295,43.4811],[144.849,43.4821],[144.878,43.4821],[144.8932,43.4846],[144.9054,43.4812],[144.9185,43.4719],[144.9308,43.4675],[144.937,43.4661],[144.947,43.4669],[144.9675,43.4706],[144.976,43.4727],[144.9849,43.4783],[144.9979,43.4921],[145.0126,43.5001],[145.0172,43.5053],[145.0213,43.5073],[145.0234,43.5176],[145.0185,43.5222],[145.007,43.5304],[145.0056,43.5338],[145.0078,43.5371],[145.0144,43.5379],[145.0222,43.5413],[145.0385,43.5443],[145.0465,43.5464],[145.0565,43.5468],[145.0661,43.5499],[145.0783,43.555],[145.0932,43.5569],[145.1053,43.56],[145.11,43.5651]]]}},{"type":"Feature","properties":{"id":1089},"geometry":{"type":"Polygon","coordinates":[[[142.4268,44.9715],[142.4131,44.9798],[142.4046,44.9917],[142.4036,44.9984],[142.4001,45.0015],[142.3801,45.0015],[142.3707,45.0052],[142.3539,45.0052],[142.3503,45.0031],[142.3446,45.0034],[142.342,45.0069],[142.3363,45.0104],[142.3262,45.0134],[142.3204,45.0168],[142.3109,45.0189],[142.3021,45.0191],[142.292,45.0177],[142.2835,45.0121],[142.2677,45.0035],[142.2602,44.9938],[142.2527,44.9894],[142.2397,44.9879],[142.233,44.9848],[142.2253,44.9753],[142.2179,44.9675],[142.2128,44.9646],[142.2064,44.9654],[142.2051,44.9706],[142.1982,44.9704],[142.1877,44.9632],[142.1765,44.9611],[142.1688,44.9574],[142.1562,44.9489],[142.1549,44.9452],[142.1558,44.9345],[142.1538,44.9279],[142.142,44.9143],[142.1398,44.9093],[142.1428,44.9032],[142.1526,44.8874],[142.1645,44.8839],[142.178,44.8745],[142.1816,44.866],[142.1811,44.8545],[142.182,44.8481],[142.1861,44.8396],[142.1869,44.8304],[142.186,44.8242],[142.1807,44.8111],[142.1798,44.8049],[142.1848,44.7935],[142.1874,44.7846],[142.2103,44.7924],[142.2234,44.8005],[142.2343,44.8104],[142.2451,44.8161],[142.2505,44.8178],[142.2584,44.8175],[142.2805,44.8101],[142.2874,44.8097],[142.2978,44.8118],[142.3039,44.8104],[142.3086,44.8039],[142.3071,44.7922],[142.3095,44.784],[142.3128,44.7808],[142.3214,44.7775],[142.3326,44.7708],[142.3338,44.7842],[142.3328,44.7948],[142.3274,44.8061],[142.3268,44.8141],[142.3282,44.8201],[142.3316,44.824],[142.3426,44.8294],[142.3483,44.8405],[142.3573,44.8482],[142.3664,44.8597],[142.372,44.8629],[142.378,44.8632],[142.3914,44.862],[142.4047,44.8648],[142.4107,44.8691],[142.4128,44.8731],[142.4145,44.8822],[142.4184,44.8952],[142.4314,44.9152],[142.4376,44.927],[142.4393,44.9363],[142.4384,44.9427],[142.4322,44.9564],[142.4285,44.9623],[142.4268,44.9715]]]}},{"type":"Feature","properties":{"id":1090},"geometry":{"type":"Polygon","coordinates":[[[140.7962,41.929],[140.7929,41.936],[140.7912,41.9426],[140.791,41.951],[140.7914,41.9818],[140.7892,41.9908],[140.7854,41.9952],[140.7723,42.0047],[140.767,42.0054],[140.7595,42.0044],[140.7527,42.0049],[140.7482,42.0105],[140.7492,42.0209],[140.7483,42.0241],[140.7381,42.0356],[140.7295,42.042],[140.7158,42.049],[140.7014,42.0534],[140.6929,42.0536],[140.6909,42.0468],[140.6922,42.0392],[140.6969,42.0263],[140.7031,42.0173],[140.7053,42.0104],[140.7018,42.0053],[140.689,42.0046],[140.6788,42.0027],[140.667,42.0056],[140.6567,42.0054],[140.648,42.001],[140.6411,41.9942],[140.6345,41.997],[140.6278,42.0037],[140.6196,42.0072],[140.6148,42.0065],[140.6027,42.0011],[140.595,41.995],[140.5921,41.9855],[140.587,41.9779],[140.5794,41.9704],[140.5859,41.9644],[140.5929,41.961],[140.6042,41.9593],[140.6144,41.9547],[140.6196,41.9481],[140.6208,41.9429],[140.6206,41.9356],[140.6241,41.9286],[140.6321,41.9249],[140.6503,41.9181],[140.6559,41.9167],[140.6677,41.9157],[140.6731,41.9128],[140.6756,41.9087],[140.6773,41.9015],[140.6781,41.8922],[140.6775,41.8854],[140.6812,41.8767],[140.6875,41.8711],[140.6903,41.8664],[140.6919,41.8571],[140.703,41.8479],[140.7147,41.8486],[140.73,41.8541],[140.742,41.8619],[140.7496,41.8645],[140.7578,41.8726],[140.763,41.8759],[140.7709,41.8787],[140.7737,41.882],[140.7845,41.9003],[140.7884,41.9056],[140.7932,41.9227],[140.7962,41.929]]]}},{"type":"Feature","properties":{"id":1091},"geometry":{"type":"Polygon","coordinates":[[[141.577,43.0321],[141.5829,43.0291],[141.5873,43.0231],[141.5894,43.0163],[141.5926,43.0114],[141.608,43.0035],[141.6133,43.0083],[141.6225,43.0191],[141.6378,43.0321],[141.6574,43.038],[141.6653,43.0424],[141.6704,43.0469],[141.6739,43.0521],[141.6859,43.0594],[141.6925,43.0716],[141.7063,43.0782],[141.7101,43.0812],[141.7149,43.0907],[141.711,43.0961],[141.705,43.1009],[141.6945,43.1111],[141.6862,43.1206],[141.6713,43.1294],[141.6618,43.1246],[141.6549,43.1197],[141.6394,43.1131],[141.6031,43.0958],[141.5952,43.0886],[141.5942,43.0852],[141.5954,43.0764],[141.5947,43.0724],[141.5911,43.0677],[141.5817,43.062],[141.5791,43.0592],[141.574,43.0473],[141.5736,43.039],[141.577,43.0321]]]}},{"type":"Feature","properties":{"id":1092},"geometry":{"type":"Polygon","coordinates":[[[142.3373,44.4004],[142.3418,44.3819],[142.341,44.3659],[142.3414,44.3551],[142.338,44.3445],[142.3283,44.3269],[142.3228,44.321],[142.3141,44.3148],[142.3088,44.3089],[142.3077,44.3054],[142.309,44.2991],[142.3171,44.2869],[142.3244,44.2798],[142.3345,44.2674],[142.3437,44.2689],[142.3635,44.2706],[142.3803,44.2695],[142.4171,44.2695],[142.4307,44.2708],[142.4405,44.2703],[142.4541,44.2656],[142.4605,44.258],[142.464,44.2553],[142.4705,44.2537],[142.4861,44.2528],[142.4936,44.2494],[142.497,44.246],[142.5076,44.2318],[142.5137,44.2213],[142.5244,44.2116],[142.5386,44.1937],[142.5455,44.1886],[142.5493,44.1879],[142.5586,44.1895],[142.564,44.1888],[142.5775,44.1845],[142.5923,44.1774],[142.5988,44.1755],[142.6062,44.1749],[142.6327,44.1749],[142.6455,44.1733],[142.6535,44.1867],[142.657,44.195],[142.655,44.2038],[142.6499,44.2089],[142.6382,44.2263],[142.6282,44.2451],[142.6232,44.2606],[142.615,44.2759],[142.6074,44.2834],[142.5948,44.286],[142.576,44.2855],[142.5677,44.2869],[142.5646,44.2903],[142.5641,44.2946],[142.5675,44.302],[142.5727,44.3083],[142.5951,44.3321],[142.6,44.3407],[142.601,44.3521],[142.5994,44.3586],[142.5945,44.3686],[142.5899,44.3825],[142.5854,44.3935],[142.5838,44.404],[142.5857,44.4111],[142.5897,44.4171],[142.5946,44.4211],[142.6087,44.4293],[142.6061,44.4419],[142.5969,44.4433],[142.5801,44.4436],[142.5612,44.4431],[142.547,44.4411],[142.5406,44.4415],[142.5295,44.4444],[142.5187,44.4496],[142.5104,44.456],[142.4999,44.4665],[142.4941,44.4701],[142.4859,44.4709],[142.4693,44.4673],[142.4607,44.4672],[142.4485,44.4695],[142.4346,44.4771],[142.4281,44.4777],[142.4222,44.4757],[142.4058,44.4653],[142.389,44.4562],[142.3815,44.4542],[142.3655,44.4534],[142.3578,44.4519],[142.341,44.4421],[142.3316,44.4332],[142.3295,44.4266],[142.3303,44.4212],[142.3373,44.4004]]]}},{"type":"Feature","properties":{"id":1093},"geometry":{"type":"MultiPolygon","coordinates":[[[[145.6114,43.2236],[145.6125,43.2286],[145.6076,43.231],[145.6017,43.2277],[145.6081,43.2236],[145.6114,43.2236]]],[[[145.5986,43.2217],[145.5933,43.2208],[145.5878,43.2158],[145.5892,43.2128],[145.5881,43.2073],[145.5908,43.2056],[145.5997,43.2042],[145.6017,43.2069],[145.6089,43.2092],[145.6114,43.2122],[145.5997,43.2178],[145.5986,43.2217]]],[[[145.425,43.2842],[145.4258,43.2806],[145.4128,43.2833],[145.4117,43.2789],[145.4192,43.2789],[145.4311,43.2758],[145.44,43.2725],[145.4456,43.2722],[145.4547,43.2689],[145.4575,43.2658],[145.4619,43.2664],[145.4656,43.2694],[145.46,43.2736],[145.425,43.2842]]],[[[145.2564,43.3042],[145.2537,43.2916],[145.247,43.2829],[145.2397,43.2791],[145.2248,43.2772],[145.2188,43.2723],[145.2137,43.2618],[145.2133,43.25],[145.2066,43.2466],[145.203,43.2467],[145.2053,43.2381],[145.2121,43.2309],[145.2203,43.2142],[145.2266,43.21],[145.2341,43.2124],[145.2436,43.2192],[145.2565,43.2236],[145.261,43.2231],[145.2675,43.22],[145.2753,43.2133],[145.2834,43.2089],[145.29,43.2072],[145.3047,43.2015],[145.3086,43.1982],[145.3175,43.1853],[145.3206,43.1772],[145.3169,43.1699],[145.3121,43.1676],[145.3189,43.1667],[145.3272,43.1728],[145.3375,43.1731],[145.3425,43.1783],[145.3483,43.1794],[145.3531,43.1772],[145.3722,43.1822],[145.3808,43.1817],[145.3878,43.1833],[145.3997,43.1839],[145.4136,43.1864],[145.425,43.1875],[145.4403,43.1864],[145.452,43.1886],[145.4747,43.1881],[145.4856,43.1869],[145.4922,43.1847],[145.4989,43.1796],[145.5024,43.1748],[145.5031,43.1693],[145.4936,43.1669],[145.4963,43.1626],[145.4958,43.1586],[145.5164,43.1631],[145.5236,43.1669],[145.5227,43.1749],[145.5196,43.1748],[145.5141,43.1783],[145.5101,43.1775],[145.5087,43.1853],[145.5117,43.1893],[145.5162,43.1897],[145.5201,43.1859],[145.5261,43.1872],[145.5305,43.1861],[145.5356,43.19],[145.5367,43.1958],[145.5278,43.2008],[145.5286,43.2067],[145.5325,43.2108],[145.5453,43.2119],[145.5536,43.2158],[145.5572,43.2197],[145.5514,43.2236],[145.5494,43.2308],[145.5536,43.2347],[145.5556,43.2428],[145.5547,43.2492],[145.5594,43.2625],[145.5644,43.2675],[145.5661,43.2739],[145.5622,43.2783],[145.5706,43.2858],[145.58,43.285],[145.5878,43.2797],[145.5914,43.28],[145.5986,43.2856],[145.6033,43.2933],[145.6122,43.2992],[145.6083,43.3078],[145.6158,43.3139],[145.6225,43.3167],[145.6347,43.32],[145.6475,43.3214],[145.6658,43.3197],[145.6732,43.3162],[145.6749,43.312],[145.6789,43.3111],[145.6819,43.3147],[145.6769,43.3197],[145.68,43.3231],[145.6886,43.3272],[145.7022,43.3281],[145.7058,43.3344],[145.7131,43.3336],[145.7158,43.3364],[145.7244,43.3353],[145.7303,43.3281],[145.7345,43.3303],[145.74,43.3389],[145.7542,43.3364],[145.7597,43.3419],[145.7856,43.3544],[145.7894,43.3578],[145.7897,43.3608],[145.7944,43.3628],[145.8014,43.3622],[145.8081,43.3656],[145.8119,43.3695],[145.8067,43.3731],[145.8078,43.3778],[145.8171,43.385],[145.8127,43.3872],[145.8042,43.3879],[145.788,43.3862],[145.7806,43.3891],[145.7753,43.3889],[145.7718,43.3928],[145.7659,43.391],[145.7607,43.3939],[145.7637,43.3977],[145.7562,43.3991],[145.7516,43.3972],[145.7522,43.3883],[145.7356,43.3928],[145.7308,43.3912],[145.7283,43.386],[145.7216,43.3837],[145.7079,43.3835],[145.7016,43.3847],[145.6978,43.3837],[145.6906,43.3864],[145.6858,43.3858],[145.6791,43.389],[145.6696,43.3883],[145.6694,43.3923],[145.6623,43.3928],[145.651,43.3916],[145.6479,43.3894],[145.6466,43.3845],[145.6387,43.3792],[145.6373,43.3727],[145.6283,43.3698],[145.6238,43.3633],[145.6145,43.361],[145.6105,43.357],[145.6051,43.3568],[145.5941,43.3534],[145.5883,43.348],[145.5823,43.3458],[145.5869,43.3419],[145.5836,43.3386],[145.5783,43.3394],[145.577,43.3339],[145.5678,43.3294],[145.5661,43.3247],[145.5591,43.3261],[145.5508,43.3244],[145.5548,43.3192],[145.545,43.3152],[145.5405,43.3118],[145.531,43.3125],[145.5268,43.3082],[145.5221,43.3069],[145.5242,43.3014],[145.5202,43.2966],[145.5132,43.2957],[145.5117,43.2913],[145.5055,43.2853],[145.5052,43.2804],[145.4991,43.2756],[145.4938,43.2688],[145.4981,43.2678],[145.5106,43.27],[145.5155,43.2628],[145.5239,43.2553],[145.5305,43.2414],[145.5239,43.2369],[145.5214,43.2314],[145.5167,43.2269],[145.5131,43.2278],[145.5106,43.2233],[145.5053,43.2211],[145.5058,43.2322],[145.5153,43.2394],[145.5139,43.2442],[145.5064,43.2492],[145.5075,43.2556],[145.4989,43.2597],[145.4911,43.2597],[145.4862,43.2637],[145.4852,43.2706],[145.4811,43.2736],[145.4767,43.2728],[145.4636,43.2656],[145.4603,43.2617],[145.4497,43.2642],[145.4439,43.2622],[145.437,43.2628],[145.422,43.2658],[145.395,43.2658],[145.3897,43.2617],[145.3839,43.2642],[145.3797,43.2686],[145.3733,43.2703],[145.3572,43.2786],[145.3489,43.2789],[145.3308,43.2847],[145.3256,43.2847],[145.3197,43.2825],[145.325,43.2789],[145.3314,43.2725],[145.3283,43.2714],[145.3175,43.2758],[145.3097,43.275],[145.3075,43.28],[145.3025,43.2839],[145.2947,43.2844],[145.2911,43.2892],[145.3014,43.2897],[145.3031,43.295],[145.3019,43.2986],[145.2961,43.3058],[145.3064,43.3089],[145.3264,43.3036],[145.33,43.3014],[145.3331,43.3053],[145.3314,43.3086],[145.3261,43.3128],[145.3117,43.3175],[145.3017,43.3222],[145.2847,43.3242],[145.2775,43.3225],[145.2675,43.315],[145.2628,43.3081],[145.2564,43.3042]]]]}},{"type":"Feature","properties":{"id":1094},"geometry":{"type":"Polygon","coordinates":[[[142.4922,42.6308],[142.5009,42.616],[142.5028,42.6102],[142.5005,42.6042],[142.4923,42.6],[142.4863,42.5952],[142.4794,42.5937],[142.4741,42.5899],[142.4738,42.5822],[142.4703,42.5797],[142.4635,42.5784],[142.4556,42.575],[142.4368,42.568],[142.4239,42.5672],[142.4159,42.5642],[142.3964,42.5517],[142.3895,42.5463],[142.3835,42.5441],[142.3774,42.5438],[142.3682,42.5465],[142.362,42.5503],[142.3568,42.5478],[142.352,42.5507],[142.3474,42.5484],[142.344,42.544],[142.3365,42.5291],[142.33,42.5202],[142.3178,42.5104],[142.3134,42.5052],[142.31,42.4978],[142.3074,42.4869],[142.3032,42.4767],[142.3029,42.4691],[142.2962,42.4602],[142.2909,42.4552],[142.2802,42.4425],[142.2736,42.4361],[142.2588,42.428],[142.2504,42.4272],[142.2362,42.4221],[142.2292,42.4224],[142.2236,42.4212],[142.2276,42.416],[142.2399,42.4093],[142.2506,42.4006],[142.2541,42.3991],[142.2701,42.3864],[142.2757,42.3803],[142.277,42.3766],[142.2892,42.3693],[142.2972,42.3658],[142.2988,42.3632],[142.3154,42.357],[142.3337,42.3449],[142.3455,42.3548],[142.3558,42.3601],[142.3711,42.3641],[142.378,42.3675],[142.3974,42.3829],[142.4103,42.3908],[142.4121,42.3974],[142.4194,42.4024],[142.4287,42.4039],[142.4325,42.4058],[142.4365,42.4112],[142.4535,42.4239],[142.4599,42.4234],[142.4676,42.4252],[142.4731,42.4366],[142.4945,42.4645],[142.5031,42.474],[142.5106,42.4793],[142.5263,42.4866],[142.5424,42.4917],[142.5488,42.4954],[142.555,42.502],[142.5587,42.5115],[142.5664,42.5155],[142.5718,42.523],[142.569,42.547],[142.5662,42.5558],[142.5685,42.5655],[142.5755,42.5825],[142.5742,42.5838],[142.5785,42.5952],[142.5839,42.6028],[142.5914,42.6055],[142.609,42.6079],[142.6327,42.6155],[142.6449,42.6217],[142.6519,42.6268],[142.6626,42.6321],[142.6817,42.6466],[142.6941,42.6588],[142.7015,42.6608],[142.7083,42.6639],[142.7236,42.664],[142.741,42.6662],[142.7584,42.6707],[142.7695,42.6728],[142.7756,42.6781],[142.7776,42.6818],[142.7762,42.687],[142.7776,42.7034],[142.7737,42.7096],[142.7724,42.7161],[142.7697,42.7212],[142.7623,42.7251],[142.7495,42.7275],[142.7443,42.7313],[142.7363,42.7392],[142.7283,42.7429],[142.7139,42.7412],[142.7094,42.7337],[142.7001,42.7262],[142.6942,42.7252],[142.6791,42.7272],[142.6676,42.7327],[142.6527,42.7347],[142.6436,42.7296],[142.6372,42.7296],[142.6235,42.7379],[142.6139,42.7414],[142.6055,42.7394],[142.5906,42.7306],[142.5842,42.7251],[142.5775,42.716],[142.5682,42.7052],[142.5627,42.695],[142.5613,42.6905],[142.5596,42.6746],[142.5601,42.6641],[142.5568,42.6488],[142.5529,42.6446],[142.543,42.6389],[142.5284,42.6352],[142.5105,42.6349],[142.4922,42.6308]]]}},{"type":"Feature","properties":{"id":1095},"geometry":{"type":"Polygon","coordinates":[[[140.8441,43.1176],[140.8353,43.1288],[140.828,43.136],[140.8154,43.142],[140.8112,43.1466],[140.8082,43.1571],[140.8043,43.1637],[140.8004,43.1664],[140.7945,43.1672],[140.7801,43.1633],[140.756,43.1632],[140.7377,43.154],[140.7201,43.1477],[140.711,43.1457],[140.7043,43.1422],[140.6975,43.1426],[140.6847,43.1521],[140.6751,43.152],[140.6599,43.1465],[140.6633,43.131],[140.6637,43.1174],[140.6627,43.113],[140.654,43.1053],[140.6475,43.0962],[140.6404,43.0801],[140.6514,43.076],[140.6661,43.0747],[140.6759,43.0703],[140.688,43.0617],[140.7009,43.0509],[140.7066,43.0452],[140.7118,43.0364],[140.7226,43.0311],[140.7385,43.0209],[140.7576,43.0155],[140.7631,43.0121],[140.7725,43.0093],[140.7865,43.0141],[140.7965,43.0149],[140.8036,43.0124],[140.8174,43.0038],[140.8266,43.0004],[140.83,43.0007],[140.8363,43.006],[140.8405,43.0073],[140.8398,43.0168],[140.8361,43.0275],[140.8324,43.0328],[140.8144,43.049],[140.8101,43.0555],[140.806,43.058],[140.7946,43.0602],[140.7829,43.0653],[140.7761,43.0715],[140.7728,43.0805],[140.774,43.0859],[140.781,43.0967],[140.7864,43.1016],[140.7976,43.1069],[140.8097,43.1081],[140.8165,43.11],[140.8197,43.1148],[140.8254,43.1182],[140.8335,43.1188],[140.8441,43.1176]]]}},{"type":"Feature","properties":{"id":1096},"geometry":{"type":"Polygon","coordinates":[[[140.659,42.883],[140.6507,42.8772],[140.6392,42.8667],[140.6351,42.8587],[140.6346,42.8523],[140.6323,42.8453],[140.633,42.8394],[140.6367,42.8335],[140.6395,42.8231],[140.6396,42.8163],[140.6368,42.8127],[140.6241,42.8089],[140.6172,42.8029],[140.6159,42.7993],[140.6151,42.7875],[140.6113,42.7786],[140.6057,42.7727],[140.5955,42.7574],[140.5931,42.7448],[140.5905,42.7377],[140.5815,42.7246],[140.5886,42.7232],[140.6012,42.7152],[140.6066,42.7137],[140.6123,42.7141],[140.6227,42.7183],[140.628,42.7191],[140.6351,42.7181],[140.6434,42.7142],[140.649,42.7139],[140.6648,42.7187],[140.6873,42.7197],[140.7014,42.7234],[140.7135,42.7245],[140.7242,42.7239],[140.7435,42.7239],[140.7511,42.7223],[140.7686,42.7145],[140.778,42.7185],[140.7832,42.7234],[140.7853,42.7286],[140.7835,42.7326],[140.7752,42.738],[140.7617,42.7395],[140.7536,42.7434],[140.7397,42.7459],[140.7358,42.7504],[140.7357,42.7564],[140.7411,42.7681],[140.747,42.7781],[140.7522,42.7834],[140.7622,42.7863],[140.7684,42.7904],[140.7748,42.7988],[140.7928,42.8115],[140.8051,42.8181],[140.8141,42.8283],[140.8093,42.832],[140.7997,42.836],[140.7906,42.8379],[140.7813,42.8413],[140.7548,42.8416],[140.7444,42.8445],[140.7358,42.8443],[140.7323,42.8419],[140.7293,42.8327],[140.7262,42.8283],[140.7181,42.8263],[140.7138,42.8291],[140.708,42.8372],[140.7011,42.8446],[140.6904,42.8592],[140.6806,42.87],[140.6762,42.8736],[140.6665,42.8782],[140.659,42.883]]]}},{"type":"Feature","properties":{"id":1097},"geometry":{"type":"Polygon","coordinates":[[[142.8783,44.4336],[142.8654,44.4348],[142.8617,44.4305],[142.8486,44.422],[142.8456,44.4186],[142.8439,44.4103],[142.8466,44.4009],[142.8483,44.3809],[142.8471,44.3734],[142.8398,44.3584],[142.8308,44.3415],[142.8298,44.3368],[142.8311,44.3306],[142.8354,44.3267],[142.8445,44.3211],[142.847,44.315],[142.8503,44.2954],[142.8519,44.2779],[142.8566,44.2694],[142.8661,44.2617],[142.8787,44.2547],[142.8862,44.2491],[142.8902,44.2444],[142.8945,44.234],[142.8938,44.2255],[142.9029,44.2231],[142.9176,44.2255],[142.9248,44.2237],[142.9346,44.2183],[142.9466,44.2181],[142.9549,44.2171],[142.9657,44.2171],[142.971,44.2183],[142.9817,44.2243],[142.9955,44.229],[143.0006,44.2324],[143.0078,44.2416],[143.0166,44.2589],[143.0223,44.2627],[143.0323,44.2672],[143.0386,44.2715],[143.0507,44.2749],[143.0627,44.282],[143.0817,44.289],[143.0745,44.2959],[143.0638,44.3041],[143.0549,44.3141],[143.0456,44.3276],[143.0431,44.3358],[143.044,44.3463],[143.0439,44.3562],[143.045,44.3628],[143.0442,44.3683],[143.0385,44.38],[143.0282,44.3923],[143.0215,44.3942],[143.0059,44.3916],[142.983,44.3906],[142.9556,44.3832],[142.9493,44.3836],[142.9379,44.391],[142.928,44.3949],[142.915,44.3971],[142.905,44.4015],[142.8947,44.4141],[142.8888,44.4227],[142.8783,44.4336]]]}},{"type":"Feature","properties":{"id":1098},"geometry":{"type":"Polygon","coordinates":[[[140.9875,42.4378],[141.0073,42.4373],[141.013,42.4351],[141.0184,42.4305],[141.0202,42.4266],[141.0208,42.4179],[141.0234,42.4129],[141.0295,42.4073],[141.0358,42.3976],[141.042,42.3843],[141.0469,42.3683],[141.0505,42.3544],[141.0535,42.3571],[141.0597,42.3628],[141.0648,42.3699],[141.0833,42.3883],[141.098,42.4003],[141.1014,42.4011],[141.1151,42.4125],[141.1264,42.4208],[141.1306,42.4228],[141.1458,42.4342],[141.1568,42.4406],[141.1629,42.4414],[141.1648,42.4392],[141.175,42.4458],[141.1896,42.4524],[141.1944,42.4512],[141.1843,42.4753],[141.1744,42.4873],[141.1694,42.4991],[141.1685,42.508],[141.1719,42.5185],[141.17,42.5231],[141.1642,42.5272],[141.1583,42.5294],[141.1363,42.5294],[141.1321,42.53],[141.1291,42.5348],[141.1287,42.5404],[141.125,42.5463],[141.1201,42.55],[141.1086,42.5555],[141.1027,42.5568],[141.0885,42.5576],[141.0792,42.5516],[141.0765,42.5466],[141.076,42.5411],[141.0714,42.5354],[141.0627,42.5303],[141.0545,42.5289],[141.0485,42.5262],[141.0416,42.521],[141.0332,42.5181],[141.0096,42.5179],[141.0028,42.5173],[140.9858,42.5102],[140.9781,42.5056],[140.9763,42.4954],[140.977,42.4843],[140.9793,42.4789],[140.9836,42.4735],[140.9881,42.4703],[140.9898,42.464],[140.9875,42.4574],[140.987,42.449],[140.9883,42.4439],[140.9875,42.4378]]]}},{"type":"Feature","properties":{"id":1099},"geometry":{"type":"Polygon","coordinates":[[[142.0242,43.7972],[142.0278,43.7997],[142.0306,43.8051],[142.0314,43.8135],[142.0337,43.8167],[142.0483,43.8213],[142.0553,43.8264],[142.0626,43.8338],[142.0689,43.8379],[142.0854,43.8412],[142.0927,43.8472],[142.0987,43.8605],[142.0982,43.866],[142.094,43.8742],[142.0786,43.8942],[142.0735,43.8982],[142.053,43.9121],[142.0485,43.9176],[142.0439,43.9293],[142.0381,43.9393],[142.0383,43.9447],[142.0419,43.9515],[142.0433,43.9636],[142.0424,43.9751],[142.0433,43.9804],[142.0535,43.9999],[142.0414,44.0027],[142.0323,44.0057],[142.0262,44.0066],[142.0173,44.0058],[142.007,44.0028],[141.9986,43.9985],[141.9928,43.997],[141.9763,43.9992],[141.9672,43.9982],[141.9563,43.9931],[141.946,43.9822],[141.9373,43.9692],[141.9359,43.9625],[141.9259,43.9574],[141.9143,43.9546],[141.9028,43.9499],[141.8982,43.946],[141.9028,43.9414],[141.902,43.9341],[141.8993,43.9244],[141.9003,43.9154],[141.9064,43.9049],[141.9067,43.8993],[141.9038,43.8953],[141.8899,43.8871],[141.8849,43.8817],[141.8682,43.8533],[141.8651,43.8503],[141.8792,43.836],[141.8861,43.8253],[141.887,43.818],[141.8861,43.8028],[141.8865,43.7877],[141.8881,43.7793],[141.8917,43.7754],[141.9071,43.7656],[141.9234,43.775],[141.9344,43.7826],[141.942,43.7869],[141.9517,43.7962],[141.9605,43.8016],[141.9746,43.8071],[141.989,43.8076],[141.9955,43.8092],[142.004,43.8129],[142.0122,43.81],[142.0242,43.7972]]]}},{"type":"Feature","properties":{"id":1100},"geometry":{"type":"Polygon","coordinates":[[[142.7139,42.7412],[142.7283,42.7429],[142.7363,42.7392],[142.7443,42.7313],[142.7495,42.7275],[142.7623,42.7251],[142.7697,42.7212],[142.7724,42.7161],[142.7737,42.7096],[142.7776,42.7034],[142.7762,42.687],[142.7776,42.6818],[142.7756,42.6781],[142.8062,42.6921],[142.818,42.6929],[142.8311,42.6885],[142.8406,42.6876],[142.8574,42.688],[142.872,42.6923],[142.8764,42.6917],[142.8799,42.6884],[142.8814,42.682],[142.8806,42.6693],[142.8816,42.6605],[142.881,42.6545],[142.8783,42.648],[142.8775,42.6424],[142.8815,42.6341],[142.8922,42.6269],[142.9137,42.6159],[142.9172,42.6164],[142.9304,42.623],[142.9394,42.6242],[142.9553,42.62],[142.9715,42.6198],[142.9815,42.6216],[142.9918,42.6249],[143.0067,42.6263],[143.0186,42.6304],[143.0334,42.6318],[143.0417,42.6361],[143.0537,42.6475],[143.0569,42.6582],[143.0595,42.6603],[143.0679,42.663],[143.077,42.6701],[143.0823,42.6773],[143.0888,42.6959],[143.0852,42.6986],[143.0831,42.7045],[143.0998,42.7122],[143.1073,42.7178],[143.1151,42.7269],[143.1188,42.7283],[143.1227,42.7242],[143.1311,42.7242],[143.1333,42.7275],[143.138,42.7287],[143.1438,42.7251],[143.1501,42.7248],[143.158,42.7278],[143.1634,42.7285],[143.1872,42.7288],[143.1949,42.7273],[143.2016,42.7225],[143.2054,42.7153],[143.2048,42.7105],[143.1998,42.699],[143.2105,42.7011],[143.2197,42.7049],[143.2303,42.7052],[143.2404,42.7013],[143.2454,42.7015],[143.2512,42.7064],[143.2601,42.7232],[143.2664,42.7365],[143.2741,42.7501],[143.2766,42.7599],[143.2733,42.7639],[143.2611,42.7697],[143.2564,42.7772],[143.2557,42.7886],[143.2491,42.8032],[143.2375,42.8169],[143.2283,42.832],[143.2256,42.8419],[143.2266,42.8497],[143.2299,42.8619],[143.2335,42.8703],[143.2347,42.8827],[143.2333,42.8922],[143.2305,42.8986],[143.2317,42.9058],[143.2375,42.9134],[143.2434,42.9234],[143.2545,42.9383],[143.2397,42.937],[143.2282,42.9375],[143.2146,42.9407],[143.2013,42.9479],[143.1933,42.949],[143.1828,42.9452],[143.172,42.9446],[143.1653,42.9457],[143.1539,42.9497],[143.1438,42.9482],[143.1371,42.9462],[143.1285,42.9412],[143.1244,42.9364],[143.1231,42.9321],[143.1231,42.9166],[143.1247,42.91],[143.1298,42.9027],[143.1359,42.8994],[143.1502,42.8995],[143.1547,42.8973],[143.1571,42.8923],[143.156,42.8872],[143.1475,42.877],[143.1402,42.8656],[143.1339,42.8578],[143.1137,42.8382],[143.1044,42.8273],[143.0928,42.8165],[143.0852,42.8102],[143.0762,42.8049],[143.0415,42.7876],[143.0254,42.7842],[143.0165,42.7806],[143.0091,42.7747],[142.9977,42.76],[142.9848,42.7528],[142.9751,42.7428],[142.9632,42.7359],[142.9525,42.7251],[142.9451,42.7233],[142.939,42.7251],[142.917,42.7381],[142.909,42.7484],[142.9063,42.7505],[142.9,42.7506],[142.8952,42.7541],[142.8847,42.7571],[142.8672,42.7562],[142.8512,42.7562],[142.8457,42.757],[142.8352,42.7608],[142.8254,42.7618],[142.8008,42.7619],[142.7925,42.7642],[142.7849,42.7694],[142.7779,42.7724],[142.7664,42.7718],[142.7584,42.7694],[142.7532,42.7697],[142.7481,42.772],[142.7396,42.7818],[142.7307,42.7805],[142.7202,42.776],[142.7116,42.7688],[142.7031,42.7564],[142.7139,42.7412]]]}},{"type":"Feature","properties":{"id":1101},"geometry":{"type":"Polygon","coordinates":[[[142.0758,44.0398],[142.0725,44.0529],[142.0732,44.0585],[142.0781,44.0636],[142.0803,44.0683],[142.0787,44.077],[142.0748,44.0834],[142.0711,44.0837],[142.0668,44.087],[142.0736,44.1025],[142.084,44.1158],[142.0879,44.1261],[142.0881,44.1438],[142.0905,44.1626],[142.0814,44.1666],[142.0762,44.1669],[142.0703,44.1637],[142.0586,44.1509],[142.0503,44.1469],[142.0379,44.1466],[142.0273,44.1426],[142.0226,44.1422],[142.01,44.1454],[141.999,44.1454],[141.9879,44.1421],[141.9776,44.1411],[141.9666,44.1422],[141.9615,44.1385],[141.9606,44.1329],[141.9619,44.1245],[141.96,44.117],[141.9562,44.1142],[141.9502,44.1148],[141.9369,44.1204],[141.928,44.1179],[141.9079,44.1047],[141.9002,44.1026],[141.8935,44.1039],[141.8698,44.1115],[141.8518,44.1117],[141.8419,44.1075],[141.8331,44.0977],[141.8234,44.0922],[141.814,44.0929],[141.8026,44.0986],[141.7932,44.1018],[141.7886,44.1046],[141.7855,44.1148],[141.7861,44.1212],[141.7827,44.1321],[141.7748,44.1447],[141.7686,44.1514],[141.7613,44.1567],[141.7382,44.1703],[141.7363,44.1746],[141.7344,44.1892],[141.7318,44.1919],[141.7178,44.2011],[141.7042,44.2062],[141.697,44.2114],[141.6922,44.2133],[141.6798,44.2132],[141.6575,44.2049],[141.6573,44.1983],[141.659,44.1876],[141.6578,44.1754],[141.6596,44.1618],[141.654,44.154],[141.6536,44.1408],[141.6581,44.1162],[141.6599,44.1036],[141.6606,44.0905],[141.6619,44.087],[141.6622,44.0766],[141.6637,44.0722],[141.6624,44.0665],[141.6636,44.0551],[141.6626,44.0485],[141.6629,44.0378],[141.6612,44.0351],[141.6614,44.0287],[141.6653,44.0256],[141.6618,44.0222],[141.6611,44.0126],[141.6586,44.0037],[141.6537,43.9985],[141.6558,43.9955],[141.6716,43.9792],[141.6882,43.9674],[141.7008,43.9616],[141.7131,43.9543],[141.7323,43.9453],[141.7492,43.935],[141.7538,43.9333],[141.7701,43.9326],[141.7807,43.9336],[141.7903,43.9377],[141.7975,43.942],[141.8102,43.9539],[141.8183,43.9592],[141.8247,43.9605],[141.837,43.9605],[141.8449,43.9614],[141.854,43.9646],[141.8598,43.9655],[141.87,43.9647],[141.8794,43.9599],[141.8982,43.946],[141.9028,43.9499],[141.9143,43.9546],[141.9259,43.9574],[141.9359,43.9625],[141.9373,43.9692],[141.946,43.9822],[141.9563,43.9931],[141.9672,43.9982],[141.9763,43.9992],[141.9928,43.997],[141.9986,43.9985],[142.007,44.0028],[142.0173,44.0058],[142.0262,44.0066],[142.0323,44.0057],[142.0414,44.0027],[142.0535,43.9999],[142.0598,44.0082],[142.0715,44.0164],[142.0741,44.0257],[142.0758,44.0398]]]}},{"type":"Feature","properties":{"id":1102},"geometry":{"type":"Polygon","coordinates":[[[143.4761,43.5062],[143.4812,43.5232],[143.4873,43.5354],[143.4937,43.5415],[143.5133,43.5514],[143.5269,43.5537],[143.5317,43.5552],[143.5367,43.5609],[143.5412,43.5707],[143.5443,43.5869],[143.5482,43.5929],[143.5603,43.6033],[143.5692,43.6037],[143.5767,43.6004],[143.5847,43.6015],[143.6008,43.6094],[143.6102,43.61],[143.617,43.6116],[143.6276,43.6161],[143.6323,43.6197],[143.6396,43.6288],[143.6402,43.6333],[143.6385,43.6422],[143.6348,43.6452],[143.6329,43.6517],[143.6381,43.6566],[143.6489,43.6622],[143.6608,43.6666],[143.6745,43.6699],[143.6823,43.6751],[143.6821,43.6807],[143.6765,43.6902],[143.674,43.7038],[143.6762,43.7136],[143.6749,43.7249],[143.6705,43.7352],[143.668,43.7445],[143.6678,43.7613],[143.6701,43.7815],[143.6624,43.7763],[143.6453,43.7664],[143.6297,43.7607],[143.624,43.7597],[143.6041,43.7587],[143.5927,43.7558],[143.5762,43.7539],[143.5562,43.7473],[143.5465,43.7453],[143.543,43.7429],[143.5395,43.7376],[143.5374,43.7307],[143.536,43.7194],[143.5331,43.7123],[143.5249,43.7076],[143.5101,43.7041],[143.5007,43.7031],[143.4833,43.7029],[143.4758,43.7021],[143.4516,43.693],[143.4416,43.6854],[143.4367,43.6778],[143.4322,43.6738],[143.4255,43.671],[143.4126,43.6684],[143.3953,43.6598],[143.3813,43.6493],[143.3692,43.643],[143.3618,43.6418],[143.3504,43.6422],[143.3374,43.6455],[143.3247,43.646],[143.3138,43.6504],[143.3034,43.6525],[143.29,43.6506],[143.2809,43.6475],[143.2637,43.6432],[143.2543,43.642],[143.2348,43.6417],[143.2273,43.6404],[143.2139,43.6331],[143.2059,43.6271],[143.1992,43.6204],[143.1886,43.6044],[143.1855,43.5985],[143.1945,43.5952],[143.201,43.5891],[143.207,43.587],[143.2171,43.5865],[143.2243,43.5849],[143.2326,43.5806],[143.239,43.5733],[143.2411,43.5633],[143.2475,43.5493],[143.2598,43.5573],[143.2686,43.5599],[143.2752,43.563],[143.2838,43.563],[143.2907,43.5598],[143.3057,43.5545],[143.3127,43.5529],[143.325,43.5532],[143.3382,43.5579],[143.3487,43.5576],[143.3565,43.5542],[143.3618,43.5532],[143.3771,43.5532],[143.3898,43.5546],[143.4036,43.5504],[143.4118,43.5512],[143.4161,43.5489],[143.4323,43.5347],[143.4376,43.5314],[143.4462,43.5288],[143.4563,43.5238],[143.4625,43.519],[143.4761,43.5062]]]}},{"type":"Feature","properties":{"id":1103},"geometry":{"type":"Polygon","coordinates":[[[143.2985,44.3904],[143.2819,44.3976],[143.2567,44.4095],[143.2303,44.4237],[143.2275,44.4298],[143.2319,44.4316],[143.2259,44.4386],[143.2203,44.4389],[143.2113,44.4413],[143.2064,44.4446],[143.1961,44.4486],[143.1904,44.4522],[143.1636,44.4651],[143.1528,44.4697],[143.1124,44.4918],[143.1133,44.4899],[143.1091,44.4819],[143.099,44.4717],[143.0917,44.4675],[143.0786,44.4628],[143.0625,44.4543],[143.0525,44.4524],[143.0383,44.4534],[143.0269,44.4523],[143.0184,44.449],[143.0101,44.4413],[143.0033,44.4386],[142.9969,44.438],[142.9887,44.4388],[142.9753,44.4438],[142.9649,44.4485],[142.9479,44.4524],[142.9425,44.4556],[142.9364,44.4621],[142.9309,44.4634],[142.9225,44.4563],[142.9129,44.4508],[142.9062,44.4439],[142.9007,44.4401],[142.8942,44.4376],[142.8783,44.4336],[142.8888,44.4227],[142.8947,44.4141],[142.905,44.4015],[142.915,44.3971],[142.928,44.3949],[142.9379,44.391],[142.9493,44.3836],[142.9556,44.3832],[142.983,44.3906],[143.0059,44.3916],[143.0215,44.3942],[143.0282,44.3923],[143.0385,44.38],[143.0442,44.3683],[143.045,44.3628],[143.0439,44.3562],[143.044,44.3463],[143.0431,44.3358],[143.0456,44.3276],[143.0549,44.3141],[143.0638,44.3041],[143.0745,44.2959],[143.0817,44.289],[143.0977,44.2889],[143.1058,44.2858],[143.1162,44.2751],[143.1237,44.2899],[143.1332,44.3025],[143.1429,44.3101],[143.1507,44.3131],[143.1636,44.3197],[143.1941,44.3304],[143.2044,44.3308],[143.2145,44.3343],[143.2266,44.3419],[143.2393,44.3474],[143.2501,44.3503],[143.2558,44.3547],[143.2633,44.3639],[143.2801,44.3742],[143.2956,44.3889],[143.2985,44.3904]]]}},{"type":"Feature","properties":{"id":1104},"geometry":{"type":"Polygon","coordinates":[[[139.5597,42.2531],[139.5558,42.2514],[139.55,42.2419],[139.5417,42.2378],[139.5364,42.2336],[139.5317,42.2331],[139.5261,42.2356],[139.5181,42.2297],[139.5136,42.2308],[139.4942,42.2256],[139.4881,42.2253],[139.4828,42.2228],[139.4714,42.2228],[139.47,42.2181],[139.4592,42.2161],[139.4503,42.2189],[139.4431,42.2167],[139.438,42.2172],[139.4336,42.2156],[139.4325,42.2117],[139.4253,42.2053],[139.4222,42.2006],[139.4236,42.1986],[139.4156,42.1908],[139.4083,42.18],[139.4036,42.1764],[139.4083,42.1747],[139.4114,42.1697],[139.4039,42.165],[139.4064,42.16],[139.4128,42.1553],[139.4119,42.1525],[139.4194,42.1431],[139.423,42.1358],[139.4208,42.1328],[139.423,42.1294],[139.4183,42.1219],[139.4169,42.1161],[139.4183,42.1114],[139.4246,42.1062],[139.4253,42.1006],[139.422,42.0958],[139.4253,42.0906],[139.423,42.0786],[139.4203,42.0767],[139.4211,42.0706],[139.4244,42.0714],[139.4317,42.0672],[139.4431,42.0642],[139.4492,42.0528],[139.4525,42.0558],[139.4514,42.0644],[139.4589,42.0689],[139.4678,42.0714],[139.4797,42.0706],[139.4845,42.0733],[139.4961,42.0828],[139.4986,42.0911],[139.505,42.0975],[139.5064,42.1011],[139.5056,42.1067],[139.5128,42.1186],[139.515,42.1297],[139.5203,42.1361],[139.5183,42.1433],[139.521,42.1457],[139.5199,42.1494],[139.5231,42.1539],[139.5169,42.1586],[139.5178,42.1658],[139.5167,42.1756],[139.5225,42.1864],[139.535,42.1981],[139.5447,42.2022],[139.5508,42.2103],[139.552,42.2193],[139.5541,42.2201],[139.5613,42.229],[139.5606,42.2397],[139.5628,42.2419],[139.5597,42.2469],[139.562,42.2511],[139.5597,42.2531]]]}},{"type":"Feature","properties":{"id":1105},"geometry":{"type":"Polygon","coordinates":[[[142.6061,44.4419],[142.6087,44.4293],[142.619,44.4301],[142.6332,44.4324],[142.6607,44.4329],[142.6698,44.4345],[142.6758,44.438],[142.6875,44.4472],[142.7039,44.4655],[142.7141,44.4748],[142.7199,44.4785],[142.725,44.4798],[142.7349,44.4783],[142.7399,44.473],[142.7435,44.4643],[142.7477,44.4592],[142.7522,44.4575],[142.7761,44.4563],[142.7953,44.4574],[142.8115,44.4529],[142.8171,44.4522],[142.834,44.4548],[142.8511,44.4552],[142.8576,44.454],[142.8631,44.4504],[142.8664,44.4426],[142.8654,44.4348],[142.8783,44.4336],[142.8942,44.4376],[142.9007,44.4401],[142.9062,44.4439],[142.9129,44.4508],[142.9225,44.4563],[142.9309,44.4634],[142.9364,44.4621],[142.9425,44.4556],[142.9479,44.4524],[142.9649,44.4485],[142.9753,44.4438],[142.9887,44.4388],[142.9969,44.438],[143.0033,44.4386],[143.0101,44.4413],[143.0184,44.449],[143.0269,44.4523],[143.0383,44.4534],[143.0525,44.4524],[143.0625,44.4543],[143.0786,44.4628],[143.0917,44.4675],[143.099,44.4717],[143.1091,44.4819],[143.1133,44.4899],[143.1124,44.4918],[143.0941,44.5008],[143.0809,44.5081],[143.0778,44.5089],[143.0605,44.5229],[143.0612,44.5268],[143.0455,44.5288],[143.0428,44.5324],[143.0343,44.5348],[143.0276,44.5393],[143.0206,44.5418],[143.0039,44.5526],[142.9987,44.5545],[142.9899,44.5603],[142.9809,44.5681],[142.9767,44.5698],[142.9738,44.5748],[142.964,44.5845],[142.9619,44.5896],[142.9581,44.5919],[142.9549,44.5987],[142.9491,44.6015],[142.9398,44.6091],[142.9317,44.6146],[142.9305,44.6191],[142.9326,44.6225],[142.927,44.6287],[142.922,44.6275],[142.9151,44.6301],[142.9115,44.6341],[142.8999,44.6415],[142.8926,44.6517],[142.8863,44.6559],[142.8814,44.6567],[142.8787,44.6594],[142.8705,44.662],[142.8586,44.6761],[142.8558,44.6727],[142.8394,44.6573],[142.8343,44.6506],[142.8293,44.6464],[142.8205,44.6425],[142.8102,44.634],[142.8024,44.6321],[142.7913,44.6325],[142.7857,44.6315],[142.7805,44.6287],[142.7733,44.6282],[142.7658,44.6311],[142.7553,44.633],[142.7495,44.6314],[142.7439,44.628],[142.7253,44.6228],[142.7133,44.6162],[142.7077,44.6102],[142.7036,44.6012],[142.697,44.5958],[142.6916,44.5939],[142.6799,44.5926],[142.6749,44.5905],[142.6755,44.5757],[142.6747,44.5697],[142.6674,44.5565],[142.6581,44.5462],[142.6571,44.5409],[142.6579,44.5297],[142.654,44.5213],[142.6452,44.5153],[142.6411,44.5084],[142.6373,44.4974],[142.6203,44.4731],[142.6167,44.4638],[142.6068,44.4518],[142.605,44.4461],[142.6061,44.4419]]]}},{"type":"Feature","properties":{"id":1106},"geometry":{"type":"Polygon","coordinates":[[[140.2276,42.3903],[140.2426,42.3829],[140.2482,42.3816],[140.2582,42.3824],[140.2677,42.3859],[140.2781,42.3869],[140.287,42.3862],[140.2976,42.3831],[140.3051,42.3975],[140.3112,42.4118],[140.319,42.4259],[140.324,42.4324],[140.3237,42.4343],[140.3289,42.4404],[140.3328,42.4486],[140.3443,42.4642],[140.3459,42.4682],[140.3589,42.4865],[140.3646,42.4928],[140.3768,42.5082],[140.3817,42.5126],[140.3868,42.52],[140.3966,42.5272],[140.3984,42.5312],[140.4228,42.5532],[140.4438,42.5694],[140.4564,42.5786],[140.4687,42.5863],[140.4793,42.5883],[140.4914,42.5837],[140.4982,42.5866],[140.5019,42.5944],[140.499,42.5991],[140.4942,42.6026],[140.4813,42.6068],[140.4704,42.6075],[140.4616,42.6094],[140.4542,42.6128],[140.4499,42.6134],[140.4432,42.6108],[140.4315,42.5997],[140.4232,42.5937],[140.4165,42.5906],[140.4108,42.5912],[140.4041,42.595],[140.3958,42.5962],[140.3777,42.6073],[140.3649,42.6197],[140.3587,42.6234],[140.3358,42.6268],[140.3242,42.6302],[140.3172,42.6298],[140.3049,42.6241],[140.2991,42.6201],[140.2928,42.6139],[140.2864,42.6097],[140.2756,42.608],[140.2583,42.6074],[140.2468,42.6032],[140.2407,42.6033],[140.2354,42.6067],[140.2298,42.6132],[140.2217,42.6141],[140.2152,42.6133],[140.2019,42.605],[140.2017,42.599],[140.2035,42.5929],[140.2146,42.5855],[140.2246,42.5767],[140.2315,42.5739],[140.2386,42.5734],[140.2471,42.5693],[140.2558,42.5678],[140.2597,42.5654],[140.265,42.5595],[140.2737,42.5529],[140.2738,42.5468],[140.2685,42.5364],[140.2593,42.5238],[140.255,42.516],[140.2403,42.4993],[140.2301,42.4845],[140.2253,42.4804],[140.2228,42.4756],[140.2219,42.4606],[140.2227,42.4516],[140.2343,42.4347],[140.2331,42.4256],[140.2342,42.4196],[140.2407,42.4096],[140.2418,42.4062],[140.2394,42.4008],[140.2276,42.3903]]]}},{"type":"Feature","properties":{"id":1107},"geometry":{"type":"Polygon","coordinates":[[[141.0563,43.058],[141.0686,43.0681],[141.0715,43.0727],[141.078,43.0879],[141.0784,43.0976],[141.0806,43.1036],[141.09,43.114],[141.098,43.1153],[141.121,43.1141],[141.1433,43.1047],[141.1477,43.0991],[141.1525,43.0957],[141.1595,43.0931],[141.1672,43.0948],[141.1735,43.1008],[141.1827,43.1068],[141.1895,43.1135],[141.1971,43.1177],[141.2092,43.121],[141.2271,43.1268],[141.2309,43.1307],[141.2344,43.1427],[141.2394,43.1478],[141.2473,43.1538],[141.2536,43.1613],[141.2628,43.1591],[141.2649,43.1625],[141.272,43.1671],[141.2831,43.1714],[141.2935,43.1768],[141.2988,43.1831],[141.2986,43.1902],[141.2968,43.1951],[141.2929,43.194],[141.2935,43.1875],[141.2885,43.1887],[141.2865,43.1965],[141.2832,43.1957],[141.2793,43.1987],[141.2762,43.1961],[141.2788,43.1929],[141.2731,43.1888],[141.2521,43.1774],[141.238,43.1714],[141.2225,43.1639],[141.2079,43.1591],[141.1904,43.1519],[141.1704,43.1457],[141.1614,43.1439],[141.1486,43.1478],[141.1416,43.1519],[141.1305,43.1531],[141.1125,43.1627],[141.0933,43.169],[141.0896,43.1715],[141.0817,43.1714],[141.0734,43.1732],[141.0658,43.1776],[141.0578,43.1794],[141.0391,43.1799],[141.0348,43.1835],[141.0267,43.1838],[141.0255,43.188],[141.0188,43.1916],[141.0104,43.1976],[141.0045,43.2098],[141.0103,43.21],[141.0148,43.2128],[141.0139,43.2168],[141.0207,43.2225],[141.0167,43.2255],[141.0167,43.2382],[140.999,43.2397],[140.9787,43.2395],[140.9688,43.2371],[140.9625,43.2322],[140.9512,43.2279],[140.9384,43.2276],[140.9294,43.2265],[140.9232,43.2238],[140.9191,43.2239],[140.9178,43.2179],[140.9214,43.2152],[140.9139,43.2109],[140.8959,43.2116],[140.892,43.208],[140.8721,43.2054],[140.8676,43.2074],[140.8669,43.214],[140.8628,43.2183],[140.8589,43.2161],[140.8531,43.2156],[140.8535,43.2108],[140.8573,43.2043],[140.8561,43.2014],[140.8615,43.1804],[140.8704,43.1703],[140.88,43.1653],[140.887,43.1661],[140.8972,43.1639],[140.9073,43.1632],[140.9291,43.1516],[140.9333,43.1485],[140.9364,43.1432],[140.9303,43.1282],[140.9397,43.1297],[140.9682,43.1297],[140.9831,43.1263],[140.9914,43.1286],[140.9974,43.129],[141.0095,43.1222],[141.0112,43.1202],[141.0177,43.1059],[141.0201,43.0962],[141.0256,43.085],[141.0304,43.0782],[141.0442,43.066],[141.0563,43.058]]]}},{"type":"Feature","properties":{"id":1108},"geometry":{"type":"Polygon","coordinates":[[[140.2797,42.0552],[140.2767,42.0576],[140.2692,42.0593],[140.2598,42.0594],[140.2536,42.0617],[140.2465,42.0699],[140.2401,42.0755],[140.2346,42.078],[140.232,42.0817],[140.2309,42.0885],[140.2256,42.0933],[140.216,42.0941],[140.2087,42.0925],[140.2032,42.0892],[140.1977,42.0785],[140.1944,42.0742],[140.1856,42.0706],[140.1687,42.0707],[140.1541,42.0745],[140.1491,42.0748],[140.1358,42.0722],[140.1249,42.076],[140.1127,42.076],[140.0933,42.0712],[140.0781,42.0714],[140.0628,42.0726],[140.0685,42.0673],[140.0676,42.0625],[140.0722,42.0551],[140.0866,42.0422],[140.0822,42.0364],[140.0919,42.0363],[140.0956,42.034],[140.0951,42.0295],[140.1001,42.0275],[140.0998,42.0204],[140.1044,42.0163],[140.1055,42.0119],[140.1022,42.008],[140.114,42.0062],[140.1194,42.0038],[140.1247,41.9944],[140.1239,41.9911],[140.1275,41.9789],[140.1306,41.9781],[140.1344,41.9735],[140.1283,41.9673],[140.1263,41.9615],[140.13,41.957],[140.1471,41.9616],[140.1553,41.9622],[140.1745,41.9618],[140.1862,41.9579],[140.1897,41.9578],[140.2009,41.9612],[140.21,41.9621],[140.222,41.9674],[140.2328,41.9703],[140.2519,41.9801],[140.2602,41.9791],[140.2654,41.9836],[140.2715,41.9965],[140.2713,42.0059],[140.2681,42.0219],[140.2699,42.0265],[140.2776,42.0351],[140.2793,42.0456],[140.2797,42.0552]]]}},{"type":"Feature","properties":{"id":1109},"geometry":{"type":"Polygon","coordinates":[[[143.3532,43.074],[143.3424,43.0823],[143.3376,43.0915],[143.3367,43.1023],[143.3337,43.1115],[143.3248,43.1119],[143.3205,43.1167],[143.3106,43.1193],[143.2939,43.1196],[143.2859,43.1207],[143.2718,43.1257],[143.2662,43.126],[143.2614,43.1232],[143.2587,43.1163],[143.2587,43.1038],[143.2569,43.0954],[143.2538,43.0905],[143.2471,43.0866],[143.2361,43.0852],[143.227,43.0862],[143.2204,43.0905],[143.2181,43.0938],[143.2177,43.101],[143.2193,43.1059],[143.2301,43.1244],[143.2316,43.1293],[143.2301,43.1343],[143.2223,43.1413],[143.2078,43.1468],[143.1865,43.1483],[143.1741,43.1525],[143.1635,43.1546],[143.1588,43.161],[143.1535,43.1647],[143.1464,43.1645],[143.1313,43.1552],[143.1045,43.1412],[143.0894,43.1343],[143.0799,43.1282],[143.0755,43.1229],[143.0717,43.1128],[143.0671,43.095],[143.0605,43.0747],[143.0631,43.0682],[143.0754,43.0623],[143.079,43.0582],[143.0822,43.0393],[143.0855,43.029],[143.0905,43.0102],[143.1072,43.0026],[143.1158,42.9973],[143.1266,42.9872],[143.1346,42.9786],[143.1453,42.9636],[143.1539,42.9497],[143.1653,42.9457],[143.172,42.9446],[143.1828,42.9452],[143.1933,42.949],[143.2013,42.9479],[143.2146,42.9407],[143.2282,42.9375],[143.2397,42.937],[143.2545,42.9383],[143.2614,42.9384],[143.2694,42.9356],[143.2753,42.9356],[143.2855,42.9391],[143.2941,42.9375],[143.3049,42.9337],[143.3177,42.9283],[143.3227,42.9294],[143.3276,42.9338],[143.3313,42.9496],[143.3362,42.9592],[143.34,42.9641],[143.3491,42.968],[143.3613,42.9682],[143.3682,42.9698],[143.3776,42.9746],[143.382,42.9819],[143.3816,42.9943],[143.3794,43.0027],[143.3665,43.0301],[143.3643,43.0439],[143.3617,43.0503],[143.3569,43.0563],[143.354,43.0644],[143.3532,43.074]]]}},{"type":"Feature","properties":{"id":1110},"geometry":{"type":"Polygon","coordinates":[[[142.4254,44.6596],[142.4299,44.6609],[142.4356,44.6656],[142.4369,44.672],[142.4318,44.6788],[142.4102,44.6958],[142.4052,44.6971],[142.3852,44.7002],[142.3712,44.7011],[142.3571,44.7038],[142.3514,44.7076],[142.3443,44.717],[142.3404,44.7281],[142.3358,44.7354],[142.3311,44.7403],[142.3294,44.7489],[142.3327,44.7581],[142.3343,44.7663],[142.3326,44.7708],[142.3214,44.7775],[142.3128,44.7808],[142.3095,44.784],[142.3071,44.7922],[142.3086,44.8039],[142.3039,44.8104],[142.2978,44.8118],[142.2874,44.8097],[142.2805,44.8101],[142.2584,44.8175],[142.2505,44.8178],[142.2451,44.8161],[142.2343,44.8104],[142.2234,44.8005],[142.2103,44.7924],[142.1874,44.7846],[142.1867,44.7638],[142.1842,44.7532],[142.1756,44.7401],[142.1738,44.7324],[142.1763,44.7238],[142.1749,44.7166],[142.1694,44.7084],[142.1677,44.6968],[142.17,44.6912],[142.1785,44.6831],[142.1802,44.6755],[142.1748,44.6608],[142.1748,44.6559],[142.1779,44.6499],[142.1854,44.6418],[142.1933,44.6286],[142.2022,44.621],[142.2068,44.6158],[142.2148,44.5983],[142.225,44.6013],[142.2343,44.6082],[142.2456,44.6208],[142.2555,44.6249],[142.2704,44.6256],[142.2775,44.627],[142.2842,44.6313],[142.2949,44.6414],[142.3038,44.6465],[142.3133,44.6507],[142.3183,44.6514],[142.3317,44.6507],[142.3413,44.6512],[142.3622,44.6568],[142.3876,44.6611],[142.3992,44.6611],[142.4109,44.6589],[142.4254,44.6596]]]}},{"type":"Feature","properties":{"id":1111},"geometry":{"type":"Polygon","coordinates":[[[144.0526,43.9146],[144.062,43.9099],[144.062,43.9005],[144.0768,43.8923],[144.0819,43.8877],[144.0875,43.8803],[144.0915,43.8712],[144.0981,43.8619],[144.1036,43.859],[144.1098,43.8594],[144.1191,43.8661],[144.1344,43.8756],[144.1404,43.8752],[144.1505,43.8714],[144.1749,43.8593],[144.183,43.8572],[144.1878,43.8547],[144.1921,43.848],[144.1953,43.8393],[144.2079,43.8283],[144.2131,43.8223],[144.2176,43.8102],[144.2209,43.8049],[144.2315,43.802],[144.2377,43.7952],[144.2414,43.784],[144.2457,43.7778],[144.2481,43.767],[144.2471,43.7568],[144.2498,43.7453],[144.2548,43.7359],[144.2604,43.7213],[144.2749,43.7085],[144.2812,43.7072],[144.2986,43.7067],[144.3071,43.7049],[144.3141,43.7049],[144.3279,43.7085],[144.3359,43.7096],[144.3531,43.7212],[144.362,43.7264],[144.3678,43.7324],[144.37,43.7377],[144.3725,43.7488],[144.3786,43.7619],[144.3855,43.7808],[144.3862,43.788],[144.3848,43.7967],[144.3774,43.8018],[144.3727,43.8099],[144.3732,43.8203],[144.3704,43.8344],[144.3712,43.8427],[144.3737,43.855],[144.3731,43.8634],[144.3703,43.8692],[144.3627,43.8751],[144.3576,43.8765],[144.335,43.8774],[144.3219,43.8807],[144.3126,43.8816],[144.3014,43.8801],[144.284,43.8729],[144.2697,43.8715],[144.2647,43.8729],[144.2596,43.8776],[144.2548,43.8879],[144.2459,43.9013],[144.2316,43.9196],[144.2249,43.9303],[144.2172,43.9368],[144.2121,43.9475],[144.2134,43.9525],[144.2112,43.9567],[144.2051,43.9578],[144.2004,43.9546],[144.1825,43.952],[144.1737,43.9498],[144.1661,43.9454],[144.1592,43.9434],[144.1446,43.9416],[144.1287,43.9355],[144.1186,43.9344],[144.1073,43.9374],[144.0976,43.9419],[144.0877,43.9419],[144.0816,43.9386],[144.0709,43.9277],[144.0615,43.9224],[144.0526,43.9146]]]}},{"type":"Feature","properties":{"id":1112},"geometry":{"type":"Polygon","coordinates":[[[142.5644,43.995],[142.5476,43.9938],[142.5364,43.9911],[142.5271,43.9862],[142.5176,43.9788],[142.5112,43.9718],[142.5053,43.9642],[142.4993,43.9615],[142.4927,43.9622],[142.4839,43.9659],[142.4698,43.9672],[142.4616,43.9644],[142.4588,43.9605],[142.456,43.9472],[142.457,43.9399],[142.4568,43.9292],[142.4588,43.9189],[142.4636,43.9073],[142.4657,43.8869],[142.4698,43.869],[142.4738,43.8595],[142.4815,43.8379],[142.5152,43.8602],[142.5272,43.871],[142.5356,43.8838],[142.5449,43.8912],[142.5572,43.8955],[142.5596,43.9084],[142.5587,43.914],[142.543,43.9289],[142.5343,43.9429],[142.5334,43.9474],[142.5368,43.9551],[142.5464,43.9641],[142.5508,43.9694],[142.5644,43.995]]]}},{"type":"Feature","properties":{"id":1113},"geometry":{"type":"Polygon","coordinates":[[[140.3899,42.9206],[140.3897,42.9155],[140.376,42.9009],[140.3775,42.8973],[140.3719,42.8882],[140.3769,42.8678],[140.3806,42.8562],[140.3817,42.8437],[140.3864,42.8281],[140.392,42.7954],[140.3903,42.7882],[140.3827,42.778],[140.3767,42.7724],[140.3669,42.7665],[140.3755,42.7493],[140.3838,42.7382],[140.3963,42.7258],[140.4028,42.7201],[140.4124,42.7144],[140.4206,42.7124],[140.4369,42.7109],[140.4453,42.7094],[140.4641,42.7034],[140.4757,42.6988],[140.4817,42.6976],[140.4913,42.6989],[140.5107,42.7052],[140.5197,42.7038],[140.5236,42.6995],[140.5265,42.6875],[140.5317,42.6735],[140.5371,42.6668],[140.5411,42.664],[140.5608,42.6547],[140.5683,42.6507],[140.5738,42.6461],[140.5785,42.6679],[140.5826,42.6771],[140.5828,42.6858],[140.5801,42.6924],[140.574,42.712],[140.5753,42.7201],[140.5815,42.7246],[140.5905,42.7377],[140.5931,42.7448],[140.5955,42.7574],[140.6057,42.7727],[140.6113,42.7786],[140.6151,42.7875],[140.6159,42.7993],[140.6172,42.8029],[140.6241,42.8089],[140.6368,42.8127],[140.6396,42.8163],[140.6395,42.8231],[140.6367,42.8335],[140.633,42.8394],[140.6323,42.8453],[140.6346,42.8523],[140.6351,42.8587],[140.6392,42.8667],[140.6507,42.8772],[140.659,42.883],[140.6485,42.8882],[140.6398,42.8895],[140.6329,42.8947],[140.6221,42.8954],[140.6099,42.8927],[140.5984,42.8937],[140.5881,42.8992],[140.5801,42.9012],[140.5556,42.9032],[140.5472,42.9023],[140.5327,42.9036],[140.5275,42.9054],[140.5167,42.9125],[140.5108,42.9139],[140.5034,42.9134],[140.494,42.9095],[140.4822,42.9098],[140.4728,42.9134],[140.4639,42.914],[140.4587,42.9129],[140.442,42.9071],[140.4358,42.9075],[140.4263,42.9106],[140.4118,42.9128],[140.3899,42.9206]]]}},{"type":"Feature","properties":{"id":1114},"geometry":{"type":"Polygon","coordinates":[[[144.8921,43.8849],[144.9214,43.8975],[144.9392,43.8994],[144.9555,43.8995],[144.9644,43.8989],[144.9719,43.8962],[144.9836,43.8879],[144.9856,43.8848],[144.9939,43.8828],[145.0027,43.8788],[145.0107,43.8733],[145.0202,43.8642],[145.0356,43.8615],[145.0412,43.8619],[145.0513,43.8667],[145.055,43.8664],[145.0592,43.8625],[145.0706,43.859],[145.0807,43.8582],[145.0986,43.8606],[145.0942,43.8694],[145.0933,43.8733],[145.0972,43.8781],[145.0939,43.8897],[145.0969,43.8958],[145.1083,43.9078],[145.1092,43.9128],[145.1122,43.9178],[145.1192,43.9233],[145.1214,43.9325],[145.1267,43.9381],[145.1264,43.9422],[145.1306,43.9506],[145.1367,43.9569],[145.1417,43.9675],[145.1533,43.9747],[145.1553,43.9819],[145.1689,43.9925],[145.1783,43.998],[145.1806,44.0068],[145.1874,44.0111],[145.1938,44.0173],[145.2017,44.0219],[145.2062,44.0297],[145.2116,44.033],[145.2229,44.0375],[145.2296,44.0455],[145.2325,44.0507],[145.2381,44.0564],[145.2395,44.0641],[145.2457,44.0681],[145.2446,44.0742],[145.2419,44.0771],[145.2428,44.0841],[145.2404,44.0889],[145.2425,44.0966],[145.248,44.1039],[145.2514,44.1144],[145.2557,44.1202],[145.2553,44.124],[145.2601,44.1333],[145.2644,44.1382],[145.275,44.145],[145.2848,44.1495],[145.2922,44.1557],[145.2974,44.1645],[145.3061,44.167],[145.3106,44.1764],[145.3169,44.1822],[145.3195,44.1883],[145.3292,44.1911],[145.333,44.1969],[145.3338,44.2077],[145.3376,44.2136],[145.3438,44.2205],[145.3487,44.2228],[145.3461,44.2283],[145.3495,44.2324],[145.3478,44.239],[145.3488,44.2435],[145.3523,44.2464],[145.3621,44.2514],[145.3664,44.2641],[145.3664,44.2709],[145.3602,44.2735],[145.3605,44.2765],[145.3535,44.2868],[145.3544,44.2889],[145.3493,44.2942],[145.3491,44.3032],[145.346,44.3087],[145.3519,44.3153],[145.3497,44.3211],[145.3418,44.3258],[145.3419,44.3338],[145.3443,44.3394],[145.3395,44.3403],[145.3361,44.3437],[145.3295,44.3453],[145.3208,44.3405],[145.3188,44.3363],[145.3143,44.3334],[145.3178,44.3255],[145.3212,44.3132],[145.3205,44.308],[145.3149,44.2961],[145.3123,44.2877],[145.3118,44.2792],[145.313,44.2679],[145.3125,44.2633],[145.3096,44.2591],[145.2968,44.2499],[145.2912,44.2431],[145.2883,44.2359],[145.283,44.23],[145.2757,44.2248],[145.2724,44.2165],[145.2724,44.2062],[145.2763,44.1941],[145.2767,44.1892],[145.2746,44.1843],[145.2674,44.173],[145.2622,44.1687],[145.2467,44.1627],[145.235,44.1608],[145.2272,44.1575],[145.219,44.1497],[145.2139,44.1462],[145.2019,44.14],[145.1963,44.1383],[145.1828,44.1372],[145.177,44.1345],[145.1614,44.1216],[145.1547,44.1144],[145.1434,44.112],[145.1362,44.1063],[145.1287,44.0912],[145.1218,44.0831],[145.1192,44.0778],[145.1171,44.067],[145.11,44.0652],[145.1017,44.0563],[145.0952,44.0504],[145.0815,44.0443],[145.0608,44.0442],[145.0531,44.0413],[145.0493,44.0366],[145.0436,44.024],[145.0398,44.0133],[145.037,44.0092],[145.0322,44.0063],[145.0204,44.0041],[145.0113,43.9999],[145.0048,43.9939],[144.9959,43.9813],[144.9931,43.9757],[144.9919,43.9677],[144.993,43.9506],[144.9918,43.9448],[144.9886,43.941],[144.9802,43.9362],[144.97,43.9293],[144.9595,43.9242],[144.939,43.9212],[144.928,43.9168],[144.9148,43.9153],[144.9102,43.9136],[144.9038,43.9088],[144.8979,43.9014],[144.8951,43.8956],[144.8921,43.8849]]]}},{"type":"Feature","properties":{"id":1115},"geometry":{"type":"MultiPolygon","coordinates":[[[[140.9769,45.4548],[140.9711,45.46],[140.9651,45.4589],[140.9674,45.4535],[140.9748,45.4508],[140.9763,45.4475],[140.9731,45.4425],[140.9647,45.4375],[140.9754,45.437],[140.9823,45.4349],[140.9908,45.4294],[140.9936,45.4242],[140.9931,45.4203],[140.9869,45.4161],[140.9856,45.4119],[140.9918,45.4084],[140.9895,45.4042],[140.9856,45.4022],[140.9847,45.3958],[140.9886,45.3919],[140.9895,45.386],[140.9814,45.3831],[140.9817,45.38],[140.9878,45.3692],[140.9949,45.3609],[141.0004,45.3435],[141.0038,45.3374],[141.0025,45.3319],[141.0038,45.328],[141.0174,45.3142],[141.0213,45.3121],[141.0211,45.3039],[141.0266,45.2978],[141.0247,45.2901],[141.0211,45.2896],[141.0156,45.2838],[141.018,45.2797],[141.0249,45.274],[141.0316,45.2733],[141.0356,45.275],[141.0426,45.2739],[141.0464,45.2781],[141.0454,45.284],[141.0472,45.2883],[141.0449,45.2983],[141.051,45.3063],[141.0519,45.3104],[141.0564,45.3174],[141.0555,45.3231],[141.0518,45.3308],[141.0495,45.34],[141.0543,45.3427],[141.0592,45.3514],[141.0586,45.3577],[141.0601,45.3624],[141.0599,45.3749],[141.0558,45.3868],[141.0584,45.3958],[141.0564,45.4066],[141.0612,45.4167],[141.0614,45.4206],[141.067,45.4244],[141.06,45.4313],[141.0558,45.4384],[141.0548,45.4437],[141.0492,45.4514],[141.0447,45.4546],[141.032,45.4592],[141.0372,45.4468],[141.0342,45.4403],[141.0233,45.4354],[141.0107,45.4333],[141,45.4344],[140.9856,45.444],[140.9862,45.4475],[140.9769,45.4548]]],[[[140.9644,45.4806],[140.9614,45.4783],[140.9639,45.4747],[140.97,45.4753],[140.9722,45.4775],[140.9644,45.4806]]]]}},{"type":"Feature","properties":{"id":1116},"geometry":{"type":"Polygon","coordinates":[[[143.953,43.4904],[143.9473,43.5054],[143.9386,43.5141],[143.9357,43.5234],[143.9256,43.5276],[143.9101,43.5355],[143.9056,43.5358],[143.8976,43.53],[143.8924,43.5277],[143.8884,43.5289],[143.8833,43.5343],[143.8716,43.5411],[143.8628,43.5447],[143.8531,43.55],[143.8468,43.5549],[143.8398,43.5636],[143.8349,43.5726],[143.827,43.5821],[143.818,43.5905],[143.8118,43.5932],[143.8033,43.5947],[143.7995,43.5988],[143.7958,43.6064],[143.7818,43.6258],[143.7801,43.6249],[143.7714,43.6217],[143.7618,43.6224],[143.7547,43.6267],[143.7509,43.6341],[143.747,43.6386],[143.7402,43.6424],[143.7325,43.6432],[143.7261,43.6395],[143.7195,43.6398],[143.7126,43.6443],[143.7035,43.6425],[143.6925,43.6339],[143.6884,43.6327],[143.6763,43.6328],[143.6672,43.6374],[143.6593,43.643],[143.6552,43.6447],[143.6454,43.6448],[143.6385,43.6422],[143.6402,43.6333],[143.6396,43.6288],[143.6323,43.6197],[143.6276,43.6161],[143.617,43.6116],[143.6102,43.61],[143.6008,43.6094],[143.5847,43.6015],[143.5767,43.6004],[143.5692,43.6037],[143.5603,43.6033],[143.5482,43.5929],[143.5443,43.5869],[143.5412,43.5707],[143.5367,43.5609],[143.5317,43.5552],[143.5269,43.5537],[143.5133,43.5514],[143.4937,43.5415],[143.4873,43.5354],[143.4812,43.5232],[143.4761,43.5062],[143.4844,43.49],[143.4952,43.4748],[143.5029,43.4624],[143.5112,43.4567],[143.5262,43.4569],[143.538,43.4613],[143.5446,43.4623],[143.5965,43.4623],[143.6082,43.4645],[143.6133,43.469],[143.6194,43.4723],[143.6285,43.4718],[143.6566,43.4593],[143.6659,43.4538],[143.6738,43.4477],[143.6891,43.4407],[143.6969,43.4411],[143.7073,43.4466],[143.7186,43.4498],[143.7266,43.4498],[143.735,43.4442],[143.7355,43.437],[143.7317,43.429],[143.7261,43.424],[143.7186,43.4207],[143.7136,43.4134],[143.7134,43.404],[143.709,43.4],[143.701,43.3972],[143.6891,43.3902],[143.6805,43.3872],[143.6742,43.3834],[143.6684,43.3747],[143.6695,43.3685],[143.6742,43.3659],[143.6822,43.3649],[143.6882,43.3619],[143.6935,43.3567],[143.6998,43.353],[143.7093,43.352],[143.7147,43.3536],[143.7332,43.3638],[143.7482,43.3666],[143.7537,43.3691],[143.7704,43.3856],[143.7758,43.3881],[143.7883,43.3909],[143.7929,43.3955],[143.7986,43.4033],[143.8072,43.4123],[143.8118,43.4211],[143.8122,43.4339],[143.815,43.4396],[143.825,43.4495],[143.8286,43.4549],[143.8304,43.4638],[143.8279,43.4732],[143.8383,43.4815],[143.8388,43.4877],[143.8355,43.498],[143.8418,43.5019],[143.8502,43.4984],[143.8597,43.4928],[143.8733,43.4872],[143.885,43.4851],[143.8933,43.4816],[143.905,43.4804],[143.913,43.4816],[143.9193,43.4842],[143.9276,43.486],[143.9399,43.4869],[143.953,43.4904]]]}},{"type":"Feature","properties":{"id":1117},"geometry":{"type":"Polygon","coordinates":[[[141.141,45.223],[141.1379,45.218],[141.1329,45.2142],[141.136,45.2066],[141.1388,45.2054],[141.1367,45.1994],[141.1422,45.1942],[141.1422,45.1906],[141.1361,45.1867],[141.1281,45.1881],[141.1264,45.1856],[141.14,45.1817],[141.1353,45.1778],[141.1377,45.1746],[141.1374,45.1694],[141.1409,45.1623],[141.1506,45.1571],[141.1493,45.1532],[141.1596,45.1478],[141.1633,45.1437],[141.1647,45.1384],[141.1773,45.1292],[141.1833,45.1264],[141.1916,45.1253],[141.2019,45.1162],[141.2094,45.1123],[141.215,45.1109],[141.219,45.1066],[141.2265,45.1052],[141.2292,45.0996],[141.2375,45.0974],[141.2453,45.0997],[141.2532,45.1043],[141.2556,45.117],[141.2555,45.1379],[141.2547,45.1437],[141.251,45.1559],[141.2499,45.1661],[141.2482,45.1716],[141.2417,45.1788],[141.237,45.1816],[141.2228,45.1853],[141.2157,45.1898],[141.2071,45.1978],[141.1987,45.2022],[141.1874,45.2038],[141.1652,45.2087],[141.141,45.223]]]}},{"type":"Feature","properties":{"id":1118},"geometry":{"type":"Polygon","coordinates":[[[141.2532,45.1043],[141.2749,45.1103],[141.2805,45.1075],[141.2863,45.1099],[141.2861,45.1153],[141.2907,45.1164],[141.2922,45.1221],[141.2958,45.1251],[141.3011,45.1254],[141.3087,45.1315],[141.3089,45.1373],[141.3138,45.1393],[141.3289,45.1508],[141.3272,45.1717],[141.325,45.1767],[141.3242,45.1853],[141.3181,45.1931],[141.3168,45.1973],[141.3109,45.2025],[141.3091,45.2082],[141.3025,45.216],[141.2947,45.221],[141.2836,45.2231],[141.2799,45.2259],[141.2805,45.2296],[141.2751,45.2343],[141.2675,45.2351],[141.2649,45.2305],[141.2611,45.2313],[141.2525,45.2359],[141.2447,45.234],[141.233,45.2344],[141.2279,45.2365],[141.2273,45.2438],[141.2182,45.2501],[141.2074,45.2543],[141.2028,45.2548],[141.1975,45.2591],[141.1906,45.2585],[141.187,45.2513],[141.1829,45.2533],[141.1785,45.2504],[141.1756,45.2439],[141.1698,45.2387],[141.1641,45.2388],[141.1563,45.236],[141.1517,45.2308],[141.1504,45.2258],[141.141,45.223],[141.1652,45.2087],[141.1874,45.2038],[141.1987,45.2022],[141.2071,45.1978],[141.2157,45.1898],[141.2228,45.1853],[141.237,45.1816],[141.2417,45.1788],[141.2482,45.1716],[141.2499,45.1661],[141.251,45.1559],[141.2547,45.1437],[141.2555,45.1379],[141.2556,45.117],[141.2532,45.1043]]]}},{"type":"Feature","properties":{"id":1119},"geometry":{"type":"Polygon","coordinates":[[[141.8651,43.8503],[141.8682,43.8533],[141.8849,43.8817],[141.8899,43.8871],[141.9038,43.8953],[141.9067,43.8993],[141.9064,43.9049],[141.9003,43.9154],[141.8993,43.9244],[141.902,43.9341],[141.9028,43.9414],[141.8982,43.946],[141.8794,43.9599],[141.87,43.9647],[141.8598,43.9655],[141.854,43.9646],[141.8449,43.9614],[141.837,43.9605],[141.8247,43.9605],[141.8183,43.9592],[141.8102,43.9539],[141.7975,43.942],[141.7903,43.9377],[141.7807,43.9336],[141.7701,43.9326],[141.7538,43.9333],[141.7492,43.935],[141.7323,43.9453],[141.7131,43.9543],[141.7008,43.9616],[141.6882,43.9674],[141.6716,43.9792],[141.6558,43.9955],[141.6537,43.9985],[141.6507,43.9973],[141.6507,43.9899],[141.6463,43.9812],[141.6453,43.967],[141.6421,43.9626],[141.6434,43.9561],[141.6344,43.9514],[141.6293,43.9466],[141.6345,43.9405],[141.6308,43.926],[141.6277,43.9211],[141.6182,43.9162],[141.6127,43.9083],[141.6175,43.9062],[141.6517,43.8876],[141.6638,43.8801],[141.6709,43.8723],[141.6743,43.8585],[141.677,43.8521],[141.6912,43.8369],[141.6969,43.8287],[141.7007,43.8209],[141.7072,43.7925],[141.7283,43.7994],[141.7393,43.7984],[141.7496,43.7928],[141.7526,43.7884],[141.7585,43.7744],[141.7641,43.7691],[141.7712,43.7656],[141.7734,43.7629],[141.7795,43.7619],[141.7817,43.7656],[141.7806,43.7716],[141.7823,43.7821],[141.7861,43.789],[141.7932,43.7947],[141.7962,43.7989],[141.8056,43.8019],[141.8097,43.806],[141.814,43.815],[141.8158,43.8276],[141.8212,43.8353],[141.8265,43.8378],[141.8413,43.8409],[141.8537,43.8452],[141.8651,43.8503]]]}},{"type":"Feature","properties":{"id":1120},"geometry":{"type":"Polygon","coordinates":[[[141.0277,42.7225],[141.0051,42.7359],[140.9879,42.7409],[140.9695,42.7523],[140.9411,42.7688],[140.9228,42.779],[140.9077,42.7733],[140.8817,42.7657],[140.8634,42.7553],[140.8508,42.7457],[140.8461,42.7384],[140.8381,42.7302],[140.8358,42.7217],[140.8366,42.7121],[140.8338,42.7071],[140.8304,42.7048],[140.8227,42.703],[140.8062,42.7017],[140.8007,42.6989],[140.7959,42.694],[140.7934,42.6865],[140.7952,42.6696],[140.8004,42.673],[140.8137,42.6797],[140.8234,42.6835],[140.8337,42.6855],[140.8535,42.6947],[140.8679,42.7044],[140.8728,42.7046],[140.8791,42.7024],[140.8942,42.6992],[140.9085,42.6945],[140.9159,42.6939],[140.9341,42.6937],[140.9399,42.6929],[140.9521,42.6883],[140.9717,42.6777],[140.9774,42.6739],[140.9852,42.6834],[140.9896,42.6872],[140.9966,42.6897],[141.0006,42.6937],[141.0023,42.6995],[141.008,42.7072],[141.0211,42.7196],[141.0277,42.7225]]]}},{"type":"Feature","properties":{"id":1121},"geometry":{"type":"Polygon","coordinates":[[[143.1986,42.1865],[143.1968,42.2005],[143.1904,42.2148],[143.184,42.2215],[143.1785,42.2229],[143.1713,42.2228],[143.1654,42.2251],[143.1622,42.2286],[143.154,42.2443],[143.147,42.2511],[143.1389,42.2542],[143.1211,42.2566],[143.1124,42.2506],[143.1021,42.2467],[143.0844,42.2358],[143.0705,42.2257],[143.0602,42.224],[143.0438,42.2287],[143.0363,42.2291],[143.0289,42.2275],[143.0005,42.2174],[142.982,42.209],[142.9724,42.2082],[142.9634,42.2097],[142.9594,42.2011],[142.9553,42.2006],[142.9504,42.2033],[142.9359,42.2014],[142.9269,42.1982],[142.9185,42.1922],[142.9043,42.1853],[142.8985,42.1817],[142.8934,42.1765],[142.8837,42.1624],[142.8798,42.1517],[142.8731,42.1436],[142.8652,42.1425],[142.8627,42.1361],[142.8752,42.1319],[142.8872,42.1335],[142.8999,42.1325],[142.9072,42.133],[142.9171,42.1272],[142.9233,42.1256],[142.9317,42.1261],[142.9408,42.1246],[142.9447,42.1223],[142.9532,42.1221],[142.9642,42.1187],[142.9671,42.1163],[142.9683,42.1117],[142.9742,42.1064],[142.9772,42.102],[142.9891,42.0989],[142.9982,42.093],[142.9997,42.0862],[143.0087,42.083],[143.0127,42.0801],[143.032,42.0752],[143.037,42.0753],[143.0415,42.0716],[143.05,42.0694],[143.0639,42.0639],[143.0723,42.0571],[143.0882,42.0696],[143.0954,42.0731],[143.1006,42.0727],[143.1129,42.0688],[143.1292,42.0669],[143.136,42.0645],[143.1409,42.0733],[143.1595,42.0749],[143.166,42.0766],[143.1718,42.0799],[143.1818,42.0898],[143.1887,42.0937],[143.196,42.0909],[143.2005,42.0927],[143.2042,42.1],[143.2095,42.1015],[143.2068,42.1061],[143.193,42.1051],[143.1839,42.1112],[143.1809,42.1169],[143.1816,42.1214],[143.1863,42.1285],[143.1882,42.1336],[143.188,42.1392],[143.1846,42.1494],[143.1865,42.1555],[143.1835,42.1592],[143.1787,42.1608],[143.1786,42.1717],[143.1802,42.1766],[143.1848,42.182],[143.1986,42.1865]]]}},{"type":"Feature","properties":{"id":1122},"geometry":{"type":"Polygon","coordinates":[[[141.0107,42.9835],[141.018,42.9751],[141.0268,42.9672],[141.0338,42.9627],[141.0574,42.9531],[141.0624,42.9479],[141.0607,42.9396],[141.0545,42.9314],[141.0414,42.9157],[141.0401,42.9078],[141.0426,42.9011],[141.0498,42.8895],[141.0521,42.8875],[141.0638,42.8819],[141.0736,42.8826],[141.0846,42.8872],[141.0959,42.8862],[141.1108,42.8812],[141.1156,42.8781],[141.1182,42.8707],[141.1131,42.8599],[141.1097,42.8463],[141.1096,42.8401],[141.1114,42.8304],[141.1213,42.8232],[141.1315,42.8189],[141.1416,42.8118],[141.151,42.8024],[141.1568,42.7935],[141.1698,42.7885],[141.1767,42.7884],[141.1847,42.7912],[141.2012,42.7917],[141.2062,42.788],[141.2095,42.7916],[141.2174,42.7902],[141.2265,42.7905],[141.2349,42.795],[141.2366,42.7994],[141.2358,42.8094],[141.2381,42.8162],[141.2439,42.8231],[141.2509,42.8346],[141.2601,42.8459],[141.2664,42.8516],[141.269,42.856],[141.2701,42.8625],[141.2727,42.8675],[141.28,42.8723],[141.2919,42.8759],[141.2989,42.8802],[141.3095,42.8901],[141.3157,42.8913],[141.325,42.8887],[141.3302,42.881],[141.3343,42.8771],[141.3452,42.8755],[141.3537,42.8772],[141.3677,42.8826],[141.3768,42.8911],[141.3837,42.8961],[141.3923,42.8979],[141.4054,42.8968],[141.4148,42.8927],[141.4196,42.892],[141.4262,42.8944],[141.4281,42.8989],[141.4273,42.9055],[141.429,42.9122],[141.4323,42.917],[141.4406,42.9239],[141.4525,42.9356],[141.4616,42.941],[141.4681,42.9468],[141.4717,42.9544],[141.4729,42.9653],[141.4859,42.9946],[141.4878,43.0031],[141.495,43.0156],[141.4955,43.0227],[141.4983,43.0268],[141.5049,43.029],[141.5159,43.0303],[141.5147,43.0371],[141.5112,43.0439],[141.5072,43.0558],[141.5013,43.0608],[141.4944,43.0625],[141.4872,43.0671],[141.4842,43.071],[141.4816,43.0816],[141.4808,43.0965],[141.4785,43.1018],[141.4717,43.1037],[141.4664,43.0983],[141.4587,43.0991],[141.4552,43.1025],[141.454,43.1068],[141.4553,43.1132],[141.4627,43.1288],[141.464,43.1398],[141.4619,43.1475],[141.4562,43.1585],[141.4509,43.1663],[141.4411,43.17],[141.4317,43.1712],[141.4136,43.1713],[141.4012,43.1729],[141.3902,43.1731],[141.3804,43.1763],[141.3702,43.1757],[141.3658,43.1728],[141.358,43.1619],[141.3437,43.1519],[141.3221,43.144],[141.3129,43.142],[141.3013,43.138],[141.292,43.1382],[141.2839,43.1408],[141.2778,43.1446],[141.2755,43.1479],[141.266,43.1545],[141.2628,43.1591],[141.2536,43.1613],[141.2473,43.1538],[141.2394,43.1478],[141.2344,43.1427],[141.2309,43.1307],[141.2271,43.1268],[141.2092,43.121],[141.1971,43.1177],[141.1895,43.1135],[141.1827,43.1068],[141.1735,43.1008],[141.1672,43.0948],[141.1595,43.0931],[141.1525,43.0957],[141.1477,43.0991],[141.1433,43.1047],[141.121,43.1141],[141.098,43.1153],[141.09,43.114],[141.0806,43.1036],[141.0784,43.0976],[141.078,43.0879],[141.0715,43.0727],[141.0686,43.0681],[141.0563,43.058],[141.0535,43.048],[141.0439,43.0411],[141.0331,43.0361],[141.0192,43.0284],[141.0105,43.0197],[141.0093,42.997],[141.0107,42.9835]]]}},{"type":"Feature","properties":{"id":1123},"geometry":{"type":"Polygon","coordinates":[[[143.2601,42.7232],[143.2512,42.7064],[143.2454,42.7015],[143.2404,42.7013],[143.2303,42.7052],[143.2197,42.7049],[143.2105,42.7011],[143.1998,42.699],[143.1969,42.6973],[143.1907,42.6894],[143.1806,42.6715],[143.1647,42.6526],[143.1583,42.6463],[143.1469,42.6394],[143.1397,42.6332],[143.1332,42.6247],[143.1305,42.6183],[143.1256,42.6124],[143.119,42.6081],[143.1094,42.5991],[143.104,42.5974],[143.0896,42.5965],[143.0793,42.5924],[143.071,42.5911],[143.0594,42.5863],[143.0682,42.577],[143.0758,42.5743],[143.0904,42.5747],[143.1041,42.5784],[143.1096,42.5784],[143.1181,42.5756],[143.1331,42.5745],[143.1868,42.5747],[143.194,42.5737],[143.2024,42.5704],[143.2123,42.5691],[143.2367,42.5683],[143.2492,42.5696],[143.2558,42.5715],[143.2747,42.5813],[143.2885,42.5878],[143.2992,42.5946],[143.3047,42.6011],[143.3067,42.6113],[143.3101,42.6213],[143.3096,42.6273],[143.3033,42.6345],[143.2971,42.6372],[143.2861,42.6381],[143.2788,42.6412],[143.2754,42.6494],[143.2772,42.659],[143.2785,42.6731],[143.2828,42.688],[143.2844,42.6975],[143.2881,42.7103],[143.2845,42.7164],[143.2713,42.7232],[143.2601,42.7232]]]}},{"type":"Feature","properties":{"id":1124},"geometry":{"type":"Polygon","coordinates":[[[143.6031,43.9423],[143.6116,43.9412],[143.6208,43.9361],[143.6293,43.9347],[143.6389,43.9362],[143.6483,43.9339],[143.6571,43.9276],[143.6685,43.9243],[143.6805,43.9278],[143.6859,43.9263],[143.6878,43.9217],[143.6844,43.9099],[143.687,43.9038],[143.6987,43.8888],[143.7067,43.8808],[143.7108,43.8783],[143.7195,43.8777],[143.7267,43.8812],[143.7318,43.8864],[143.7358,43.8968],[143.7423,43.9052],[143.749,43.9089],[143.7581,43.9161],[143.7608,43.9218],[143.7605,43.9278],[143.7576,43.9431],[143.756,43.9469],[143.7576,43.9544],[143.7627,43.9554],[143.767,43.9525],[143.7726,43.9544],[143.784,43.9615],[143.7876,43.9659],[143.7917,43.9755],[143.7965,43.9815],[143.8045,43.9836],[143.8104,43.981],[143.8166,43.9819],[143.8243,43.9884],[143.831,43.9892],[143.8394,43.9867],[143.8509,43.9844],[143.862,43.9782],[143.8711,43.975],[143.8766,43.9753],[143.8847,43.9819],[143.8927,43.9866],[143.8985,43.9919],[143.9162,44.0053],[143.9331,44.0147],[143.9391,44.0198],[143.9529,44.0342],[143.9554,44.0385],[143.9562,44.0439],[143.9516,44.0535],[143.9514,44.0589],[143.9612,44.0779],[143.9504,44.0904],[143.9444,44.0859],[143.9357,44.0846],[143.9311,44.087],[143.9258,44.0927],[143.9167,44.0927],[143.9066,44.0988],[143.9054,44.1072],[143.8924,44.1007],[143.8754,44.0981],[143.8648,44.1009],[143.8602,44.1005],[143.8533,44.1041],[143.8414,44.1079],[143.8362,44.1073],[143.8083,44.0967],[143.7983,44.0953],[143.7846,44.0967],[143.7824,44.1005],[143.7765,44.1021],[143.7751,44.1078],[143.7697,44.1043],[143.7675,44.101],[143.7619,44.0978],[143.7565,44.1022],[143.7595,44.1128],[143.7499,44.12],[143.7488,44.1145],[143.7488,44.0886],[143.7475,44.0778],[143.7428,44.0613],[143.7322,44.0339],[143.7289,44.0272],[143.7268,44.0184],[143.7234,44.0135],[143.7141,44.0109],[143.7089,44.0123],[143.7003,44.0164],[143.6926,44.018],[143.6808,44.0154],[143.672,44.0102],[143.6634,44.0004],[143.6585,43.9932],[143.6519,43.9903],[143.647,43.99],[143.6264,43.9914],[143.6192,43.9935],[143.6129,43.9935],[143.6034,43.989],[143.5968,43.9807],[143.5871,43.9644],[143.5854,43.9581],[143.5866,43.9522],[143.5959,43.9441],[143.6031,43.9423]]]}},{"type":"Feature","properties":{"id":1125},"geometry":{"type":"Polygon","coordinates":[[[142.3494,45.1705],[142.3122,45.2028],[142.3084,45.2053],[142.2836,45.2263],[142.2808,45.2279],[142.2644,45.2444],[142.2478,45.2603],[142.2248,45.2843],[142.204,45.3027],[142.1938,45.3126],[142.1815,45.326],[142.1797,45.3297],[142.1691,45.3396],[142.1614,45.3431],[142.1544,45.3481],[142.1455,45.3527],[142.138,45.3554],[142.1096,45.3696],[142.0974,45.3766],[142.0951,45.3795],[142.0768,45.3863],[142.06,45.3953],[142.0572,45.3868],[142.0498,45.3742],[142.0457,45.3705],[142.0367,45.3656],[142.0295,45.3582],[142.0082,45.3529],[141.994,45.3528],[141.9794,45.3458],[141.97,45.339],[141.9639,45.3307],[141.9648,45.3263],[141.9776,45.3141],[141.9793,45.3097],[141.9783,45.306],[141.9682,45.2946],[141.9639,45.2933],[141.963,45.2887],[141.9727,45.2857],[141.9841,45.2848],[141.9946,45.2779],[141.9981,45.274],[141.9998,45.2671],[141.9977,45.2586],[142.0007,45.2504],[142.0082,45.2416],[142.0074,45.2326],[142.0015,45.2258],[142.0057,45.2173],[142.0058,45.2144],[142.0011,45.2102],[141.9866,45.2049],[141.9828,45.2009],[141.9852,45.1956],[141.9963,45.1864],[142.0071,45.1755],[142.0134,45.1668],[142.0184,45.1552],[142.022,45.1509],[142.0265,45.1412],[142.0247,45.1351],[142.0176,45.1274],[142.0033,45.1233],[141.9946,45.1159],[141.9937,45.1081],[141.9998,45.0997],[142.0076,45.0954],[142.0144,45.0879],[142.0238,45.0875],[142.0349,45.0828],[142.0433,45.0802],[142.0504,45.0741],[142.0583,45.0609],[142.0614,45.0584],[142.0692,45.0593],[142.0746,45.0645],[142.0782,45.0703],[142.0848,45.0777],[142.0942,45.0855],[142.1029,45.0907],[142.1092,45.0901],[142.1288,45.0799],[142.138,45.0735],[142.1442,45.0622],[142.1496,45.0582],[142.1608,45.0538],[142.1747,45.046],[142.1841,45.049],[142.1888,45.0522],[142.1939,45.0583],[142.1977,45.0687],[142.2033,45.0771],[142.2045,45.0858],[142.199,45.0968],[142.1953,45.1116],[142.1917,45.1151],[142.1813,45.1221],[142.1783,45.1253],[142.1762,45.1314],[142.1783,45.1363],[142.1891,45.1346],[142.1932,45.1398],[142.1933,45.1484],[142.1953,45.1561],[142.2,45.1617],[142.2048,45.1647],[142.215,45.1689],[142.2314,45.1703],[142.2397,45.1733],[142.2533,45.184],[142.2608,45.1846],[142.2788,45.1774],[142.2858,45.1751],[142.319,45.1592],[142.326,45.157],[142.3351,45.1587],[142.3433,45.1639],[142.3494,45.1705]]]}},{"type":"Feature","properties":{"id":1126},"geometry":{"type":"Polygon","coordinates":[[[140.0427,42.5568],[140.0365,42.5625],[140.0306,42.5739],[140.0224,42.58],[140.0156,42.5823],[140.0101,42.5822],[140.0051,42.5801],[139.9992,42.5799],[139.9886,42.5854],[139.9803,42.5872],[139.9728,42.5911],[139.9662,42.5923],[139.9521,42.5925],[139.9447,42.5962],[139.942,42.6009],[139.9424,42.6048],[139.9491,42.6128],[139.9487,42.6166],[139.9424,42.62],[139.9276,42.6194],[139.9034,42.6195],[139.8911,42.6185],[139.8815,42.6149],[139.8549,42.6146],[139.8491,42.6152],[139.8333,42.6192],[139.83,42.6209],[139.8247,42.6164],[139.8219,42.6114],[139.8219,42.6076],[139.8247,42.6003],[139.8239,42.5958],[139.8267,42.5869],[139.8272,42.5767],[139.8322,42.5744],[139.8317,42.5703],[139.8361,42.5653],[139.8333,42.5619],[139.8336,42.5569],[139.8386,42.5461],[139.84,42.5392],[139.8464,42.5289],[139.8442,42.5236],[139.8442,42.515],[139.8414,42.51],[139.8445,42.5036],[139.8408,42.5],[139.8422,42.4956],[139.8489,42.4928],[139.8469,42.4892],[139.8478,42.485],[139.8464,42.4792],[139.8536,42.4647],[139.8519,42.4603],[139.8472,42.4561],[139.845,42.4492],[139.8478,42.4442],[139.8453,42.4282],[139.8408,42.4153],[139.8358,42.4036],[139.8262,42.3894],[139.8178,42.3869],[139.8156,42.3831],[139.8172,42.38],[139.8142,42.3739],[139.8028,42.3675],[139.8019,42.3631],[139.7975,42.3589],[139.7908,42.3586],[139.7878,42.3533],[139.7808,42.3536],[139.7758,42.3408],[139.7758,42.3353],[139.7703,42.3292],[139.7747,42.3256],[139.7733,42.3219],[139.7689,42.3186],[139.7697,42.3136],[139.765,42.3108],[139.765,42.3061],[139.7678,42.3019],[139.7727,42.2999],[139.7751,42.2936],[139.7794,42.2872],[139.7778,42.2856],[139.7836,42.2806],[139.7853,42.2747],[139.7847,42.2706],[139.7781,42.2667],[139.7744,42.2592],[139.7783,42.2553],[139.7786,42.2517],[139.7831,42.2503],[139.7856,42.2456],[139.7928,42.2364],[139.7928,42.2336],[139.7997,42.2283],[139.8103,42.2275],[139.8139,42.2217],[139.8289,42.2233],[139.8339,42.2197],[139.8475,42.2194],[139.85,42.2172],[139.8567,42.2164],[139.8633,42.2189],[139.8669,42.2156],[139.8728,42.2136],[139.8803,42.2081],[139.8817,42.2036],[139.8797,42.1964],[139.8806,42.1931],[139.8878,42.1856],[139.8956,42.1828],[139.8956,42.1747],[139.9036,42.1664],[139.9083,42.1575],[139.9175,42.1428],[139.9164,42.1408],[139.9209,42.1349],[139.9255,42.1442],[139.9293,42.1543],[139.9349,42.1657],[139.9381,42.1852],[139.9408,42.1896],[139.9481,42.1964],[139.9569,42.2014],[139.9698,42.2051],[139.9839,42.2025],[139.994,42.2019],[139.9983,42.2027],[140.0081,42.2088],[140.0158,42.2187],[140.0231,42.223],[140.0339,42.2228],[140.0398,42.2266],[140.0415,42.2309],[140.0397,42.2402],[140.0349,42.2491],[140.032,42.2613],[140.0257,42.2689],[140.0217,42.2755],[140.0152,42.2786],[140.0046,42.2794],[140,42.2812],[139.9919,42.2938],[139.9892,42.3],[139.9832,42.3097],[139.9722,42.3245],[139.9655,42.3373],[139.9641,42.3487],[139.9611,42.3585],[139.955,42.3726],[139.9551,42.3805],[139.9592,42.3907],[139.9516,42.4008],[139.9406,42.4061],[139.9378,42.4128],[139.9416,42.4156],[139.951,42.4192],[139.9589,42.4261],[139.9598,42.4312],[139.9656,42.4433],[139.9711,42.4454],[139.9754,42.4497],[139.9757,42.4544],[139.9808,42.4636],[139.9881,42.4706],[139.9922,42.4764],[139.9939,42.4849],[139.9921,42.4909],[139.9812,42.5029],[139.9781,42.5108],[139.9793,42.5158],[139.982,42.5183],[139.9926,42.5237],[139.999,42.5287],[140.0121,42.5323],[140.0372,42.5493],[140.0427,42.5568]]]}},{"type":"Feature","properties":{"id":1127},"geometry":{"type":"Polygon","coordinates":[[[140.5334,43.2171],[140.5386,43.2251],[140.5425,43.2287],[140.5521,43.2342],[140.5557,43.2352],[140.5744,43.2356],[140.5841,43.241],[140.5934,43.25],[140.5995,43.2531],[140.6036,43.2575],[140.6079,43.2649],[140.6234,43.2816],[140.6274,43.2901],[140.6329,43.2905],[140.6309,43.2959],[140.6234,43.2953],[140.6183,43.2975],[140.6084,43.2955],[140.6019,43.3007],[140.5939,43.3031],[140.5914,43.3086],[140.5867,43.3076],[140.5794,43.3107],[140.5762,43.3136],[140.5737,43.3193],[140.5699,43.3225],[140.5607,43.3261],[140.5521,43.3327],[140.5483,43.3385],[140.5421,43.3391],[140.5403,43.3433],[140.5349,43.3455],[140.5275,43.3532],[140.5289,43.3594],[140.5247,43.3594],[140.5152,43.357],[140.5102,43.3594],[140.508,43.3668],[140.4986,43.3726],[140.496,43.3722],[140.4817,43.3755],[140.477,43.3735],[140.4642,43.3721],[140.4616,43.3681],[140.4682,43.3656],[140.4635,43.3574],[140.464,43.3546],[140.4593,43.3493],[140.4611,43.3456],[140.4551,43.3427],[140.4523,43.3389],[140.4443,43.3344],[140.4353,43.3321],[140.4303,43.3295],[140.4223,43.3294],[140.4076,43.3348],[140.3968,43.3304],[140.3951,43.3331],[140.3876,43.3324],[140.3817,43.3299],[140.3789,43.3318],[140.3636,43.3308],[140.3528,43.3319],[140.3544,43.3267],[140.3599,43.3165],[140.3575,43.3146],[140.3545,43.3049],[140.3545,43.2994],[140.3508,43.2971],[140.3506,43.2931],[140.3553,43.2847],[140.3628,43.2667],[140.3681,43.2511],[140.376,43.2425],[140.3885,43.2376],[140.3961,43.2356],[140.404,43.2319],[140.419,43.2293],[140.4281,43.2255],[140.4375,43.2258],[140.4485,43.2305],[140.4618,43.24],[140.4696,43.2431],[140.4746,43.2427],[140.478,43.2375],[140.4793,43.2301],[140.4818,43.2241],[140.4864,43.2193],[140.4962,43.2145],[140.507,43.212],[140.5139,43.2115],[140.5298,43.2154],[140.5334,43.2171]]]}},{"type":"Feature","properties":{"id":1128},"geometry":{"type":"Polygon","coordinates":[[[144.7183,43.7684],[144.7298,43.7601],[144.737,43.7584],[144.7542,43.7583],[144.7629,43.7596],[144.774,43.7639],[144.7888,43.764],[144.7924,43.7649],[144.7996,43.7703],[144.8017,43.774],[144.8011,43.7866],[144.8035,43.7908],[144.8096,43.795],[144.8181,43.797],[144.8295,43.7963],[144.8341,43.7942],[144.8406,43.7887],[144.8476,43.7868],[144.8528,43.7877],[144.8585,43.7926],[144.8609,43.8043],[144.8591,43.8118],[144.8602,43.8158],[144.8704,43.8218],[144.8753,43.8313],[144.8811,43.8371],[144.8898,43.8426],[144.8958,43.8496],[144.8965,43.8551],[144.8942,43.8619],[144.8874,43.8671],[144.8756,43.8731],[144.8731,43.8771],[144.8766,43.882],[144.8841,43.8841],[144.8921,43.8849],[144.8951,43.8956],[144.8979,43.9014],[144.9038,43.9088],[144.9102,43.9136],[144.9148,43.9153],[144.928,43.9168],[144.939,43.9212],[144.9595,43.9242],[144.97,43.9293],[144.9802,43.9362],[144.9886,43.941],[144.9918,43.9448],[144.993,43.9506],[144.9919,43.9677],[144.9931,43.9757],[144.9959,43.9813],[145.0048,43.9939],[145.0113,43.9999],[145.0204,44.0041],[145.0322,44.0063],[145.037,44.0092],[145.0398,44.0133],[145.0436,44.024],[145.0493,44.0366],[145.0531,44.0413],[145.0608,44.0442],[145.0815,44.0443],[145.0952,44.0504],[145.1017,44.0563],[145.11,44.0652],[145.1171,44.067],[145.1192,44.0778],[145.1218,44.0831],[145.1287,44.0912],[145.1362,44.1063],[145.1434,44.112],[145.1547,44.1144],[145.1614,44.1216],[145.177,44.1345],[145.1828,44.1372],[145.1963,44.1383],[145.2019,44.14],[145.2139,44.1462],[145.219,44.1497],[145.2272,44.1575],[145.235,44.1608],[145.2467,44.1627],[145.2622,44.1687],[145.2674,44.173],[145.2746,44.1843],[145.2767,44.1892],[145.2763,44.1941],[145.2724,44.2062],[145.2724,44.2165],[145.2757,44.2248],[145.283,44.23],[145.2883,44.2359],[145.2912,44.2431],[145.2968,44.2499],[145.3096,44.2591],[145.3125,44.2633],[145.313,44.2679],[145.3118,44.2792],[145.3123,44.2877],[145.3149,44.2961],[145.3205,44.308],[145.3212,44.3132],[145.3178,44.3255],[145.3143,44.3334],[145.3107,44.3248],[145.3078,44.3237],[145.3104,44.319],[145.305,44.3112],[145.3,44.3087],[145.2903,44.3088],[145.2865,44.3028],[145.289,44.2992],[145.2825,44.2965],[145.2815,44.2908],[145.2715,44.2829],[145.2677,44.2828],[145.2596,44.2748],[145.2594,44.2705],[145.249,44.2649],[145.2363,44.2551],[145.2325,44.2543],[145.2251,44.2468],[145.2251,44.2428],[145.2216,44.2405],[145.2224,44.2369],[145.2178,44.2326],[145.216,44.227],[145.2096,44.216],[145.1999,44.2029],[145.1917,44.1947],[145.1763,44.1892],[145.1638,44.1825],[145.1555,44.1812],[145.1532,44.1778],[145.1446,44.1726],[145.1357,44.1709],[145.1332,44.166],[145.1264,44.1655],[145.1223,44.1593],[145.1104,44.1504],[145.0992,44.1489],[145.0955,44.1439],[145.0834,44.1359],[145.08,44.1364],[145.0704,44.1246],[145.0635,44.1241],[145.0556,44.1208],[145.0527,44.1169],[145.0461,44.1139],[145.038,44.1078],[145.0218,44.1042],[145.0091,44.0945],[145.0094,44.0842],[145.004,44.0779],[145.0003,44.0761],[144.989,44.0671],[144.9834,44.0658],[144.9779,44.0685],[144.9769,44.0629],[144.9677,44.0565],[144.9606,44.0553],[144.9602,44.0509],[144.9531,44.0446],[144.9429,44.0387],[144.9395,44.0429],[144.9337,44.0412],[144.9342,44.0387],[144.9298,44.0332],[144.9288,44.0281],[144.9243,44.019],[144.9172,44.0121],[144.9163,44.0096],[144.893,43.9931],[144.8849,43.9902],[144.8839,43.9876],[144.8756,43.9825],[144.8551,43.9737],[144.8459,43.9713],[144.8421,43.9653],[144.8351,43.9593],[144.8361,43.9555],[144.8343,43.9511],[144.8299,43.9489],[144.8129,43.9449],[144.8042,43.9407],[144.7964,43.9321],[144.7917,43.9301],[144.7681,43.9253],[144.7634,43.9251],[144.7423,43.9218],[144.7021,43.9179],[144.685,43.917],[144.6702,43.9174],[144.6646,43.9192],[144.6577,43.9164],[144.6131,43.9165],[144.5827,43.9183],[144.5531,43.9209],[144.5519,43.9133],[144.5524,43.8996],[144.555,43.8927],[144.5555,43.881],[144.5676,43.8761],[144.5773,43.8706],[144.5849,43.868],[144.6046,43.8581],[144.6127,43.8524],[144.6199,43.8428],[144.6235,43.8314],[144.627,43.8283],[144.6332,43.8262],[144.6391,43.8211],[144.646,43.8124],[144.6609,43.802],[144.6726,43.7978],[144.6803,43.7935],[144.6848,43.7888],[144.6911,43.7847],[144.705,43.7722],[144.7119,43.7695],[144.7183,43.7684]]]}},{"type":"Feature","properties":{"id":1129},"geometry":{"type":"Polygon","coordinates":[[[144.6682,43.3498],[144.6599,43.3635],[144.658,43.3697],[144.6561,43.3818],[144.6475,43.3924],[144.6444,43.3991],[144.6357,43.4098],[144.6309,43.4209],[144.6306,43.4262],[144.6353,43.4384],[144.6415,43.4457],[144.6489,43.4484],[144.6584,43.4486],[144.6695,43.4448],[144.6758,43.4455],[144.6862,43.4508],[144.6913,43.4543],[144.7033,43.465],[144.7116,43.4696],[144.7237,43.4799],[144.7305,43.4835],[144.737,43.4902],[144.7278,43.5],[144.7208,43.5056],[144.709,43.5124],[144.6885,43.5226],[144.6789,43.5297],[144.6657,43.5365],[144.6477,43.5486],[144.6383,43.5519],[144.6248,43.56],[144.6026,43.5703],[144.5879,43.5749],[144.5794,43.5766],[144.5722,43.5788],[144.5646,43.5713],[144.5595,43.5629],[144.5527,43.5571],[144.5513,43.5538],[144.5531,43.548],[144.5618,43.5359],[144.5762,43.5215],[144.5805,43.515],[144.5849,43.5058],[144.5832,43.4993],[144.5787,43.4966],[144.5763,43.492],[144.5718,43.4734],[144.5767,43.4667],[144.576,43.4629],[144.5692,43.4603],[144.5646,43.4548],[144.5611,43.4451],[144.5605,43.4359],[144.559,43.4298],[144.5551,43.4229],[144.5474,43.4167],[144.5411,43.4133],[144.5365,43.4085],[144.5357,43.3978],[144.5339,43.3937],[144.5296,43.3919],[144.5201,43.3944],[144.5095,43.4033],[144.5027,43.4071],[144.4854,43.4132],[144.4741,43.4149],[144.4646,43.4189],[144.4489,43.4238],[144.4401,43.4247],[144.4225,43.4194],[144.4159,43.4148],[144.4124,43.4105],[144.4075,43.4013],[144.4037,43.3968],[144.3971,43.3946],[144.3821,43.3968],[144.3772,43.3984],[144.3731,43.4019],[144.3677,43.4102],[144.3608,43.4186],[144.3564,43.4222],[144.3465,43.426],[144.3276,43.427],[144.3201,43.4297],[144.3018,43.4385],[144.2861,43.4425],[144.276,43.4434],[144.263,43.4412],[144.2715,43.4349],[144.279,43.4323],[144.2826,43.4275],[144.2964,43.4026],[144.2988,43.3965],[144.2993,43.391],[144.2959,43.3781],[144.2973,43.3736],[144.3008,43.371],[144.3176,43.3649],[144.3283,43.3632],[144.3339,43.36],[144.3374,43.3542],[144.343,43.3485],[144.35,43.344],[144.361,43.3334],[144.3653,43.3247],[144.3672,43.3107],[144.3718,43.2985],[144.3737,43.28],[144.3785,43.2731],[144.3883,43.2676],[144.4045,43.2559],[144.4166,43.2505],[144.4262,43.2407],[144.4316,43.2322],[144.4396,43.2229],[144.4469,43.2091],[144.4459,43.1994],[144.4395,43.1862],[144.4388,43.1813],[144.4432,43.1719],[144.4523,43.1629],[144.4532,43.155],[144.4514,43.1517],[144.4399,43.1367],[144.4303,43.1305],[144.4174,43.1204],[144.4112,43.1124],[144.4198,43.1095],[144.4335,43.1142],[144.4454,43.1153],[144.4717,43.115],[144.4867,43.116],[144.4935,43.1187],[144.4989,43.1188],[144.508,43.1157],[144.5247,43.1143],[144.5361,43.1082],[144.5446,43.0994],[144.5475,43.089],[144.5564,43.0736],[144.5594,43.0641],[144.5635,43.0543],[144.5635,43.0434],[144.5616,43.0357],[144.5624,43.0313],[144.5661,43.026],[144.5769,43.0174],[144.5821,43.0311],[144.5888,43.0404],[144.5954,43.0454],[144.6056,43.051],[144.6189,43.0561],[144.6327,43.0587],[144.6372,43.0607],[144.642,43.0656],[144.6497,43.0787],[144.6575,43.0975],[144.6637,43.1018],[144.6721,43.1025],[144.6772,43.1043],[144.6797,43.11],[144.6772,43.1164],[144.6713,43.122],[144.6687,43.1267],[144.6664,43.1352],[144.6629,43.1422],[144.6636,43.1487],[144.6655,43.1508],[144.6724,43.1528],[144.6775,43.1506],[144.6831,43.1438],[144.6868,43.1429],[144.6945,43.1458],[144.7026,43.1529],[144.7102,43.1568],[144.7203,43.1595],[144.7332,43.1707],[144.738,43.1782],[144.7429,43.1833],[144.7518,43.1868],[144.7719,43.1869],[144.782,43.1845],[144.7987,43.1764],[144.8035,43.175],[144.811,43.1751],[144.8162,43.1811],[144.8111,43.1876],[144.8031,43.1928],[144.7915,43.2018],[144.7814,43.2078],[144.7678,43.212],[144.7586,43.2183],[144.7563,43.2233],[144.7563,43.2441],[144.7557,43.2513],[144.75,43.2659],[144.7448,43.2712],[144.7307,43.2726],[144.7263,43.2794],[144.711,43.2857],[144.6996,43.2909],[144.6911,43.2965],[144.6887,43.3005],[144.6855,43.312],[144.6752,43.3215],[144.6703,43.3325],[144.6695,43.3397],[144.6666,43.346],[144.6682,43.3498]]]}},{"type":"Feature","properties":{"id":1130},"geometry":{"type":"MultiPolygon","coordinates":[[[[145.271,43.6105],[145.2665,43.604],[145.2744,43.6044],[145.2736,43.5983],[145.265,43.5975],[145.2693,43.5937],[145.2722,43.594],[145.2798,43.5992],[145.2848,43.6007],[145.2898,43.6044],[145.2942,43.6039],[145.2918,43.5993],[145.2854,43.598],[145.2849,43.5932],[145.305,43.6003],[145.3103,43.5997],[145.32,43.5953],[145.3236,43.5953],[145.3328,43.5914],[145.3406,43.5839],[145.3406,43.5803],[145.3445,43.5694],[145.3422,43.5664],[145.3342,43.5622],[145.3183,43.5625],[145.3122,43.5647],[145.3075,43.5647],[145.3089,43.5578],[145.3047,43.5536],[145.3133,43.5522],[145.3178,43.5503],[145.3303,43.5506],[145.3425,43.5558],[145.3494,43.5631],[145.3483,43.5731],[145.3433,43.5819],[145.3428,43.5858],[145.3333,43.5931],[145.3211,43.5983],[145.3044,43.6033],[145.2908,43.6058],[145.271,43.6105]]],[[[145.11,43.5651],[145.1223,43.5641],[145.1312,43.5657],[145.1443,43.5727],[145.1516,43.5787],[145.166,43.586],[145.1694,43.5909],[145.174,43.6011],[145.1787,43.6066],[145.1902,43.6113],[145.1919,43.6108],[145.195,43.6147],[145.1894,43.6192],[145.1925,43.6283],[145.2056,43.6233],[145.2108,43.6231],[145.2281,43.6189],[145.2283,43.6156],[145.2411,43.6139],[145.2461,43.6147],[145.2294,43.6203],[145.2072,43.6261],[145.2042,43.6264],[145.1889,43.6317],[145.1639,43.6389],[145.1492,43.6442],[145.1408,43.6486],[145.1372,43.6522],[145.1364,43.6583],[145.1328,43.6628],[145.1292,43.6708],[145.1247,43.6767],[145.1192,43.6889],[145.1089,43.7006],[145.1067,43.7044],[145.0978,43.7156],[145.0947,43.7242],[145.0864,43.7299],[145.0706,43.7453],[145.0662,43.7566],[145.0638,43.7654],[145.0644,43.7719],[145.0593,43.7862],[145.063,43.79],[145.0633,43.7975],[145.062,43.8064],[145.0667,43.8114],[145.0816,43.8186],[145.0889,43.83],[145.095,43.8453],[145.095,43.8497],[145.0986,43.8606],[145.0807,43.8582],[145.0706,43.859],[145.0592,43.8625],[145.055,43.8664],[145.0513,43.8667],[145.0412,43.8619],[145.0356,43.8615],[145.0202,43.8642],[145.0107,43.8733],[145.0027,43.8788],[144.9939,43.8828],[144.9856,43.8848],[144.9836,43.8879],[144.9719,43.8962],[144.9644,43.8989],[144.9555,43.8995],[144.9392,43.8994],[144.9214,43.8975],[144.8921,43.8849],[144.8841,43.8841],[144.8766,43.882],[144.8731,43.8771],[144.8756,43.8731],[144.8874,43.8671],[144.8942,43.8619],[144.8965,43.8551],[144.8958,43.8496],[144.8898,43.8426],[144.8811,43.8371],[144.8753,43.8313],[144.8704,43.8218],[144.8602,43.8158],[144.8591,43.8118],[144.8609,43.8043],[144.8585,43.7926],[144.8528,43.7877],[144.8476,43.7868],[144.8406,43.7887],[144.8341,43.7942],[144.8295,43.7963],[144.8181,43.797],[144.8096,43.795],[144.8035,43.7908],[144.8011,43.7866],[144.8017,43.774],[144.7996,43.7703],[144.7924,43.7649],[144.7888,43.764],[144.774,43.7639],[144.7629,43.7596],[144.7542,43.7583],[144.737,43.7584],[144.7298,43.7601],[144.7183,43.7684],[144.7173,43.7506],[144.7172,43.7234],[144.7195,43.7117],[144.7219,43.7076],[144.7218,43.6976],[144.7257,43.6932],[144.7271,43.6855],[144.7444,43.69],[144.7546,43.6972],[144.7641,43.7004],[144.773,43.7012],[144.7883,43.6984],[144.7997,43.6983],[144.8088,43.7002],[144.8162,43.7],[144.8294,43.6973],[144.8416,43.6957],[144.8538,43.6912],[144.8634,43.6909],[144.8698,43.6895],[144.8863,43.672],[144.9012,43.6645],[144.9163,43.6599],[144.9214,43.6557],[144.924,43.6574],[144.932,43.6543],[144.9442,43.6514],[144.9602,43.6455],[144.9813,43.6388],[144.9948,43.6328],[145.006,43.6294],[145.0148,43.6286],[145.0212,43.6298],[145.0338,43.6348],[145.0435,43.6343],[145.0518,43.638],[145.0603,43.6378],[145.0674,43.6335],[145.0708,43.6278],[145.0704,43.6231],[145.0619,43.6096],[145.0606,43.5995],[145.0663,43.5979],[145.0794,43.5895],[145.0901,43.5803],[145.1021,43.5735],[145.11,43.5651]]]]}},{"type":"Feature","properties":{"id":1131},"geometry":{"type":"Polygon","coordinates":[[[142.8005,43.9267],[142.807,43.9252],[142.8221,43.9186],[142.8297,43.9176],[142.841,43.9193],[142.8473,43.9238],[142.863,43.9388],[142.8717,43.9446],[142.8918,43.9497],[142.908,43.9516],[142.9133,43.9674],[142.916,43.9776],[142.9215,43.9901],[142.92,44.0038],[142.915,44.0128],[142.9016,44.0202],[142.8983,44.0232],[142.8957,44.0295],[142.8959,44.0376],[142.8983,44.0475],[142.8962,44.057],[142.8875,44.0707],[142.8853,44.0834],[142.8805,44.0958],[142.8781,44.1087],[142.874,44.117],[142.8644,44.1275],[142.8621,44.1316],[142.859,44.1451],[142.8545,44.159],[142.8489,44.153],[142.8425,44.1491],[142.8311,44.1446],[142.8266,44.1443],[142.817,44.1496],[142.8136,44.1584],[142.811,44.1618],[142.7948,44.1753],[142.7899,44.178],[142.7718,44.1844],[142.7607,44.1903],[142.7559,44.1919],[142.7493,44.1911],[142.7356,44.1838],[142.7219,44.1792],[142.7171,44.1794],[142.7083,44.1831],[142.7017,44.1835],[142.6947,44.182],[142.6846,44.1773],[142.6741,44.169],[142.6634,44.165],[142.6533,44.166],[142.6455,44.1733],[142.6327,44.1749],[142.6062,44.1749],[142.5988,44.1755],[142.5923,44.1774],[142.5775,44.1845],[142.564,44.1888],[142.5586,44.1895],[142.5493,44.1879],[142.5455,44.1886],[142.5386,44.1937],[142.5244,44.2116],[142.5137,44.2213],[142.5076,44.2318],[142.497,44.246],[142.4936,44.2494],[142.4861,44.2528],[142.4705,44.2537],[142.464,44.2553],[142.4605,44.258],[142.4541,44.2656],[142.4405,44.2703],[142.4307,44.2708],[142.4171,44.2695],[142.3803,44.2695],[142.3635,44.2706],[142.3437,44.2689],[142.3345,44.2674],[142.33,44.2622],[142.3219,44.2582],[142.315,44.2609],[142.3078,44.2712],[142.3042,44.2748],[142.2925,44.2791],[142.2804,44.28],[142.2726,44.2821],[142.2592,44.291],[142.2478,44.2923],[142.2427,44.2914],[142.2368,44.2872],[142.232,44.2807],[142.2255,44.2774],[142.2174,44.2768],[142.2132,44.2751],[142.2037,44.2667],[142.2012,44.2632],[142.1994,44.2562],[142.2011,44.2511],[142.208,44.2492],[142.2221,44.2521],[142.2298,44.251],[142.2335,44.2468],[142.2331,44.239],[142.2279,44.2293],[142.2197,44.2101],[142.2169,44.2065],[142.2044,44.1957],[142.2021,44.1913],[142.2021,44.1862],[142.2043,44.1772],[142.2047,44.1687],[142.2036,44.159],[142.2062,44.1491],[142.2143,44.1372],[142.2211,44.1218],[142.2206,44.1117],[142.2166,44.1055],[142.2098,44.099],[142.2042,44.0912],[142.1996,44.077],[142.1974,44.0524],[142.1995,44.0477],[142.2035,44.044],[142.2215,44.0356],[142.2363,44.0307],[142.2559,44.0178],[142.2693,44.03],[142.2771,44.0347],[142.2883,44.038],[142.3089,44.0393],[142.2964,44.0582],[142.2921,44.0704],[142.292,44.079],[142.2973,44.0906],[142.298,44.1004],[142.2951,44.1099],[142.2966,44.1219],[142.3095,44.1488],[142.3179,44.1647],[142.3232,44.1716],[142.3276,44.1754],[142.3337,44.1762],[142.3388,44.1738],[142.3551,44.1601],[142.3728,44.1427],[142.378,44.1397],[142.3872,44.1384],[142.4213,44.1395],[142.4269,44.1384],[142.4303,44.1356],[142.4352,44.1258],[142.4384,44.122],[142.4489,44.113],[142.4568,44.1083],[142.4689,44.1074],[142.4742,44.1053],[142.4802,44.0992],[142.4865,44.0878],[142.4941,44.0716],[142.5023,44.0618],[142.5049,44.0545],[142.5036,44.0458],[142.4996,44.0363],[142.4983,44.0287],[142.4977,44.0125],[142.498,43.9985],[142.4989,43.9928],[142.5024,43.9857],[142.5112,43.9718],[142.5176,43.9788],[142.5271,43.9862],[142.5364,43.9911],[142.5476,43.9938],[142.5644,43.995],[142.5672,44.0008],[142.5761,44.0063],[142.5919,44.0107],[142.6009,44.0147],[142.6173,44.0252],[142.6252,44.0284],[142.6373,44.0266],[142.6464,44.0223],[142.6611,44.0142],[142.6739,44.011],[142.684,44.012],[142.6994,44.0201],[142.7077,44.0199],[142.7131,44.0164],[142.722,44.0072],[142.7376,43.9953],[142.7451,43.988],[142.7524,43.9781],[142.7603,43.9614],[142.766,43.9537],[142.7697,43.9507],[142.7844,43.9416],[142.8005,43.9267]]]}},{"type":"Feature","properties":{"id":1132},"geometry":{"type":"Polygon","coordinates":[[[143.4055,43.1875],[143.3852,43.1973],[143.3706,43.2004],[143.3604,43.2037],[143.3519,43.205],[143.3326,43.2056],[143.3154,43.2103],[143.2991,43.2114],[143.2889,43.2148],[143.2773,43.2175],[143.2662,43.2221],[143.2543,43.2228],[143.2398,43.227],[143.225,43.2285],[143.2118,43.2327],[143.197,43.2341],[143.1894,43.237],[143.1811,43.2387],[143.1703,43.2394],[143.1556,43.2438],[143.1427,43.2451],[143.1213,43.2527],[143.118,43.2399],[143.1183,43.2349],[143.1212,43.2288],[143.1298,43.2152],[143.1353,43.1985],[143.1364,43.1848],[143.1377,43.1791],[143.142,43.1708],[143.1464,43.1645],[143.1535,43.1647],[143.1588,43.161],[143.1635,43.1546],[143.1741,43.1525],[143.1865,43.1483],[143.2078,43.1468],[143.2223,43.1413],[143.2301,43.1343],[143.2316,43.1293],[143.2301,43.1244],[143.2193,43.1059],[143.2177,43.101],[143.2181,43.0938],[143.2204,43.0905],[143.227,43.0862],[143.2361,43.0852],[143.2471,43.0866],[143.2538,43.0905],[143.2569,43.0954],[143.2587,43.1038],[143.2587,43.1163],[143.2614,43.1232],[143.2662,43.126],[143.2718,43.1257],[143.2859,43.1207],[143.2939,43.1196],[143.3106,43.1193],[143.3205,43.1167],[143.3248,43.1119],[143.3337,43.1115],[143.3367,43.1023],[143.3376,43.0915],[143.3424,43.0823],[143.3532,43.074],[143.3611,43.0782],[143.3754,43.0845],[143.3963,43.0871],[143.3992,43.0882],[143.4084,43.0961],[143.4138,43.1028],[143.4219,43.1108],[143.4276,43.113],[143.4122,43.1291],[143.4084,43.1321],[143.4026,43.1399],[143.3996,43.1483],[143.3994,43.162],[143.4021,43.18],[143.4055,43.1875]]]}},{"type":"Feature","properties":{"id":1133},"geometry":{"type":"Polygon","coordinates":[[[140.8658,42.0086],[140.8526,42.0139],[140.8426,42.0228],[140.8328,42.0289],[140.8221,42.033],[140.8186,42.0398],[140.8122,42.0458],[140.8118,42.0506],[140.803,42.0566],[140.8039,42.0674],[140.8024,42.0762],[140.7954,42.0746],[140.788,42.0767],[140.7847,42.0802],[140.7752,42.0838],[140.7683,42.0937],[140.7625,42.0915],[140.7487,42.0815],[140.7444,42.0775],[140.7359,42.0744],[140.7219,42.0719],[140.7098,42.0685],[140.6945,42.0685],[140.6908,42.0661],[140.6896,42.0621],[140.6844,42.0604],[140.6851,42.0569],[140.6929,42.0536],[140.7014,42.0534],[140.7158,42.049],[140.7295,42.042],[140.7381,42.0356],[140.7483,42.0241],[140.7492,42.0209],[140.7482,42.0105],[140.7527,42.0049],[140.7595,42.0044],[140.767,42.0054],[140.7723,42.0047],[140.7854,41.9952],[140.7892,41.9908],[140.7914,41.9818],[140.791,41.951],[140.7912,41.9426],[140.7929,41.936],[140.7962,41.929],[140.8092,41.9338],[140.8147,41.9375],[140.8223,41.9456],[140.8393,41.9539],[140.8451,41.9603],[140.847,41.9652],[140.848,41.9809],[140.8497,41.9871],[140.8528,41.9926],[140.8658,42.0086]]]}},{"type":"Feature","properties":{"id":1134},"geometry":{"type":"Polygon","coordinates":[[[143.0538,43.3961],[143.046,43.3919],[143.0397,43.3854],[143.0347,43.3824],[143.0264,43.3797],[143.0238,43.376],[143.0235,43.3656],[143.0207,43.3564],[143.0202,43.3511],[143.0219,43.3457],[143.0266,43.3382],[143.0271,43.3324],[143.0227,43.3252],[143.0116,43.317],[143.0073,43.3126],[143.0008,43.299],[142.9954,43.2906],[142.9951,43.2856],[142.9977,43.2719],[142.9966,43.2534],[142.9967,43.2398],[142.995,43.233],[142.9894,43.2234],[142.9874,43.2156],[142.9883,43.207],[142.9863,43.2],[142.9753,43.1989],[142.9706,43.1927],[142.9693,43.1834],[142.9662,43.1795],[142.9539,43.1743],[142.9489,43.1697],[142.9436,43.1591],[142.9424,43.154],[142.9432,43.143],[142.946,43.1356],[142.9452,43.1285],[142.9407,43.1256],[142.9477,43.1143],[142.9544,43.1021],[142.9647,43.0874],[142.969,43.0828],[142.9805,43.0737],[142.9894,43.0681],[143.0031,43.058],[143.0099,43.0538],[143.0216,43.0438],[143.0286,43.0392],[143.0384,43.0339],[143.0551,43.0271],[143.0633,43.022],[143.0752,43.0158],[143.0905,43.0102],[143.0855,43.029],[143.0822,43.0393],[143.079,43.0582],[143.0754,43.0623],[143.0631,43.0682],[143.0605,43.0747],[143.0671,43.095],[143.0717,43.1128],[143.0755,43.1229],[143.0799,43.1282],[143.0894,43.1343],[143.1045,43.1412],[143.1313,43.1552],[143.1464,43.1645],[143.142,43.1708],[143.1377,43.1791],[143.1364,43.1848],[143.1353,43.1985],[143.1298,43.2152],[143.1212,43.2288],[143.1183,43.2349],[143.118,43.2399],[143.1213,43.2527],[143.1245,43.2612],[143.1279,43.274],[143.1356,43.292],[143.1385,43.305],[143.1447,43.3139],[143.1505,43.3191],[143.1533,43.3242],[143.1533,43.3287],[143.1477,43.3411],[143.1438,43.3472],[143.136,43.3546],[143.1233,43.3685],[143.1187,43.3767],[143.1119,43.3848],[143.1019,43.39],[143.0927,43.3905],[143.0853,43.3878],[143.0795,43.3871],[143.0738,43.3882],[143.0584,43.3951],[143.0538,43.3961]]]}},{"type":"Feature","properties":{"id":1135},"geometry":{"type":"Polygon","coordinates":[[[140.2019,42.605],[140.2152,42.6133],[140.2217,42.6141],[140.2298,42.6132],[140.2376,42.627],[140.2394,42.6433],[140.2372,42.652],[140.2297,42.66],[140.2256,42.6667],[140.2246,42.6713],[140.224,42.6868],[140.222,42.6979],[140.2166,42.7104],[140.2105,42.7193],[140.2093,42.7242],[140.2111,42.7289],[140.2199,42.7394],[140.2317,42.748],[140.2301,42.7556],[140.2262,42.7678],[140.2121,42.7901],[140.2005,42.8012],[140.1778,42.815],[140.1781,42.8117],[140.1739,42.8067],[140.1694,42.8041],[140.1675,42.7996],[140.1614,42.7946],[140.1575,42.7869],[140.1539,42.7831],[140.1514,42.7761],[140.1466,42.7702],[140.1498,42.7649],[140.1463,42.756],[140.1391,42.7503],[140.1339,42.7505],[140.1304,42.7463],[140.1264,42.7477],[140.114,42.745],[140.1153,42.7425],[140.106,42.7367],[140.1008,42.7355],[140.0927,42.7357],[140.0864,42.7314],[140.0807,42.7294],[140.0766,42.7251],[140.0726,42.7254],[140.0646,42.7117],[140.0658,42.7081],[140.0594,42.7018],[140.0433,42.6922],[140.0301,42.6876],[140.0211,42.69],[140.0094,42.6867],[140.0014,42.6867],[140.0007,42.6894],[139.9936,42.6919],[139.9889,42.6922],[139.9808,42.6886],[139.9781,42.6906],[139.9703,42.6917],[139.9556,42.6886],[139.9481,42.6903],[139.9392,42.6886],[139.9286,42.6892],[139.9222,42.6875],[139.9183,42.6844],[139.9072,42.6814],[139.8983,42.6803],[139.8889,42.6753],[139.8839,42.6714],[139.8778,42.6703],[139.8717,42.6656],[139.8672,42.6644],[139.8628,42.6556],[139.8547,42.6458],[139.8539,42.6417],[139.8406,42.6294],[139.8392,42.6233],[139.8333,42.6233],[139.83,42.6209],[139.8333,42.6192],[139.8491,42.6152],[139.8549,42.6146],[139.8815,42.6149],[139.8911,42.6185],[139.9034,42.6195],[139.9276,42.6194],[139.9424,42.62],[139.9487,42.6166],[139.9491,42.6128],[139.9424,42.6048],[139.942,42.6009],[139.9447,42.5962],[139.9521,42.5925],[139.9662,42.5923],[139.9728,42.5911],[139.9803,42.5872],[139.9886,42.5854],[139.9992,42.5799],[140.0051,42.5801],[140.0101,42.5822],[140.0156,42.5823],[140.0224,42.58],[140.0306,42.5739],[140.0365,42.5625],[140.0427,42.5568],[140.0472,42.5615],[140.0521,42.5625],[140.0592,42.5588],[140.0682,42.5583],[140.081,42.564],[140.0886,42.5632],[140.0991,42.5585],[140.1107,42.5556],[140.1202,42.5509],[140.1313,42.5531],[140.1358,42.557],[140.1394,42.5626],[140.153,42.5742],[140.1585,42.5829],[140.1655,42.5911],[140.1656,42.5967],[140.1617,42.6033],[140.1606,42.6086],[140.1613,42.614],[140.164,42.6174],[140.1717,42.6191],[140.1828,42.6189],[140.1929,42.616],[140.1989,42.6101],[140.2019,42.605]]]}},{"type":"Feature","properties":{"id":1136},"geometry":{"type":"Polygon","coordinates":[[[142.8016,42.8679],[142.816,42.8699],[142.8243,42.8691],[142.8327,42.8658],[142.8428,42.8633],[142.8603,42.8549],[142.8799,42.8481],[142.8881,42.8474],[142.9133,42.8477],[142.927,42.8465],[142.936,42.8428],[142.9465,42.8442],[142.9532,42.852],[142.9548,42.8564],[142.9541,42.8626],[142.9473,42.8737],[142.946,42.8788],[142.9476,42.8825],[142.9534,42.8875],[142.9601,42.8914],[142.966,42.898],[142.9699,42.9119],[142.9676,42.9199],[142.9714,42.9247],[142.9795,42.9269],[142.9949,42.9272],[142.9998,42.9299],[143.0024,42.9351],[143.0012,42.9403],[142.9979,42.9448],[142.9919,42.949],[142.9874,42.9544],[142.989,42.9602],[142.9987,42.9619],[143.0091,42.9605],[143.0144,42.964],[143.0166,42.9676],[143.0161,42.9826],[143.0137,42.9928],[143.0129,43.0027],[143.0137,43.0131],[143.0233,43.0318],[143.0286,43.0392],[143.0216,43.0438],[143.0099,43.0538],[143.0031,43.058],[142.9894,43.0681],[142.9805,43.0737],[142.969,43.0828],[142.9647,43.0874],[142.9544,43.1021],[142.9477,43.1143],[142.9407,43.1256],[142.9365,43.1199],[142.9342,43.1136],[142.9338,43.1009],[142.9275,43.0946],[142.9143,43.089],[142.9085,43.0836],[142.9054,43.075],[142.9007,43.0701],[142.8932,43.0658],[142.8833,43.062],[142.877,43.0554],[142.8695,43.0418],[142.8625,43.0361],[142.8486,43.0339],[142.8278,43.034],[142.8248,43.0345],[142.8194,43.0283],[142.8085,43.023],[142.8007,43.0179],[142.7844,43.0135],[142.7771,43.0139],[142.7702,43.0109],[142.7738,43.0057],[142.7814,42.9988],[142.7847,42.9944],[142.7849,42.9894],[142.78,42.9796],[142.7785,42.9745],[142.7812,42.9654],[142.789,42.9534],[142.7975,42.9451],[142.7997,42.9362],[142.7978,42.9311],[142.7838,42.9086],[142.7831,42.9025],[142.7914,42.8874],[142.8003,42.8803],[142.8038,42.8755],[142.8016,42.8679]]]}},{"type":"Feature","properties":{"id":1137},"geometry":{"type":"Polygon","coordinates":[[[142.6455,44.1733],[142.6533,44.166],[142.6634,44.165],[142.6741,44.169],[142.6846,44.1773],[142.6947,44.182],[142.7017,44.1835],[142.7083,44.1831],[142.7171,44.1794],[142.7219,44.1792],[142.7356,44.1838],[142.7493,44.1911],[142.7559,44.1919],[142.7607,44.1903],[142.7718,44.1844],[142.7899,44.178],[142.7948,44.1753],[142.811,44.1618],[142.8136,44.1584],[142.817,44.1496],[142.8266,44.1443],[142.8311,44.1446],[142.8425,44.1491],[142.8489,44.153],[142.8545,44.159],[142.8718,44.159],[142.8863,44.1569],[142.8965,44.1599],[142.9011,44.1659],[142.9021,44.1705],[142.9006,44.1792],[142.8965,44.1905],[142.8912,44.2082],[142.8914,44.2143],[142.8938,44.2255],[142.8945,44.234],[142.8902,44.2444],[142.8862,44.2491],[142.8787,44.2547],[142.8661,44.2617],[142.8566,44.2694],[142.8519,44.2779],[142.8503,44.2954],[142.847,44.315],[142.8445,44.3211],[142.8354,44.3267],[142.8311,44.3306],[142.8298,44.3368],[142.8308,44.3415],[142.8398,44.3584],[142.8471,44.3734],[142.8483,44.3809],[142.8466,44.4009],[142.8439,44.4103],[142.8456,44.4186],[142.8486,44.422],[142.8617,44.4305],[142.8654,44.4348],[142.8664,44.4426],[142.8631,44.4504],[142.8576,44.454],[142.8511,44.4552],[142.834,44.4548],[142.8171,44.4522],[142.8115,44.4529],[142.7953,44.4574],[142.7761,44.4563],[142.7522,44.4575],[142.7477,44.4592],[142.7435,44.4643],[142.7399,44.473],[142.7349,44.4783],[142.725,44.4798],[142.7199,44.4785],[142.7141,44.4748],[142.7039,44.4655],[142.6875,44.4472],[142.6758,44.438],[142.6698,44.4345],[142.6607,44.4329],[142.6332,44.4324],[142.619,44.4301],[142.6087,44.4293],[142.5946,44.4211],[142.5897,44.4171],[142.5857,44.4111],[142.5838,44.404],[142.5854,44.3935],[142.5899,44.3825],[142.5945,44.3686],[142.5994,44.3586],[142.601,44.3521],[142.6,44.3407],[142.5951,44.3321],[142.5727,44.3083],[142.5675,44.302],[142.5641,44.2946],[142.5646,44.2903],[142.5677,44.2869],[142.576,44.2855],[142.5948,44.286],[142.6074,44.2834],[142.615,44.2759],[142.6232,44.2606],[142.6282,44.2451],[142.6382,44.2263],[142.6499,44.2089],[142.655,44.2038],[142.657,44.195],[142.6535,44.1867],[142.6455,44.1733]]]}},{"type":"Feature","properties":{"id":1138},"geometry":{"type":"Polygon","coordinates":[[[142.3946,42.8887],[142.4057,42.8969],[142.418,42.9093],[142.4226,42.9184],[142.424,42.9267],[142.4193,42.9323],[142.4207,42.9381],[142.4292,42.9391],[142.4415,42.9333],[142.4547,42.9211],[142.4641,42.9162],[142.4694,42.9164],[142.4798,42.9201],[142.4918,42.9215],[142.5048,42.9261],[142.5117,42.9269],[142.5345,42.927],[142.541,42.926],[142.5572,42.9174],[142.5669,42.9165],[142.5734,42.919],[142.581,42.9247],[142.5887,42.9292],[142.5976,42.9384],[142.6014,42.9494],[142.605,42.9558],[142.616,42.9695],[142.6211,42.9733],[142.6379,42.98],[142.65,42.9866],[142.6559,42.9887],[142.666,42.9895],[142.6938,42.9891],[142.7083,42.9947],[142.7222,42.9965],[142.733,43.0002],[142.7418,43.0054],[142.7505,43.0135],[142.7553,43.0163],[142.7263,43.028],[142.7144,43.0319],[142.7032,43.038],[142.6847,43.0527],[142.6664,43.0713],[142.6574,43.0778],[142.6413,43.0849],[142.6232,43.0866],[142.6179,43.0883],[142.613,43.0929],[142.6096,43.1027],[142.6056,43.1083],[142.5946,43.1174],[142.5847,43.1232],[142.5708,43.133],[142.5653,43.1354],[142.5504,43.1367],[142.5377,43.1351],[142.5269,43.1297],[142.5127,43.1199],[142.5026,43.1088],[142.4933,43.1026],[142.4764,43.0949],[142.47,43.0931],[142.4575,43.0922],[142.442,43.0955],[142.4257,43.0973],[142.4202,43.0987],[142.407,43.1042],[142.401,43.1059],[142.3945,43.1057],[142.3782,43.1023],[142.362,43.0953],[142.3583,43.0927],[142.353,43.0847],[142.3496,43.0727],[142.3426,43.0591],[142.3413,43.0506],[142.3419,43.0394],[142.3395,43.033],[142.3337,43.028],[142.326,43.0241],[142.3161,43.0208],[142.3093,43.0147],[142.3022,42.9974],[142.2984,42.9902],[142.2926,42.9854],[142.2928,42.9728],[142.2904,42.9596],[142.2913,42.9552],[142.2966,42.9504],[142.306,42.9448],[142.3121,42.9399],[142.3251,42.9235],[142.3333,42.917],[142.3415,42.9073],[142.3427,42.9005],[142.3393,42.8958],[142.3479,42.8933],[142.3577,42.8884],[142.3653,42.8898],[142.3752,42.8937],[142.3807,42.8947],[142.3872,42.8932],[142.3946,42.8887]]]}},{"type":"Feature","properties":{"id":1139},"geometry":{"type":"Polygon","coordinates":[[[142.7584,42.6707],[142.741,42.6662],[142.7236,42.664],[142.7083,42.6639],[142.7015,42.6608],[142.6941,42.6588],[142.6817,42.6466],[142.6626,42.6321],[142.6519,42.6268],[142.6449,42.6217],[142.6327,42.6155],[142.609,42.6079],[142.5914,42.6055],[142.5839,42.6028],[142.5785,42.5952],[142.5742,42.5838],[142.5755,42.5825],[142.5685,42.5655],[142.5662,42.5558],[142.569,42.547],[142.5718,42.523],[142.5664,42.5155],[142.5587,42.5115],[142.555,42.502],[142.5488,42.4954],[142.5424,42.4917],[142.5263,42.4866],[142.5106,42.4793],[142.5031,42.474],[142.4945,42.4645],[142.4731,42.4366],[142.4676,42.4252],[142.4599,42.4234],[142.4535,42.4239],[142.4365,42.4112],[142.4325,42.4058],[142.4287,42.4039],[142.4194,42.4024],[142.4121,42.3974],[142.4103,42.3908],[142.3974,42.3829],[142.378,42.3675],[142.3711,42.3641],[142.3558,42.3601],[142.3455,42.3548],[142.3337,42.3449],[142.3372,42.343],[142.3511,42.3386],[142.3596,42.335],[142.3672,42.3297],[142.3721,42.3233],[142.3787,42.3224],[142.3893,42.3171],[142.4013,42.3133],[142.4053,42.309],[142.4179,42.3091],[142.434,42.3074],[142.4476,42.3029],[142.4521,42.2992],[142.4527,42.2941],[142.4642,42.2838],[142.4736,42.2777],[142.4758,42.274],[142.4952,42.2652],[142.4982,42.2665],[142.5089,42.2672],[142.5221,42.2598],[142.5268,42.2585],[142.5347,42.2543],[142.5439,42.2506],[142.55,42.2496],[142.5523,42.2474],[142.559,42.2472],[142.5656,42.2456],[142.5761,42.2452],[142.5867,42.2417],[142.5939,42.237],[142.6093,42.2298],[142.6155,42.2247],[142.6251,42.2237],[142.633,42.2198],[142.6408,42.2127],[142.6442,42.211],[142.6492,42.2153],[142.655,42.2178],[142.6666,42.2248],[142.6753,42.2321],[142.6839,42.2356],[142.6961,42.2376],[142.705,42.2402],[142.7153,42.2464],[142.7267,42.2583],[142.7357,42.2662],[142.7453,42.2831],[142.7481,42.2903],[142.7534,42.2984],[142.7638,42.3095],[142.7682,42.3182],[142.7688,42.3332],[142.7699,42.341],[142.7732,42.348],[142.7799,42.3549],[142.7839,42.3613],[142.7905,42.3676],[142.7943,42.373],[142.7974,42.3803],[142.7924,42.3983],[142.7868,42.4226],[142.7941,42.4304],[142.7992,42.4336],[142.8304,42.4425],[142.8343,42.4392],[142.8411,42.4412],[142.8458,42.4476],[142.8543,42.4485],[142.8736,42.4534],[142.8805,42.4565],[142.8905,42.4643],[142.8952,42.4707],[142.9015,42.4814],[142.9025,42.4859],[142.9005,42.4916],[142.8829,42.4989],[142.8764,42.505],[142.8726,42.5104],[142.8716,42.5166],[142.8754,42.5282],[142.8744,42.5357],[142.8699,42.5396],[142.8582,42.5439],[142.8486,42.5459],[142.843,42.5515],[142.8408,42.5607],[142.8369,42.5696],[142.8303,42.5761],[142.8224,42.5888],[142.8135,42.6008],[142.8066,42.6119],[142.798,42.6195],[142.7917,42.623],[142.7812,42.6243],[142.7787,42.629],[142.7793,42.6417],[142.778,42.6484],[142.765,42.6623],[142.7584,42.6707]]]}},{"type":"Feature","properties":{"id":1140},"geometry":{"type":"Polygon","coordinates":[[[141.6124,43.1712],[141.6237,43.183],[141.6371,43.1929],[141.6415,43.1945],[141.6499,43.1947],[141.6547,43.2],[141.6555,43.21],[141.6579,43.2159],[141.6629,43.2223],[141.6695,43.2266],[141.6749,43.2326],[141.6763,43.2362],[141.6754,43.2425],[141.6697,43.2523],[141.6699,43.2601],[141.6661,43.2675],[141.6589,43.2733],[141.6577,43.2791],[141.6614,43.2879],[141.6599,43.2928],[141.6504,43.2933],[141.6377,43.2909],[141.6306,43.2914],[141.6233,43.2946],[141.6177,43.2888],[141.6148,43.2788],[141.6098,43.2723],[141.5972,43.2653],[141.5903,43.2574],[141.5801,43.2474],[141.5778,43.2441],[141.5755,43.2328],[141.5759,43.2159],[141.577,43.2103],[141.5811,43.1972],[141.5816,43.1811],[141.5826,43.1735],[141.5947,43.1748],[141.6026,43.1742],[141.6124,43.1712]]]}},{"type":"Feature","properties":{"id":1141},"geometry":{"type":"Polygon","coordinates":[[[142.698,43.4232],[142.6906,43.4071],[142.699,43.4039],[142.7177,43.3878],[142.7288,43.3764],[142.7415,43.3671],[142.7534,43.3615],[142.7703,43.3522],[142.7674,43.3408],[142.7585,43.3239],[142.7556,43.3139],[142.7551,43.3034],[142.7558,43.2929],[142.7609,43.2796],[142.7612,43.268],[142.7576,43.2584],[142.7553,43.2495],[142.7546,43.2389],[142.756,43.2252],[142.7622,43.2171],[142.7757,43.2076],[142.7818,43.2004],[142.7868,43.187],[142.7877,43.1801],[142.7842,43.1634],[142.7835,43.1411],[142.7818,43.1341],[142.7755,43.1274],[142.7662,43.121],[142.7643,43.117],[142.7609,43.1032],[142.7566,43.0959],[142.7488,43.088],[142.746,43.0814],[142.7484,43.0755],[142.7565,43.0681],[142.7643,43.0577],[142.7705,43.0382],[142.7712,43.0231],[142.7678,43.0183],[142.7626,43.0161],[142.7702,43.0109],[142.7771,43.0139],[142.7844,43.0135],[142.8007,43.0179],[142.8085,43.023],[142.8194,43.0283],[142.8248,43.0345],[142.8278,43.034],[142.8486,43.0339],[142.8625,43.0361],[142.8695,43.0418],[142.877,43.0554],[142.8833,43.062],[142.8932,43.0658],[142.9007,43.0701],[142.9054,43.075],[142.9085,43.0836],[142.9143,43.089],[142.9275,43.0946],[142.9338,43.1009],[142.9342,43.1136],[142.9365,43.1199],[142.9407,43.1256],[142.9452,43.1285],[142.946,43.1356],[142.9432,43.143],[142.9424,43.154],[142.9436,43.1591],[142.9489,43.1697],[142.9539,43.1743],[142.9662,43.1795],[142.9693,43.1834],[142.9706,43.1927],[142.9753,43.1989],[142.9863,43.2],[142.9883,43.207],[142.9874,43.2156],[142.9894,43.2234],[142.995,43.233],[142.9967,43.2398],[142.9966,43.2534],[142.9977,43.2719],[142.9951,43.2856],[142.9954,43.2906],[143.0008,43.299],[143.0073,43.3126],[143.0116,43.317],[143.0227,43.3252],[143.0271,43.3324],[143.0266,43.3382],[143.0219,43.3457],[143.0202,43.3511],[143.0207,43.3564],[143.0235,43.3656],[143.0238,43.376],[143.0264,43.3797],[143.0347,43.3824],[143.0397,43.3854],[143.046,43.3919],[143.0538,43.3961],[143.047,43.4128],[143.046,43.4294],[143.0491,43.4492],[143.0586,43.4684],[143.0593,43.4778],[143.0576,43.4834],[143.0508,43.4963],[143.0421,43.5102],[143.0336,43.5218],[143.0278,43.5356],[143.0146,43.5395],[143.0044,43.541],[142.9831,43.5384],[142.9739,43.5394],[142.9693,43.5418],[142.9586,43.5509],[142.9518,43.5556],[142.9341,43.5652],[142.9225,43.5703],[142.9134,43.5752],[142.8947,43.5731],[142.8801,43.5662],[142.8739,43.5602],[142.8717,43.5555],[142.8702,43.5423],[142.8672,43.5354],[142.8639,43.5325],[142.8559,43.5312],[142.8448,43.5354],[142.8368,43.5372],[142.832,43.5344],[142.8307,43.5302],[142.8305,43.5213],[142.8228,43.5097],[142.8142,43.5042],[142.804,43.5014],[142.7973,43.4975],[142.7836,43.4854],[142.7719,43.4799],[142.7587,43.4723],[142.7464,43.4603],[142.7368,43.4545],[142.7289,43.4455],[142.7234,43.4349],[142.7202,43.4312],[142.7115,43.4251],[142.698,43.4232]]]}},{"type":"Feature","properties":{"id":1142},"geometry":{"type":"Polygon","coordinates":[[[141.5482,43.7142],[141.541,43.7116],[141.5335,43.7112],[141.5195,43.7063],[141.5016,43.6967],[141.4936,43.6946],[141.5045,43.6848],[141.5112,43.6776],[141.5219,43.6682],[141.5329,43.6571],[141.545,43.6487],[141.5603,43.64],[141.5704,43.6273],[141.5825,43.6188],[141.5885,43.6133],[141.5946,43.6049],[141.6014,43.5973],[141.6066,43.589],[141.6188,43.5828],[141.6264,43.5758],[141.6296,43.5697],[141.6316,43.5603],[141.632,43.5493],[141.6343,43.542],[141.6462,43.5289],[141.6472,43.5254],[141.6535,43.5256],[141.6683,43.5168],[141.6805,43.5041],[141.6851,43.5021],[141.6922,43.5011],[141.6984,43.4985],[141.7075,43.4919],[141.7156,43.4889],[141.7227,43.4894],[141.7292,43.4835],[141.7346,43.4747],[141.7457,43.4807],[141.7541,43.4908],[141.7611,43.4958],[141.7656,43.5033],[141.7706,43.5072],[141.7798,43.5059],[141.7885,43.5004],[141.8029,43.4869],[141.8081,43.483],[141.8135,43.4814],[141.8239,43.485],[141.8348,43.4901],[141.8424,43.4903],[141.8483,43.4884],[141.8592,43.4822],[141.8667,43.4771],[141.8813,43.4705],[141.8867,43.485],[141.8933,43.4897],[141.904,43.4902],[141.9094,43.492],[141.9118,43.497],[141.9089,43.5056],[141.9085,43.5154],[141.9111,43.5251],[141.91,43.5328],[141.9027,43.5454],[141.8965,43.5615],[141.8925,43.5678],[141.8922,43.5738],[141.896,43.5806],[141.8968,43.5858],[141.8936,43.5954],[141.8931,43.6073],[141.8878,43.6173],[141.8816,43.6225],[141.8767,43.6294],[141.8661,43.6521],[141.8615,43.6593],[141.856,43.6651],[141.8475,43.6698],[141.8427,43.6698],[141.8335,43.6665],[141.8264,43.6666],[141.8199,43.6693],[141.8105,43.6707],[141.7957,43.671],[141.7901,43.6719],[141.7768,43.6776],[141.7604,43.6826],[141.7506,43.689],[141.7425,43.6992],[141.737,43.7029],[141.7319,43.7042],[141.7253,43.7032],[141.7103,43.694],[141.6975,43.6824],[141.6895,43.677],[141.6755,43.6721],[141.6557,43.6711],[141.6462,43.6678],[141.6396,43.6678],[141.6198,43.6744],[141.613,43.679],[141.6047,43.6878],[141.5973,43.6929],[141.5848,43.6974],[141.5705,43.7011],[141.5634,43.7077],[141.5482,43.7142]]]}},{"type":"Feature","properties":{"id":1143},"geometry":{"type":"Polygon","coordinates":[[[143.8019,43.2022],[143.7885,43.1936],[143.7845,43.1862],[143.7847,43.1781],[143.7834,43.1737],[143.7782,43.1652],[143.7772,43.1526],[143.7731,43.1441],[143.7713,43.1348],[143.7651,43.1203],[143.7812,43.123],[143.7895,43.1253],[143.7962,43.1289],[143.8076,43.1299],[143.8136,43.1275],[143.8175,43.1226],[143.8245,43.1068],[143.828,43.1034],[143.841,43.0991],[143.8484,43.0957],[143.8589,43.0944],[143.8814,43.0944],[143.8881,43.0933],[143.8987,43.0879],[143.9191,43.0725],[143.9307,43.0607],[143.9322,43.0556],[143.9303,43.0518],[143.9244,43.0476],[143.9238,43.0439],[143.9255,43.0341],[143.9228,43.029],[143.9159,43.0233],[143.9114,43.0148],[143.9114,43.0022],[143.9155,42.9945],[143.9218,42.9877],[143.9341,42.9761],[143.9453,42.9716],[143.9608,42.9699],[143.9845,42.9584],[143.9913,42.9539],[143.9972,42.9479],[144.0001,42.941],[144.0011,42.9328],[144.0038,42.9291],[144.0061,42.9206],[144.0372,42.9367],[144.0597,42.9456],[144.08,42.9525],[144.0884,42.9517],[144.095,42.9544],[144.1028,42.9561],[144.1203,42.9667],[144.1294,42.9708],[144.1525,42.9789],[144.1589,42.9803],[144.1681,42.9839],[144.1839,42.9883],[144.1878,42.9886],[144.2,42.9922],[144.2168,42.9955],[144.24,42.9986],[144.2256,43.0098],[144.2135,43.0161],[144.2063,43.022],[144.1976,43.027],[144.188,43.0344],[144.1799,43.0391],[144.1725,43.0472],[144.1666,43.0566],[144.1635,43.0589],[144.155,43.0609],[144.1377,43.0613],[144.1273,43.0629],[144.1212,43.0621],[144.1143,43.063],[144.1057,43.0675],[144.1024,43.0715],[144.0988,43.08],[144.0924,43.0908],[144.0891,43.1062],[144.0854,43.1139],[144.0799,43.119],[144.0518,43.1353],[144.0415,43.1442],[144.0388,43.1484],[144.0375,43.1594],[144.0357,43.1666],[144.0299,43.1726],[144.0149,43.18],[144.0067,43.1851],[144.0012,43.1908],[143.9983,43.1967],[143.9963,43.2091],[143.9928,43.2184],[143.9868,43.2288],[143.9839,43.2355],[143.9774,43.2445],[143.9712,43.2479],[143.9683,43.2513],[143.9666,43.2623],[143.9676,43.2693],[143.9728,43.2797],[143.9766,43.2851],[143.9854,43.2943],[143.9903,43.3027],[143.9955,43.3072],[144.0059,43.3127],[144.0153,43.327],[144.0227,43.336],[144.0295,43.3477],[144.0307,43.3569],[144.0254,43.367],[144.0165,43.3745],[144.0117,43.3773],[144.002,43.3735],[143.99,43.3719],[143.9845,43.3702],[143.9612,43.359],[143.9347,43.3422],[143.9169,43.3376],[143.9109,43.3344],[143.9046,43.3276],[143.9011,43.3221],[143.8944,43.3167],[143.8897,43.3112],[143.8722,43.3062],[143.868,43.3029],[143.8594,43.2931],[143.8504,43.2903],[143.841,43.2959],[143.8366,43.2969],[143.8313,43.2931],[143.8296,43.2876],[143.8293,43.2705],[143.8279,43.2656],[143.8154,43.2541],[143.8104,43.2508],[143.8071,43.2459],[143.805,43.2385],[143.8002,43.2302],[143.798,43.2224],[143.8004,43.2134],[143.8019,43.2022]]]}},{"type":"Feature","properties":{"id":1144},"geometry":{"type":"Polygon","coordinates":[[[141.2002,42.691],[141.1919,42.6821],[141.18,42.6741],[141.1774,42.6705],[141.1696,42.6559],[141.1657,42.6516],[141.1576,42.6457],[141.1557,42.6401],[141.1575,42.6312],[141.1542,42.6252],[141.1488,42.6208],[141.1364,42.6148],[141.1227,42.6129],[141.1156,42.6102],[141.1044,42.6003],[141.0976,42.5917],[141.093,42.5774],[141.096,42.5731],[141.0962,42.5686],[141.0939,42.5632],[141.0885,42.5576],[141.1027,42.5568],[141.1086,42.5555],[141.1201,42.55],[141.125,42.5463],[141.1287,42.5404],[141.1291,42.5348],[141.1321,42.53],[141.1363,42.5294],[141.1583,42.5294],[141.1642,42.5272],[141.17,42.5231],[141.1719,42.5185],[141.1685,42.508],[141.1694,42.4991],[141.1744,42.4873],[141.1843,42.4753],[141.1944,42.4512],[141.1977,42.4507],[141.2092,42.4561],[141.2219,42.4636],[141.2389,42.4745],[141.2536,42.4845],[141.2552,42.4865],[141.2805,42.5031],[141.2858,42.505],[141.3112,42.52],[141.3155,42.5237],[141.3246,42.5271],[141.3283,42.5308],[141.3317,42.5313],[141.3364,42.5356],[141.367,42.5502],[141.3734,42.5548],[141.3836,42.5584],[141.3961,42.5656],[141.4086,42.5696],[141.42,42.5754],[141.4249,42.5765],[141.432,42.5802],[141.4115,42.5942],[141.4047,42.6053],[141.3999,42.6089],[141.3894,42.6117],[141.3794,42.6179],[141.3704,42.6264],[141.3595,42.6335],[141.3533,42.6408],[141.3527,42.6438],[141.3528,42.6632],[141.3537,42.6745],[141.356,42.6862],[141.3492,42.688],[141.3304,42.688],[141.3236,42.6891],[141.3148,42.6934],[141.3059,42.6998],[141.2992,42.707],[141.2913,42.711],[141.2829,42.7125],[141.2743,42.7156],[141.2696,42.7156],[141.2599,42.7093],[141.2515,42.7058],[141.2305,42.7051],[141.2237,42.704],[141.2083,42.6968],[141.2002,42.691]]]}},{"type":"Feature","properties":{"id":1145},"geometry":{"type":"Polygon","coordinates":[[[140.4099,41.5202],[140.4142,41.522],[140.419,41.5268],[140.4203,41.5313],[140.4295,41.5375],[140.437,41.5476],[140.4382,41.5541],[140.4367,41.5589],[140.4314,41.5637],[140.4285,41.5836],[140.429,41.6102],[140.4305,41.6212],[140.4332,41.6535],[140.4342,41.6584],[140.4174,41.6534],[140.4097,41.6549],[140.395,41.6668],[140.3843,41.6693],[140.3695,41.6694],[140.3624,41.6678],[140.3559,41.6637],[140.3499,41.6614],[140.3371,41.6587],[140.3308,41.6585],[140.3181,41.661],[140.2972,41.6611],[140.2865,41.6623],[140.2794,41.6642],[140.26,41.6539],[140.2498,41.6415],[140.2389,41.6356],[140.232,41.634],[140.2125,41.6336],[140.2165,41.6213],[140.2153,41.6081],[140.2225,41.5994],[140.2273,41.5954],[140.2361,41.5912],[140.2439,41.585],[140.2576,41.5816],[140.2686,41.5778],[140.2753,41.5781],[140.2935,41.5896],[140.2997,41.591],[140.3032,41.5899],[140.3129,41.5789],[140.3155,41.5745],[140.3232,41.5535],[140.3237,41.5483],[140.3223,41.5371],[140.3253,41.5327],[140.3304,41.5315],[140.3465,41.5321],[140.3598,41.5343],[140.3661,41.537],[140.3799,41.5474],[140.3875,41.5491],[140.3957,41.5439],[140.4,41.5357],[140.4057,41.528],[140.4099,41.5202]]]}},{"type":"Feature","properties":{"id":1146},"geometry":{"type":"Polygon","coordinates":[[[141.7922,44.6379],[141.7899,44.614],[141.7892,44.6014],[141.786,44.5823],[141.7809,44.5689],[141.7725,44.5629],[141.7683,44.5581],[141.7652,44.5378],[141.7641,44.5216],[141.7643,44.5037],[141.7625,44.4929],[141.7622,44.4822],[141.7591,44.4624],[141.7502,44.4392],[141.7479,44.4348],[141.7719,44.4251],[141.7855,44.4171],[141.7908,44.4116],[141.7983,44.3996],[141.8029,44.3944],[141.8101,44.3919],[141.8228,44.3916],[141.8418,44.3874],[141.8582,44.387],[141.869,44.3873],[141.881,44.3911],[141.8908,44.3991],[141.8942,44.4055],[141.8959,44.4124],[141.8941,44.4198],[141.8965,44.4243],[141.9115,44.4283],[141.9317,44.4376],[141.953,44.4498],[141.9413,44.4559],[141.9247,44.467],[141.9213,44.4736],[141.9234,44.48],[141.9202,44.4874],[141.913,44.4937],[141.9111,44.4987],[141.9141,44.5031],[141.9348,44.5119],[141.9395,44.5156],[141.9411,44.522],[141.9389,44.5346],[141.9409,44.5402],[141.9466,44.5476],[141.9471,44.552],[141.9448,44.5591],[141.9428,44.5706],[141.9358,44.5878],[141.9303,44.5934],[141.9252,44.5946],[141.884,44.5945],[141.8722,44.5969],[141.8623,44.6035],[141.8485,44.6057],[141.841,44.6091],[141.8364,44.6146],[141.8321,44.6223],[141.8253,44.6275],[141.8115,44.6313],[141.8009,44.6357],[141.7922,44.6379]]]}},{"type":"Feature","properties":{"id":1147},"geometry":{"type":"Polygon","coordinates":[[[140.9781,42.5056],[140.9858,42.5102],[141.0028,42.5173],[141.0096,42.5179],[141.0332,42.5181],[141.0416,42.521],[141.0485,42.5262],[141.0545,42.5289],[141.0627,42.5303],[141.0714,42.5354],[141.076,42.5411],[141.0765,42.5466],[141.0792,42.5516],[141.0885,42.5576],[141.0939,42.5632],[141.0962,42.5686],[141.096,42.5731],[141.093,42.5774],[141.088,42.583],[141.0807,42.593],[141.0747,42.5959],[141.0659,42.5941],[141.0587,42.5968],[141.0441,42.5978],[141.0387,42.5993],[141.0355,42.6033],[141.034,42.6113],[141.0307,42.6171],[141.0213,42.6238],[141.0017,42.6334],[140.9828,42.6434],[140.9715,42.6475],[140.9621,42.6437],[140.9527,42.6448],[140.941,42.6502],[140.9358,42.6507],[140.9277,42.6483],[140.92,42.6375],[140.9153,42.6333],[140.8834,42.6166],[140.866,42.6114],[140.857,42.6064],[140.8523,42.6013],[140.8494,42.595],[140.8471,42.582],[140.8425,42.5709],[140.8396,42.5497],[140.8462,42.5471],[140.8582,42.5443],[140.8677,42.5409],[140.8769,42.5398],[140.8943,42.5397],[140.9036,42.5402],[140.9163,42.5442],[140.9242,42.5457],[140.9386,42.546],[140.9479,42.5452],[140.9544,42.5428],[140.9677,42.5358],[140.9743,42.5294],[140.9764,42.5254],[140.9783,42.5149],[140.9781,42.5056]]]}},{"type":"Feature","properties":{"id":1148},"geometry":{"type":"Polygon","coordinates":[[[141.9914,43.5619],[141.976,43.5629],[141.9644,43.5624],[141.9499,43.5577],[141.9287,43.5519],[141.9199,43.5446],[141.9162,43.5388],[141.91,43.5328],[141.9111,43.5251],[141.9085,43.5154],[141.9089,43.5056],[141.9118,43.497],[141.9094,43.492],[141.904,43.4902],[141.8933,43.4897],[141.8867,43.485],[141.8813,43.4705],[141.8829,43.4629],[141.8999,43.4613],[141.919,43.4572],[141.9326,43.4558],[141.9462,43.4516],[141.9572,43.4515],[141.9783,43.4548],[141.9785,43.4677],[141.976,43.4738],[141.9639,43.4805],[141.9613,43.4863],[141.965,43.4907],[141.9746,43.493],[141.9812,43.4961],[141.9977,43.5061],[142.0075,43.5137],[142.0163,43.5226],[142.0065,43.5256],[141.9986,43.529],[141.9938,43.5325],[141.9895,43.5402],[141.9894,43.5524],[141.9914,43.5619]]]}},{"type":"Feature","properties":{"id":1149},"geometry":{"type":"Polygon","coordinates":[[[140.3669,42.7665],[140.3767,42.7724],[140.3827,42.778],[140.3903,42.7882],[140.392,42.7954],[140.3864,42.8281],[140.3817,42.8437],[140.3806,42.8562],[140.3769,42.8678],[140.3719,42.8882],[140.3642,42.8793],[140.359,42.8773],[140.3587,42.8726],[140.3485,42.8593],[140.3375,42.8516],[140.3331,42.8469],[140.326,42.8447],[140.3225,42.839],[140.3179,42.8377],[140.3101,42.8317],[140.3049,42.8249],[140.3055,42.8206],[140.3036,42.8139],[140.3049,42.8065],[140.3096,42.7955],[140.3073,42.7889],[140.308,42.7834],[140.3051,42.7777],[140.3018,42.7757],[140.2874,42.7705],[140.2697,42.7672],[140.2523,42.7668],[140.2468,42.7685],[140.2403,42.7757],[140.2401,42.78],[140.2369,42.7856],[140.2388,42.7922],[140.2287,42.7989],[140.228,42.8032],[140.2209,42.8058],[140.2135,42.8063],[140.2053,42.8092],[140.1956,42.8176],[140.1906,42.825],[140.1863,42.8244],[140.1827,42.8177],[140.1778,42.815],[140.2005,42.8012],[140.2121,42.7901],[140.2262,42.7678],[140.2301,42.7556],[140.2317,42.748],[140.2446,42.7373],[140.2537,42.7329],[140.2624,42.7309],[140.2681,42.7321],[140.2743,42.7355],[140.2824,42.7365],[140.2934,42.7353],[140.3022,42.7375],[140.3044,42.7415],[140.3027,42.7588],[140.3082,42.7698],[140.3174,42.7707],[140.3349,42.7686],[140.3575,42.7688],[140.3669,42.7665]]]}},{"type":"Feature","properties":{"id":1150},"geometry":{"type":"Polygon","coordinates":[[[143.0072,42.3746],[143.0202,42.3796],[143.0257,42.3827],[143.0347,42.3918],[143.0416,42.3945],[143.0431,42.4095],[143.0464,42.4131],[143.0594,42.4174],[143.0702,42.4234],[143.0749,42.4236],[143.0868,42.4211],[143.0994,42.4217],[143.116,42.42],[143.1261,42.4169],[143.1328,42.4162],[143.1445,42.4199],[143.1564,42.4216],[143.1698,42.4258],[143.1871,42.4265],[143.1973,42.43],[143.204,42.4359],[143.2145,42.4389],[143.2248,42.4382],[143.2369,42.4395],[143.2458,42.4429],[143.2565,42.4439],[143.2974,42.444],[143.3067,42.4436],[143.3152,42.442],[143.3305,42.4376],[143.3395,42.4333],[143.3478,42.4306],[143.353,42.4305],[143.3605,42.4328],[143.3651,42.4328],[143.3754,42.4247],[143.3844,42.4189],[143.3888,42.4147],[143.3919,42.4175],[143.3956,42.4253],[143.4011,42.4331],[143.4094,42.4425],[143.4319,42.4723],[143.4352,42.4784],[143.4414,42.4856],[143.453,42.4975],[143.47,42.5172],[143.4742,42.5206],[143.4653,42.5294],[143.4589,42.5292],[143.4617,42.5336],[143.4695,42.5297],[143.4736,42.5261],[143.4783,42.5253],[143.4911,42.5381],[143.4911,42.5406],[143.4972,42.545],[143.5033,42.5511],[143.5211,42.5711],[143.5244,42.5733],[143.5222,42.5795],[143.5242,42.5833],[143.5184,42.5928],[143.5257,42.5895],[143.5183,42.5977],[143.5113,42.6023],[143.5031,42.6102],[143.4943,42.6157],[143.4852,42.6281],[143.4792,42.632],[143.4724,42.633],[143.4661,42.6354],[143.4584,42.6424],[143.453,42.6497],[143.4476,42.6594],[143.4431,42.6643],[143.4292,42.6705],[143.4209,42.672],[143.417,42.6713],[143.4067,42.6655],[143.3997,42.6597],[143.393,42.6514],[143.3815,42.6494],[143.3767,42.6516],[143.3717,42.6508],[143.3744,42.6451],[143.3752,42.6381],[143.3777,42.6295],[143.3755,42.6191],[143.3756,42.6141],[143.3805,42.6072],[143.3783,42.601],[143.3837,42.5905],[143.3908,42.5884],[143.3981,42.5914],[143.4066,42.5906],[143.4123,42.5864],[143.4166,42.5793],[143.4178,42.5655],[143.4221,42.558],[143.44,42.5412],[143.4488,42.5362],[143.4531,42.5292],[143.4514,42.5246],[143.4409,42.5202],[143.4269,42.5177],[143.4125,42.5134],[143.4049,42.5141],[143.3889,42.5196],[143.3746,42.5289],[143.3654,42.5298],[143.3075,42.5295],[143.2921,42.5313],[143.2834,42.5353],[143.2759,42.5376],[143.2682,42.5415],[143.2578,42.5445],[143.2506,42.5436],[143.2471,42.5449],[143.2404,42.5555],[143.2367,42.5683],[143.2123,42.5691],[143.2024,42.5704],[143.194,42.5737],[143.1868,42.5747],[143.1331,42.5745],[143.1181,42.5756],[143.1096,42.5784],[143.1041,42.5784],[143.0904,42.5747],[143.0758,42.5743],[143.0682,42.577],[143.0594,42.5863],[143.0453,42.5869],[143.0335,42.5899],[143.0284,42.5877],[143.0216,42.5822],[143.0122,42.5768],[143.0054,42.5756],[142.9977,42.5788],[142.9866,42.5786],[142.979,42.5755],[142.9714,42.5743],[142.9618,42.5741],[142.9554,42.5727],[142.9525,42.5704],[142.9453,42.5602],[142.94,42.5583],[142.929,42.5613],[142.9099,42.5627],[142.9003,42.5647],[142.8818,42.5723],[142.8757,42.5736],[142.8528,42.5734],[142.8369,42.5696],[142.8408,42.5607],[142.843,42.5515],[142.8486,42.5459],[142.8582,42.5439],[142.8699,42.5396],[142.8744,42.5357],[142.8754,42.5282],[142.8716,42.5166],[142.8726,42.5104],[142.8764,42.505],[142.8829,42.4989],[142.9005,42.4916],[142.9025,42.4859],[142.9015,42.4814],[142.8952,42.4707],[142.8905,42.4643],[142.8983,42.4554],[142.9093,42.4469],[142.9139,42.441],[142.9187,42.4302],[142.924,42.4277],[142.9301,42.4304],[142.9356,42.4309],[142.9508,42.4255],[142.9569,42.4209],[142.9657,42.4069],[142.9752,42.3979],[142.992,42.3799],[143.002,42.375],[143.0072,42.3746]]]}},{"type":"Feature","properties":{"id":1151},"geometry":{"type":"Polygon","coordinates":[[[142.4397,43.9453],[142.4336,43.9519],[142.4247,43.9557],[142.4171,43.9562],[142.3898,43.9563],[142.3761,43.9585],[142.366,43.9583],[142.3578,43.9566],[142.3391,43.9558],[142.3293,43.9536],[142.3227,43.9484],[142.3123,43.9434],[142.3078,43.9391],[142.2958,43.9141],[142.2943,43.9059],[142.2943,43.8982],[142.2957,43.8899],[142.3008,43.8784],[142.3041,43.8661],[142.3045,43.8575],[142.3067,43.8494],[142.3116,43.8371],[142.3124,43.8277],[142.3117,43.8044],[142.3133,43.794],[142.3199,43.7902],[142.3256,43.7921],[142.3312,43.7967],[142.35,43.8097],[142.3584,43.816],[142.3748,43.8271],[142.3916,43.8357],[142.3997,43.8415],[142.4009,43.847],[142.3978,43.8543],[142.3976,43.8603],[142.3996,43.8645],[142.4081,43.8763],[142.411,43.8815],[142.4115,43.8865],[142.4092,43.8968],[142.4101,43.9018],[142.4152,43.9118],[142.4297,43.9278],[142.4397,43.9453]]]}},{"type":"Feature","properties":{"id":1152},"geometry":{"type":"Polygon","coordinates":[[[142.0892,43.6295],[142.0769,43.6344],[142.0521,43.6374],[142.0416,43.6401],[142.0285,43.6417],[142.0238,43.6444],[142.0166,43.6515],[141.9916,43.6629],[141.9817,43.6703],[141.9665,43.6707],[141.9596,43.6731],[141.9539,43.6732],[141.9436,43.6682],[141.9381,43.6616],[141.9312,43.6551],[141.9253,43.6518],[141.9227,43.6468],[141.9268,43.6388],[141.9258,43.6314],[141.9206,43.6295],[141.906,43.6296],[141.897,43.6255],[141.8878,43.6173],[141.8931,43.6073],[141.8936,43.5954],[141.8968,43.5858],[141.896,43.5806],[141.8922,43.5738],[141.8925,43.5678],[141.8965,43.5615],[141.9027,43.5454],[141.91,43.5328],[141.9162,43.5388],[141.9199,43.5446],[141.9287,43.5519],[141.9499,43.5577],[141.9644,43.5624],[141.976,43.5629],[141.9914,43.5619],[141.9964,43.573],[142.0002,43.5787],[142.0098,43.5881],[142.0135,43.5972],[142.0174,43.6043],[142.024,43.609],[142.0507,43.6207],[142.0641,43.6225],[142.076,43.6218],[142.0806,43.6237],[142.0892,43.6295]]]}},{"type":"Feature","properties":{"id":1153},"geometry":{"type":"Polygon","coordinates":[[[143.144,43.9999],[143.144,44.007],[143.1468,44.0145],[143.1464,44.0282],[143.1472,44.0392],[143.1442,44.052],[143.1441,44.0584],[143.1524,44.0734],[143.16,44.0898],[143.1628,44.1],[143.1627,44.1047],[143.1599,44.1128],[143.1555,44.1189],[143.1531,44.1302],[143.156,44.1395],[143.1651,44.1465],[143.178,44.161],[143.1809,44.1654],[143.1865,44.1775],[143.1925,44.1856],[143.2019,44.1919],[143.2069,44.1968],[143.2103,44.2046],[143.2108,44.2132],[143.2098,44.2183],[143.2066,44.2236],[143.1983,44.2295],[143.1897,44.2308],[143.1749,44.2308],[143.1705,44.2323],[143.1595,44.2425],[143.149,44.2487],[143.1365,44.2601],[143.1256,44.2674],[143.1162,44.2751],[143.1058,44.2858],[143.0977,44.2889],[143.0817,44.289],[143.0627,44.282],[143.0507,44.2749],[143.0386,44.2715],[143.0323,44.2672],[143.0223,44.2627],[143.0166,44.2589],[143.0078,44.2416],[143.0006,44.2324],[142.9955,44.229],[142.9817,44.2243],[142.971,44.2183],[142.9657,44.2171],[142.9549,44.2171],[142.9466,44.2181],[142.9346,44.2183],[142.9248,44.2237],[142.9176,44.2255],[142.9029,44.2231],[142.8938,44.2255],[142.8914,44.2143],[142.8912,44.2082],[142.8965,44.1905],[142.9006,44.1792],[142.9021,44.1705],[142.9011,44.1659],[142.8965,44.1599],[142.8863,44.1569],[142.8718,44.159],[142.8545,44.159],[142.859,44.1451],[142.8621,44.1316],[142.8644,44.1275],[142.874,44.117],[142.8781,44.1087],[142.8805,44.0958],[142.8853,44.0834],[142.8875,44.0707],[142.8962,44.057],[142.8983,44.0475],[142.8959,44.0376],[142.8957,44.0295],[142.8983,44.0232],[142.9016,44.0202],[142.915,44.0128],[142.92,44.0038],[142.9215,43.9901],[142.916,43.9776],[142.9133,43.9674],[142.908,43.9516],[142.9119,43.9375],[142.9167,43.9266],[142.9205,43.9242],[142.9267,43.9241],[142.9367,43.9277],[142.9535,43.9294],[142.9718,43.9331],[142.9871,43.9393],[142.9981,43.9421],[143.0107,43.9412],[143.0171,43.938],[143.0257,43.931],[143.0359,43.9248],[143.0427,43.9237],[143.0507,43.9265],[143.0579,43.9254],[143.0624,43.9225],[143.0657,43.9177],[143.0733,43.9223],[143.0949,43.9372],[143.1037,43.9451],[143.1124,43.9554],[143.1157,43.9634],[143.1153,43.9697],[143.1105,43.9828],[143.1107,43.9897],[143.1132,43.9935],[143.12,43.9976],[143.1287,44.0007],[143.1377,43.9986],[143.144,43.9999]]]}},{"type":"Feature","properties":{"id":1154},"geometry":{"type":"Polygon","coordinates":[[[144.2166,43.5985],[144.2192,43.5883],[144.2232,43.5819],[144.2284,43.5692],[144.2342,43.562],[144.2359,43.5562],[144.2357,43.5496],[144.2338,43.5409],[144.2288,43.531],[144.2246,43.5272],[144.2354,43.5169],[144.2381,43.5127],[144.2347,43.5026],[144.2311,43.4827],[144.2327,43.4738],[144.2332,43.4622],[144.2361,43.4559],[144.2438,43.4532],[144.263,43.4412],[144.276,43.4434],[144.2861,43.4425],[144.3018,43.4385],[144.3201,43.4297],[144.3276,43.427],[144.3465,43.426],[144.3564,43.4222],[144.3608,43.4186],[144.3677,43.4102],[144.3731,43.4019],[144.3772,43.3984],[144.3821,43.3968],[144.3971,43.3946],[144.4037,43.3968],[144.4075,43.4013],[144.4124,43.4105],[144.4159,43.4148],[144.4225,43.4194],[144.4401,43.4247],[144.4489,43.4238],[144.4646,43.4189],[144.4741,43.4149],[144.4854,43.4132],[144.5027,43.4071],[144.5095,43.4033],[144.5201,43.3944],[144.5296,43.3919],[144.5339,43.3937],[144.5357,43.3978],[144.5365,43.4085],[144.5411,43.4133],[144.5474,43.4167],[144.5551,43.4229],[144.559,43.4298],[144.5605,43.4359],[144.5611,43.4451],[144.5646,43.4548],[144.5692,43.4603],[144.576,43.4629],[144.5767,43.4667],[144.5718,43.4734],[144.5763,43.492],[144.5787,43.4966],[144.5832,43.4993],[144.5849,43.5058],[144.5805,43.515],[144.5762,43.5215],[144.5618,43.5359],[144.5531,43.548],[144.5513,43.5538],[144.5527,43.5571],[144.5595,43.5629],[144.5646,43.5713],[144.5722,43.5788],[144.5794,43.5766],[144.5692,43.5933],[144.5646,43.6021],[144.5631,43.608],[144.555,43.6118],[144.5345,43.6142],[144.5247,43.6204],[144.5207,43.6276],[144.5158,43.6453],[144.5133,43.6507],[144.5068,43.6562],[144.4915,43.6626],[144.487,43.6663],[144.4848,43.6747],[144.472,43.6828],[144.4634,43.6896],[144.4449,43.6968],[144.4325,43.6979],[144.4108,43.6975],[144.4043,43.696],[144.3992,43.6927],[144.3915,43.6917],[144.3801,43.6938],[144.3495,43.7035],[144.3359,43.7096],[144.3279,43.7085],[144.3141,43.7049],[144.3071,43.7049],[144.3,43.6931],[144.2923,43.6876],[144.2806,43.6841],[144.2777,43.6793],[144.2751,43.6702],[144.2712,43.6649],[144.2634,43.6591],[144.2567,43.6563],[144.2492,43.6507],[144.2443,43.6453],[144.2335,43.6375],[144.2312,43.6326],[144.2297,43.6241],[144.2238,43.6109],[144.2166,43.5985]]]}},{"type":"Feature","properties":{"id":1155},"geometry":{"type":"Polygon","coordinates":[[[142.0131,44.7661],[142.0192,44.7813],[142.0214,44.7942],[142.0269,44.8093],[142.0274,44.8252],[142.0287,44.836],[142.0261,44.8455],[142.0202,44.8533],[142.0179,44.8595],[142.0193,44.868],[142.0242,44.8749],[142.0139,44.8914],[142.0084,44.8978],[142.0055,44.9041],[142.002,44.9069],[141.9948,44.9069],[141.9894,44.9035],[141.9791,44.8939],[141.9718,44.8926],[141.9659,44.8952],[141.9611,44.8997],[141.9535,44.9003],[141.9381,44.8944],[141.9322,44.8958],[141.9289,44.8989],[141.9264,44.9119],[141.9193,44.9154],[141.907,44.9166],[141.8914,44.9211],[141.888,44.9231],[141.8857,44.9278],[141.8855,44.9495],[141.8841,44.9572],[141.8773,44.9705],[141.8698,44.9798],[141.8655,44.9818],[141.8578,44.9824],[141.8369,44.9823],[141.7993,44.9826],[141.7925,44.9824],[141.7832,44.9796],[141.7626,44.9687],[141.7516,44.9612],[141.7366,44.954],[141.7289,44.9488],[141.7153,44.935],[141.7187,44.9268],[141.7261,44.9126],[141.7319,44.9108],[141.7381,44.8972],[141.7455,44.8617],[141.7485,44.8572],[141.7488,44.8524],[141.7583,44.8257],[141.7614,44.8141],[141.7642,44.8077],[141.7684,44.7903],[141.7802,44.8004],[141.7847,44.803],[141.7944,44.802],[141.8029,44.8032],[141.8099,44.806],[141.8195,44.8076],[141.8313,44.8079],[141.8422,44.8096],[141.8541,44.8142],[141.8607,44.8214],[141.8641,44.8311],[141.8675,44.8336],[141.8741,44.831],[141.8759,44.8236],[141.8815,44.8149],[141.8897,44.8078],[141.8956,44.7995],[141.8995,44.7885],[141.9081,44.7711],[141.9096,44.7611],[141.9119,44.7585],[141.9193,44.7572],[141.9404,44.7573],[141.9506,44.7591],[141.9621,44.7664],[141.9814,44.7687],[141.991,44.7717],[141.9971,44.7715],[142.0131,44.7661]]]}},{"type":"Feature","properties":{"id":1156},"geometry":{"type":"Polygon","coordinates":[[[141.5826,43.1735],[141.5816,43.1811],[141.5811,43.1972],[141.577,43.2103],[141.5759,43.2159],[141.5755,43.2328],[141.5778,43.2441],[141.5801,43.2474],[141.5903,43.2574],[141.5972,43.2653],[141.6098,43.2723],[141.6148,43.2788],[141.6177,43.2888],[141.6233,43.2946],[141.619,43.2993],[141.618,43.3054],[141.6127,43.3194],[141.6106,43.3281],[141.6067,43.3391],[141.6008,43.3482],[141.5964,43.3513],[141.5915,43.3522],[141.5892,43.3559],[141.592,43.3627],[141.5987,43.3664],[141.6026,43.3718],[141.6044,43.3804],[141.6104,43.3929],[141.616,43.3988],[141.6253,43.4033],[141.6432,43.4105],[141.6558,43.4224],[141.6649,43.4367],[141.6693,43.4409],[141.6866,43.4463],[141.7028,43.4576],[141.709,43.4629],[141.7143,43.4649],[141.7237,43.4636],[141.7299,43.4641],[141.7346,43.4747],[141.7292,43.4835],[141.7227,43.4894],[141.7156,43.4889],[141.7075,43.4919],[141.6984,43.4985],[141.6922,43.5011],[141.6851,43.5021],[141.6805,43.5041],[141.6683,43.5168],[141.6535,43.5256],[141.6472,43.5254],[141.6462,43.5289],[141.6343,43.542],[141.632,43.5493],[141.6316,43.5603],[141.6296,43.5697],[141.6264,43.5758],[141.6188,43.5828],[141.6066,43.589],[141.5993,43.5835],[141.5932,43.5762],[141.5844,43.5685],[141.5738,43.5619],[141.5657,43.561],[141.5523,43.5679],[141.5446,43.5698],[141.5271,43.5707],[141.513,43.5694],[141.5087,43.5663],[141.5089,43.5604],[141.5151,43.5529],[141.525,43.5375],[141.5274,43.5313],[141.5287,43.5211],[141.5339,43.5124],[141.5399,43.5086],[141.5504,43.5042],[141.559,43.4946],[141.5612,43.4877],[141.5624,43.4682],[141.5653,43.4586],[141.566,43.4521],[141.5616,43.4342],[141.5619,43.4226],[141.56,43.4145],[141.5468,43.387],[141.5406,43.3667],[141.54,43.3605],[141.5401,43.3388],[141.5379,43.3228],[141.5334,43.3137],[141.5302,43.3103],[141.5158,43.3043],[141.5089,43.2982],[141.5041,43.2922],[141.4969,43.2804],[141.479,43.262],[141.4569,43.2495],[141.447,43.2418],[141.4289,43.2322],[141.4241,43.2263],[141.4243,43.2183],[141.4264,43.2131],[141.4264,43.2065],[141.4215,43.2],[141.4167,43.1913],[141.4012,43.1729],[141.4136,43.1713],[141.4317,43.1712],[141.4411,43.17],[141.4509,43.1663],[141.4628,43.1663],[141.4778,43.1674],[141.5059,43.1681],[141.5118,43.1691],[141.5246,43.1733],[141.5826,43.1735]]]}},{"type":"Feature","properties":{"id":1157},"geometry":{"type":"Polygon","coordinates":[[[142.5572,43.8955],[142.5449,43.8912],[142.5356,43.8838],[142.5272,43.871],[142.5152,43.8602],[142.4815,43.8379],[142.4923,43.8276],[142.5084,43.8158],[142.5213,43.8051],[142.5325,43.7978],[142.5416,43.7897],[142.5516,43.7852],[142.5608,43.7822],[142.5751,43.781],[142.5798,43.7795],[142.5845,43.7757],[142.5913,43.7659],[142.5985,43.7618],[142.6106,43.7604],[142.6182,43.7618],[142.6269,43.7607],[142.6422,43.7569],[142.6642,43.756],[142.6774,43.7532],[142.6909,43.7464],[142.7002,43.7441],[142.7082,43.7442],[142.7242,43.7463],[142.737,43.7471],[142.7258,43.7656],[142.7204,43.7763],[142.7187,43.7818],[142.7166,43.7987],[142.7132,43.8078],[142.7069,43.8196],[142.7053,43.8251],[142.6964,43.8376],[142.6816,43.8551],[142.6748,43.8665],[142.6698,43.877],[142.6618,43.8827],[142.6508,43.8794],[142.6433,43.8796],[142.6348,43.8831],[142.6208,43.8849],[142.6021,43.885],[142.594,43.8857],[142.5722,43.8897],[142.5572,43.8955]]]}},{"type":"Feature","properties":{"id":1158},"geometry":{"type":"Polygon","coordinates":[[[141.8372,42.7114],[141.8281,42.7054],[141.8161,42.6993],[141.8058,42.6981],[141.8018,42.7],[141.7927,42.7076],[141.7821,42.7147],[141.7753,42.7206],[141.7642,42.7269],[141.7601,42.7305],[141.7546,42.7392],[141.7515,42.7515],[141.7556,42.7649],[141.7591,42.7721],[141.7603,42.779],[141.7594,42.7925],[141.7466,42.7856],[141.7266,42.778],[141.7196,42.7741],[141.7106,42.7717],[141.7016,42.7714],[141.6884,42.7729],[141.6799,42.7767],[141.6727,42.7778],[141.6346,42.7781],[141.6258,42.7771],[141.6092,42.7689],[141.5941,42.7584],[141.5839,42.7485],[141.5749,42.7473],[141.5622,42.753],[141.5546,42.7556],[141.549,42.7555],[141.5394,42.7527],[141.5336,42.7527],[141.5226,42.756],[141.5135,42.7553],[141.506,42.7528],[141.4971,42.7532],[141.4904,42.7559],[141.4772,42.7588],[141.4586,42.7656],[141.4527,42.7663],[141.4316,42.7667],[141.4232,42.7634],[141.4217,42.7568],[141.4215,42.7372],[141.4192,42.7282],[141.4117,42.7178],[141.4069,42.709],[141.4002,42.6989],[141.3956,42.6961],[141.3868,42.6961],[141.3774,42.6898],[141.3658,42.6867],[141.356,42.6862],[141.3537,42.6745],[141.3528,42.6632],[141.3527,42.6438],[141.3533,42.6408],[141.3595,42.6335],[141.3704,42.6264],[141.3794,42.6179],[141.3894,42.6117],[141.3999,42.6089],[141.4047,42.6053],[141.4115,42.5942],[141.432,42.5802],[141.4489,42.5881],[141.4628,42.592],[141.5022,42.6053],[141.5114,42.6073],[141.5239,42.6117],[141.5292,42.6119],[141.5375,42.6142],[141.5633,42.6192],[141.5699,42.6211],[141.5906,42.6247],[141.5964,42.6242],[141.5994,42.6258],[141.6106,42.6267],[141.6155,42.6225],[141.6219,42.6267],[141.6257,42.6341],[141.6216,42.6426],[141.6241,42.6441],[141.6297,42.6362],[141.6353,42.6369],[141.653,42.642],[141.6657,42.6476],[141.6863,42.6543],[141.6964,42.6566],[141.6975,42.6528],[141.6924,42.6505],[141.6857,42.6505],[141.6743,42.647],[141.6735,42.6452],[141.6641,42.6434],[141.6457,42.6378],[141.6438,42.6356],[141.6381,42.6347],[141.6335,42.6305],[141.6333,42.6278],[141.6592,42.6306],[141.6705,42.6303],[141.6736,42.6275],[141.6806,42.6289],[141.7008,42.6273],[141.7147,42.6278],[141.7289,42.6247],[141.7342,42.6253],[141.7383,42.623],[141.7432,42.6233],[141.7632,42.6199],[141.776,42.6159],[141.7792,42.6167],[141.7859,42.6141],[141.7817,42.6085],[141.7823,42.6063],[141.8016,42.6013],[141.8093,42.61],[141.81,42.6149],[141.8214,42.6259],[141.8252,42.633],[141.826,42.6394],[141.8261,42.656],[141.8277,42.6666],[141.8334,42.6736],[141.8359,42.6842],[141.8372,42.7114]]]}},{"type":"Feature","properties":{"id":1159},"geometry":{"type":"Polygon","coordinates":[[[141.6816,44.3432],[141.6787,44.3317],[141.6727,44.3243],[141.6613,44.3156],[141.6481,44.3148],[141.6483,44.3024],[141.6498,44.2974],[141.6485,44.2936],[141.6509,44.2797],[141.654,44.2779],[141.653,44.2741],[141.6551,44.2629],[141.658,44.2419],[141.6552,44.2275],[141.6549,44.2201],[141.6575,44.2049],[141.6798,44.2132],[141.6922,44.2133],[141.697,44.2114],[141.7042,44.2062],[141.7178,44.2011],[141.7318,44.1919],[141.7344,44.1892],[141.7363,44.1746],[141.7382,44.1703],[141.7613,44.1567],[141.7686,44.1514],[141.7748,44.1447],[141.7827,44.1321],[141.7861,44.1212],[141.7855,44.1148],[141.7886,44.1046],[141.7932,44.1018],[141.8026,44.0986],[141.814,44.0929],[141.8234,44.0922],[141.8331,44.0977],[141.8419,44.1075],[141.8518,44.1117],[141.8698,44.1115],[141.8935,44.1039],[141.9002,44.1026],[141.9079,44.1047],[141.928,44.1179],[141.9369,44.1204],[141.9502,44.1148],[141.9562,44.1142],[141.96,44.117],[141.9619,44.1245],[141.9606,44.1329],[141.9615,44.1385],[141.9666,44.1422],[141.9776,44.1411],[141.9879,44.1421],[141.999,44.1454],[142.01,44.1454],[142.0226,44.1422],[142.0273,44.1426],[142.0379,44.1466],[142.0503,44.1469],[142.0586,44.1509],[142.0703,44.1637],[142.0762,44.1669],[142.0814,44.1666],[142.0905,44.1626],[142.0948,44.1683],[142.0987,44.1762],[142.0969,44.1824],[142.0916,44.186],[142.0807,44.1911],[142.0678,44.1998],[142.0629,44.207],[142.0627,44.2238],[142.0668,44.2261],[142.0501,44.2271],[142.0451,44.2235],[142.0385,44.2154],[142.03,44.2102],[142.0218,44.2072],[142.0094,44.2065],[141.9974,44.21],[141.9899,44.2153],[141.9813,44.2193],[141.9635,44.2257],[141.9426,44.2417],[141.9376,44.2444],[141.9199,44.2487],[141.9042,44.2539],[141.8837,44.2624],[141.8727,44.2643],[141.8615,44.268],[141.8539,44.2692],[141.8368,44.2687],[141.8248,44.27],[141.8168,44.2733],[141.8002,44.2767],[141.7884,44.2807],[141.7835,44.2834],[141.7734,44.2912],[141.7639,44.2959],[141.7531,44.2994],[141.7414,44.3074],[141.7365,44.3132],[141.7321,44.3223],[141.7236,44.3287],[141.7163,44.3314],[141.7024,44.3385],[141.6816,44.3432]]]}},{"type":"Feature","properties":{"id":1160},"geometry":{"type":"Polygon","coordinates":[[[140.547,43.1627],[140.5328,43.1485],[140.5158,43.141],[140.5116,43.1406],[140.4929,43.1417],[140.4822,43.1444],[140.4758,43.1423],[140.467,43.1305],[140.4621,43.1259],[140.4513,43.1211],[140.4445,43.1195],[140.4472,43.114],[140.4504,43.1133],[140.4503,43.1075],[140.4592,43.1047],[140.4607,43.0981],[140.4635,43.0938],[140.4647,43.084],[140.468,43.0822],[140.4762,43.0814],[140.486,43.0752],[140.4884,43.0708],[140.4944,43.0645],[140.495,43.0593],[140.4974,43.0579],[140.5063,43.0426],[140.5082,43.0369],[140.5112,43.0333],[140.5183,43.0308],[140.5253,43.0315],[140.5286,43.0282],[140.5383,43.0349],[140.5418,43.0399],[140.5443,43.0467],[140.549,43.0542],[140.5525,43.0704],[140.5566,43.0754],[140.5698,43.0836],[140.5836,43.0954],[140.5885,43.0973],[140.5961,43.0927],[140.6012,43.0931],[140.5974,43.1015],[140.5871,43.11],[140.5821,43.1127],[140.568,43.1141],[140.5625,43.1163],[140.5579,43.1211],[140.5572,43.1246],[140.5621,43.1343],[140.561,43.1399],[140.5565,43.146],[140.547,43.1627]]]}},{"type":"Feature","properties":{"id":1161},"geometry":{"type":"Polygon","coordinates":[[[140.8396,42.5497],[140.8425,42.5709],[140.8471,42.582],[140.8494,42.595],[140.8523,42.6013],[140.857,42.6064],[140.866,42.6114],[140.8834,42.6166],[140.9153,42.6333],[140.92,42.6375],[140.9277,42.6483],[140.9358,42.6507],[140.941,42.6502],[140.9527,42.6448],[140.9621,42.6437],[140.9715,42.6475],[140.9741,42.6548],[140.9785,42.6628],[140.9774,42.6739],[140.9717,42.6777],[140.9521,42.6883],[140.9399,42.6929],[140.9341,42.6937],[140.9159,42.6939],[140.9085,42.6945],[140.8942,42.6992],[140.8791,42.7024],[140.8728,42.7046],[140.8679,42.7044],[140.8535,42.6947],[140.8337,42.6855],[140.8234,42.6835],[140.8137,42.6797],[140.8004,42.673],[140.7952,42.6696],[140.7878,42.6671],[140.7791,42.6674],[140.7658,42.6666],[140.7619,42.6592],[140.7538,42.6495],[140.75,42.6437],[140.7478,42.6366],[140.7489,42.6323],[140.7574,42.6159],[140.7652,42.6085],[140.7678,42.6034],[140.7654,42.5977],[140.7542,42.5895],[140.7481,42.5858],[140.742,42.5806],[140.7277,42.57],[140.7325,42.5679],[140.7358,42.564],[140.7445,42.5573],[140.7506,42.5558],[140.759,42.551],[140.7646,42.5465],[140.7768,42.5325],[140.7766,42.5285],[140.7709,42.5224],[140.7724,42.5202],[140.7818,42.5189],[140.7843,42.5233],[140.7989,42.5354],[140.8179,42.5446],[140.8396,42.5497]]]}},{"type":"Feature","properties":{"id":1162},"geometry":{"type":"Polygon","coordinates":[[[143.4486,42.8784],[143.4297,42.8772],[143.4178,42.8733],[143.4098,42.8729],[143.401,42.8708],[143.3964,42.8646],[143.3971,42.8595],[143.4021,42.849],[143.4025,42.8298],[143.4012,42.8225],[143.3958,42.8128],[143.3834,42.8023],[143.3656,42.7819],[143.3582,42.7625],[143.3559,42.7424],[143.3461,42.7209],[143.3421,42.7131],[143.3404,42.7075],[143.3396,42.6975],[143.34,42.6835],[143.3455,42.6625],[143.3479,42.6579],[143.3514,42.6562],[143.3717,42.6508],[143.3767,42.6516],[143.3815,42.6494],[143.393,42.6514],[143.3997,42.6597],[143.4067,42.6655],[143.417,42.6713],[143.4209,42.672],[143.4292,42.6705],[143.4431,42.6643],[143.4476,42.6594],[143.453,42.6497],[143.4584,42.6424],[143.4661,42.6354],[143.4724,42.633],[143.4792,42.632],[143.4852,42.6281],[143.4943,42.6157],[143.5031,42.6102],[143.5113,42.6023],[143.5183,42.5977],[143.5257,42.5895],[143.5305,42.59],[143.535,42.5939],[143.5372,42.5983],[143.5325,42.6011],[143.5253,42.6086],[143.5267,42.6122],[143.535,42.6135],[143.5369,42.6219],[143.5433,42.6167],[143.5434,42.609],[143.5499,42.6072],[143.5506,42.6036],[143.5449,42.5977],[143.5405,42.5967],[143.5368,42.5911],[143.535,42.5839],[143.55,42.5987],[143.5567,42.6044],[143.5661,42.6142],[143.5844,42.63],[143.5919,42.6372],[143.6067,42.6492],[143.6063,42.6521],[143.601,42.6557],[143.6056,42.6589],[143.5978,42.6644],[143.5992,42.6689],[143.6081,42.6697],[143.6128,42.6689],[143.6198,42.663],[143.6206,42.6603],[143.6325,42.6714],[143.6347,42.6711],[143.648,42.6839],[143.6593,42.6914],[143.6709,42.6966],[143.6819,42.7058],[143.6735,42.7073],[143.6624,42.707],[143.6537,42.7056],[143.6439,42.7064],[143.6377,42.7055],[143.6297,42.7021],[143.623,42.7012],[143.6155,42.7024],[143.6102,42.7072],[143.6055,42.721],[143.5996,42.732],[143.5925,42.7547],[143.5919,42.7611],[143.5946,42.7752],[143.5981,42.7871],[143.5977,42.7994],[143.5937,42.8079],[143.588,42.8147],[143.5831,42.8232],[143.5736,42.8345],[143.5707,42.8426],[143.5705,42.8509],[143.5728,42.8584],[143.5811,42.8632],[143.5844,42.868],[143.5844,42.8715],[143.5775,42.8804],[143.5673,42.886],[143.5554,42.8938],[143.5451,42.8903],[143.5328,42.8881],[143.5107,42.8796],[143.4976,42.8777],[143.4708,42.8777],[143.4559,42.8773],[143.4486,42.8784]]]}},{"type":"Feature","properties":{"id":1163},"geometry":{"type":"Polygon","coordinates":[[[142.0144,45.0879],[142.0076,45.0954],[141.9998,45.0997],[141.9937,45.1081],[141.9946,45.1159],[142.0033,45.1233],[142.0176,45.1274],[142.0247,45.1351],[142.0265,45.1412],[142.022,45.1509],[142.0184,45.1552],[142.0134,45.1668],[142.0071,45.1755],[141.9963,45.1864],[141.9852,45.1956],[141.9828,45.2009],[141.9866,45.2049],[142.0011,45.2102],[142.0058,45.2144],[142.0057,45.2173],[142.0015,45.2258],[141.9933,45.2284],[141.9887,45.2278],[141.9788,45.2225],[141.9528,45.2203],[141.9475,45.2179],[141.9347,45.2086],[141.9245,45.1999],[141.9176,45.1953],[141.9093,45.1881],[141.9073,45.1823],[141.9027,45.1782],[141.8974,45.1763],[141.8869,45.1682],[141.869,45.174],[141.8608,45.1866],[141.8554,45.1891],[141.8504,45.1876],[141.844,45.1836],[141.8387,45.1866],[141.8375,45.1932],[141.833,45.1987],[141.8251,45.2011],[141.8183,45.1982],[141.8075,45.1976],[141.8022,45.2021],[141.7971,45.2115],[141.79,45.2276],[141.7839,45.2343],[141.7779,45.2434],[141.7747,45.2561],[141.7688,45.2654],[141.7607,45.2674],[141.747,45.2625],[141.7421,45.2581],[141.7369,45.25],[141.7361,45.2411],[141.7319,45.2352],[141.7202,45.2298],[141.7154,45.2293],[141.7068,45.2333],[141.7009,45.2348],[141.6832,45.2351],[141.6758,45.2338],[141.6714,45.2314],[141.6613,45.2223],[141.6526,45.217],[141.648,45.2103],[141.6411,45.2064],[141.6297,45.2066],[141.6241,45.2054],[141.6085,45.1987],[141.6027,45.193],[141.6052,45.1818],[141.6044,45.176],[141.6052,45.1665],[141.5988,45.1657],[141.5839,45.1619],[141.5932,45.1429],[141.5962,45.1394],[141.6145,45.109],[141.6291,45.087],[141.629,45.0853],[141.6365,45.0755],[141.6557,45.0444],[141.6687,45.0221],[141.6768,45.0322],[141.6808,45.0395],[141.6881,45.0473],[141.7019,45.0545],[141.7155,45.0599],[141.7224,45.0644],[141.7318,45.0679],[141.7401,45.0731],[141.7514,45.0751],[141.7631,45.0723],[141.7696,45.069],[141.772,45.066],[141.7746,45.0588],[141.7775,45.0545],[141.7862,45.0493],[141.7953,45.0473],[141.803,45.0432],[141.8102,45.0433],[141.8165,45.0459],[141.8326,45.0477],[141.8444,45.0463],[141.85,45.0497],[141.854,45.0545],[141.8615,45.0685],[141.8661,45.0735],[141.876,45.0776],[141.891,45.0753],[141.9337,45.0751],[141.9454,45.0745],[141.9568,45.073],[141.969,45.0744],[141.9807,45.0701],[141.9873,45.0735],[141.9968,45.0811],[142.0076,45.0838],[142.0144,45.0879]]]}},{"type":"Feature","properties":{"id":1164},"geometry":{"type":"Polygon","coordinates":[[[140.5545,42.5778],[140.5644,42.5749],[140.5671,42.5701],[140.5711,42.5703],[140.5762,42.5672],[140.5822,42.5666],[140.5892,42.5687],[140.591,42.5728],[140.597,42.5753],[140.6078,42.574],[140.6151,42.5786],[140.6331,42.5838],[140.6452,42.5865],[140.6519,42.5855],[140.6608,42.5872],[140.6754,42.5865],[140.6921,42.5869],[140.7036,42.5845],[140.7091,42.5826],[140.7141,42.5752],[140.7215,42.5747],[140.7277,42.57],[140.742,42.5806],[140.7481,42.5858],[140.7542,42.5895],[140.7654,42.5977],[140.7678,42.6034],[140.7652,42.6085],[140.7574,42.6159],[140.7489,42.6323],[140.7478,42.6366],[140.75,42.6437],[140.7538,42.6495],[140.7619,42.6592],[140.7658,42.6666],[140.7649,42.6804],[140.7699,42.6961],[140.7705,42.7052],[140.7686,42.7145],[140.7511,42.7223],[140.7435,42.7239],[140.7242,42.7239],[140.7135,42.7245],[140.7014,42.7234],[140.6873,42.7197],[140.6648,42.7187],[140.649,42.7139],[140.6434,42.7142],[140.6351,42.7181],[140.628,42.7191],[140.6227,42.7183],[140.6123,42.7141],[140.6066,42.7137],[140.6012,42.7152],[140.5886,42.7232],[140.5815,42.7246],[140.5753,42.7201],[140.574,42.712],[140.5801,42.6924],[140.5828,42.6858],[140.5826,42.6771],[140.5785,42.6679],[140.5738,42.6461],[140.5651,42.6368],[140.553,42.6272],[140.5527,42.6093],[140.5496,42.6041],[140.5478,42.5933],[140.554,42.583],[140.5545,42.5778]]]}},{"type":"Feature","properties":{"id":1165},"geometry":{"type":"Polygon","coordinates":[[[144.0058,43.4671],[144.0241,43.467],[144.0328,43.4676],[144.0504,43.4725],[144.0654,43.4789],[144.0702,43.4828],[144.0737,43.4898],[144.0749,43.5026],[144.0785,43.5115],[144.0835,43.5168],[144.0912,43.519],[144.1148,43.5188],[144.1217,43.5196],[144.1259,43.5217],[144.1332,43.5303],[144.1421,43.5345],[144.1622,43.5266],[144.1681,43.5217],[144.1755,43.5178],[144.1811,43.5175],[144.1862,43.5197],[144.1918,43.5246],[144.2006,43.5265],[144.2123,43.5245],[144.2246,43.5272],[144.2288,43.531],[144.2338,43.5409],[144.2357,43.5496],[144.2359,43.5562],[144.2342,43.562],[144.2284,43.5692],[144.2232,43.5819],[144.2192,43.5883],[144.2166,43.5985],[144.2018,43.6049],[144.1913,43.6111],[144.181,43.6207],[144.1688,43.6263],[144.1542,43.6278],[144.1454,43.6303],[144.1392,43.6337],[144.1327,43.6397],[144.1243,43.6531],[144.1222,43.6593],[144.1229,43.6692],[144.1274,43.6779],[144.1286,43.6837],[144.1259,43.6892],[144.1188,43.6984],[144.099,43.7337],[144.0933,43.7396],[144.0764,43.7602],[144.0683,43.7656],[144.063,43.7669],[144.0547,43.7634],[144.0436,43.7517],[144.0259,43.7385],[144.0219,43.7364],[144.0075,43.7317],[143.9878,43.7303],[143.9726,43.7273],[143.9538,43.7291],[143.9465,43.7273],[143.9373,43.727],[143.9256,43.728],[143.9131,43.7283],[143.9101,43.7151],[143.9052,43.7082],[143.8987,43.7053],[143.8844,43.7072],[143.8638,43.7071],[143.8517,43.7046],[143.8477,43.7029],[143.8363,43.6948],[143.8298,43.6883],[143.8197,43.6816],[143.8197,43.6769],[143.8219,43.6742],[143.8306,43.6691],[143.8345,43.6633],[143.8336,43.6577],[143.8263,43.6504],[143.8001,43.6439],[143.7907,43.64],[143.7841,43.6332],[143.7801,43.6249],[143.7818,43.6258],[143.7958,43.6064],[143.7995,43.5988],[143.8033,43.5947],[143.8118,43.5932],[143.818,43.5905],[143.827,43.5821],[143.8349,43.5726],[143.8398,43.5636],[143.8468,43.5549],[143.8531,43.55],[143.8628,43.5447],[143.8716,43.5411],[143.8833,43.5343],[143.8884,43.5289],[143.8924,43.5277],[143.8976,43.53],[143.9056,43.5358],[143.9101,43.5355],[143.9256,43.5276],[143.9357,43.5234],[143.9386,43.5141],[143.9473,43.5054],[143.953,43.4904],[143.9606,43.4894],[143.9686,43.4815],[143.977,43.4762],[143.9858,43.4739],[144.0022,43.4671],[144.0058,43.4671]]]}},{"type":"Feature","properties":{"id":1166},"geometry":{"type":"Polygon","coordinates":[[[141.7785,43.3835],[141.7761,43.3905],[141.7687,43.3965],[141.7618,43.3997],[141.7527,43.4056],[141.7383,43.4334],[141.7342,43.4375],[141.7329,43.4413],[141.7389,43.4516],[141.738,43.4563],[141.7299,43.4641],[141.7237,43.4636],[141.7143,43.4649],[141.709,43.4629],[141.7028,43.4576],[141.6866,43.4463],[141.6693,43.4409],[141.6649,43.4367],[141.6558,43.4224],[141.6432,43.4105],[141.6253,43.4033],[141.616,43.3988],[141.6104,43.3929],[141.6044,43.3804],[141.6026,43.3718],[141.5987,43.3664],[141.592,43.3627],[141.5892,43.3559],[141.5915,43.3522],[141.5964,43.3513],[141.6008,43.3482],[141.6067,43.3391],[141.6106,43.3281],[141.6127,43.3194],[141.618,43.3054],[141.619,43.2993],[141.6233,43.2946],[141.6306,43.2914],[141.6377,43.2909],[141.6504,43.2933],[141.6599,43.2928],[141.6639,43.2923],[141.6701,43.2968],[141.6764,43.2968],[141.6812,43.3018],[141.677,43.312],[141.6763,43.3177],[141.6789,43.3219],[141.6843,43.3252],[141.6905,43.3312],[141.6958,43.3389],[141.7007,43.3425],[141.714,43.3508],[141.7254,43.3548],[141.7355,43.3566],[141.7492,43.3608],[141.7568,43.361],[141.7654,43.3584],[141.7689,43.3593],[141.773,43.365],[141.7785,43.3835]]]}},{"type":"Feature","properties":{"id":1167},"geometry":{"type":"Polygon","coordinates":[[[144.4035,43.0746],[144.4077,43.0923],[144.407,43.1024],[144.4084,43.1089],[144.4112,43.1124],[144.4174,43.1204],[144.4303,43.1305],[144.4399,43.1367],[144.4514,43.1517],[144.4532,43.155],[144.4523,43.1629],[144.4432,43.1719],[144.4388,43.1813],[144.4395,43.1862],[144.4459,43.1994],[144.4469,43.2091],[144.4396,43.2229],[144.4316,43.2322],[144.4262,43.2407],[144.4166,43.2505],[144.4045,43.2559],[144.3883,43.2676],[144.3785,43.2731],[144.3737,43.28],[144.3718,43.2985],[144.3672,43.3107],[144.3653,43.3247],[144.361,43.3334],[144.35,43.344],[144.343,43.3485],[144.3374,43.3542],[144.3339,43.36],[144.3283,43.3632],[144.3176,43.3649],[144.3008,43.371],[144.2973,43.3736],[144.2959,43.3781],[144.2993,43.391],[144.2988,43.3965],[144.2964,43.4026],[144.2826,43.4275],[144.279,43.4323],[144.2715,43.4349],[144.263,43.4412],[144.2438,43.4532],[144.2361,43.4559],[144.2341,43.4445],[144.2303,43.4382],[144.2155,43.4237],[144.2099,43.4141],[144.1968,43.4005],[144.1877,43.3948],[144.179,43.3867],[144.1717,43.3773],[144.1625,43.3691],[144.1596,43.3651],[144.1536,43.3516],[144.1497,43.3374],[144.1508,43.3301],[144.1474,43.3251],[144.1381,43.3224],[144.1336,43.3187],[144.1304,43.3129],[144.1345,43.3046],[144.1444,43.2991],[144.1516,43.2921],[144.1577,43.2811],[144.1628,43.2778],[144.1701,43.2709],[144.1811,43.2644],[144.187,43.2618],[144.1941,43.256],[144.1998,43.2497],[144.2108,43.2402],[144.2205,43.2283],[144.2256,43.2184],[144.2296,43.207],[144.2378,43.1905],[144.2431,43.1767],[144.2484,43.1688],[144.253,43.1643],[144.2542,43.1531],[144.2559,43.1484],[144.2667,43.1303],[144.2732,43.1178],[144.2831,43.1051],[144.2872,43.0916],[144.2952,43.0835],[144.3028,43.0808],[144.3188,43.0805],[144.3266,43.0815],[144.3349,43.0852],[144.3423,43.0863],[144.3515,43.0854],[144.3595,43.0827],[144.3713,43.0806],[144.3881,43.0796],[144.4035,43.0746]]]}},{"type":"Feature","properties":{"id":1168},"geometry":{"type":"Polygon","coordinates":[[[143.5643,43.0795],[143.5685,43.0687],[143.5749,43.0556],[143.5806,43.0462],[143.5869,43.0417],[143.5949,43.04],[143.5998,43.0345],[143.6007,43.0314],[143.598,43.0243],[143.5845,43.0047],[143.5867,42.9933],[143.5874,42.9843],[143.5789,42.9696],[143.5763,42.9605],[143.5762,42.9561],[143.5793,42.9485],[143.5838,42.9421],[143.5848,42.9375],[143.5831,42.9316],[143.5777,42.9211],[143.5722,42.9132],[143.5625,42.9029],[143.5554,42.8938],[143.5673,42.886],[143.5775,42.8804],[143.5844,42.8715],[143.5844,42.868],[143.5811,42.8632],[143.5728,42.8584],[143.5705,42.8509],[143.5707,42.8426],[143.5736,42.8345],[143.5831,42.8232],[143.588,42.8147],[143.5937,42.8079],[143.5977,42.7994],[143.5981,42.7871],[143.5946,42.7752],[143.5919,42.7611],[143.5925,42.7547],[143.5996,42.732],[143.6055,42.721],[143.6102,42.7072],[143.6155,42.7024],[143.623,42.7012],[143.6297,42.7021],[143.6377,42.7055],[143.6439,42.7064],[143.6537,42.7056],[143.6624,42.707],[143.6735,42.7073],[143.6819,42.7058],[143.6992,42.7197],[143.7133,42.7283],[143.72,42.7344],[143.7364,42.7458],[143.7594,42.7628],[143.7639,42.7631],[143.7786,42.7767],[143.7883,42.7831],[143.7911,42.7864],[143.8031,42.7917],[143.8103,42.7983],[143.8178,42.8031],[143.827,42.8117],[143.8636,42.8389],[143.8782,42.8484],[143.8692,42.8564],[143.86,42.8583],[143.8528,42.8629],[143.8479,42.8691],[143.841,42.8738],[143.8334,42.8771],[143.8239,42.8847],[143.8181,42.8882],[143.81,42.8913],[143.8028,42.8919],[143.798,42.8938],[143.7925,42.8984],[143.7919,42.9115],[143.7845,42.9222],[143.7786,42.9341],[143.7749,42.9444],[143.7716,42.9505],[143.7747,42.9641],[143.7735,42.9672],[143.7624,42.9764],[143.7574,42.984],[143.7524,42.9884],[143.7443,42.9925],[143.7355,42.9995],[143.7241,43.0007],[143.7171,43.0043],[143.7145,43.0093],[143.7138,43.0188],[143.7182,43.0305],[143.7191,43.0374],[143.7238,43.0475],[143.7294,43.0556],[143.7378,43.063],[143.7516,43.073],[143.7596,43.0831],[143.7625,43.0891],[143.7625,43.1029],[143.7614,43.1109],[143.7624,43.1175],[143.7651,43.1203],[143.7713,43.1348],[143.7731,43.1441],[143.7772,43.1526],[143.7782,43.1652],[143.7613,43.1666],[143.7487,43.1659],[143.7433,43.1644],[143.7363,43.1606],[143.7227,43.1559],[143.7095,43.1527],[143.6931,43.1452],[143.6801,43.1376],[143.6678,43.1323],[143.6566,43.1258],[143.6468,43.1215],[143.6331,43.1172],[143.6116,43.1029],[143.5916,43.0935],[143.5837,43.092],[143.5761,43.0882],[143.5643,43.0795]]]}},{"type":"Feature","properties":{"id":1169},"geometry":{"type":"Polygon","coordinates":[[[143.0072,42.3746],[143.002,42.375],[142.992,42.3799],[142.9752,42.3979],[142.9657,42.4069],[142.9569,42.4209],[142.9508,42.4255],[142.9356,42.4309],[142.9301,42.4304],[142.924,42.4277],[142.9187,42.4302],[142.9139,42.441],[142.9093,42.4469],[142.8983,42.4554],[142.8905,42.4643],[142.8805,42.4565],[142.8736,42.4534],[142.8543,42.4485],[142.8458,42.4476],[142.8411,42.4412],[142.8343,42.4392],[142.8304,42.4425],[142.7992,42.4336],[142.7941,42.4304],[142.7868,42.4226],[142.7924,42.3983],[142.7974,42.3803],[142.7943,42.373],[142.7905,42.3676],[142.7839,42.3613],[142.7799,42.3549],[142.7732,42.348],[142.7699,42.341],[142.7688,42.3332],[142.7682,42.3182],[142.7638,42.3095],[142.7534,42.2984],[142.7481,42.2903],[142.7453,42.2831],[142.7357,42.2662],[142.7267,42.2583],[142.7153,42.2464],[142.705,42.2402],[142.6961,42.2376],[142.6839,42.2356],[142.6753,42.2321],[142.6666,42.2248],[142.655,42.2178],[142.6492,42.2153],[142.6442,42.211],[142.6528,42.2066],[142.6594,42.2006],[142.6606,42.1979],[142.673,42.191],[142.6879,42.1922],[142.6956,42.1896],[142.6994,42.1848],[142.707,42.1862],[142.7228,42.184],[142.7309,42.1783],[142.7383,42.1764],[142.7526,42.1767],[142.7644,42.1727],[142.7657,42.1665],[142.7727,42.1633],[142.7731,42.1608],[142.7859,42.1572],[142.8013,42.1505],[142.8155,42.1411],[142.8272,42.1394],[142.8396,42.1407],[142.8503,42.1394],[142.8607,42.1357],[142.8627,42.1361],[142.8652,42.1425],[142.8731,42.1436],[142.8798,42.1517],[142.8837,42.1624],[142.8934,42.1765],[142.8985,42.1817],[142.9043,42.1853],[142.9185,42.1922],[142.9269,42.1982],[142.9359,42.2014],[142.9504,42.2033],[142.9553,42.2006],[142.9594,42.2011],[142.9634,42.2097],[142.9724,42.2082],[142.982,42.209],[143.0005,42.2174],[143.0289,42.2275],[143.0363,42.2291],[143.0438,42.2287],[143.0602,42.224],[143.0705,42.2257],[143.0844,42.2358],[143.1021,42.2467],[143.1124,42.2506],[143.1211,42.2566],[143.1203,42.2656],[143.1171,42.2744],[143.1105,42.2802],[143.0914,42.2855],[143.086,42.2897],[143.0793,42.3014],[143.0753,42.306],[143.0649,42.3117],[143.0612,42.3166],[143.0572,42.3244],[143.0518,42.3295],[143.0444,42.3315],[143.0378,42.3367],[143.0336,42.3435],[143.026,42.3511],[143.0195,42.3543],[143.0141,42.3607],[143.0072,42.3746]]]}},{"type":"Feature","properties":{"id":1170},"geometry":{"type":"Polygon","coordinates":[[[141.8359,43.4068],[141.8354,43.4136],[141.8385,43.4174],[141.8452,43.4212],[141.8514,43.4282],[141.8577,43.4388],[141.874,43.4458],[141.8797,43.4507],[141.8829,43.4629],[141.8813,43.4705],[141.8667,43.4771],[141.8592,43.4822],[141.8483,43.4884],[141.8424,43.4903],[141.8348,43.4901],[141.8239,43.485],[141.8135,43.4814],[141.8081,43.483],[141.8029,43.4869],[141.7885,43.5004],[141.7798,43.5059],[141.7706,43.5072],[141.7656,43.5033],[141.7611,43.4958],[141.7541,43.4908],[141.7457,43.4807],[141.7346,43.4747],[141.7299,43.4641],[141.738,43.4563],[141.7389,43.4516],[141.7329,43.4413],[141.7342,43.4375],[141.7383,43.4334],[141.7527,43.4056],[141.7618,43.3997],[141.7687,43.3965],[141.7761,43.3905],[141.7785,43.3835],[141.7918,43.3836],[141.8139,43.3889],[141.8247,43.3932],[141.8308,43.3994],[141.8359,43.4068]]]}},{"type":"Feature","properties":{"id":1171},"geometry":{"type":"Polygon","coordinates":[[[141.5634,43.7077],[141.5705,43.7011],[141.5848,43.6974],[141.5973,43.6929],[141.6047,43.6878],[141.613,43.679],[141.6198,43.6744],[141.6396,43.6678],[141.6462,43.6678],[141.6557,43.6711],[141.6755,43.6721],[141.6895,43.677],[141.6975,43.6824],[141.7103,43.694],[141.7253,43.7032],[141.7319,43.7042],[141.737,43.7029],[141.7425,43.6992],[141.7506,43.689],[141.7604,43.6826],[141.7768,43.6776],[141.7901,43.6719],[141.7957,43.671],[141.8105,43.6707],[141.8199,43.6693],[141.8264,43.6666],[141.8335,43.6665],[141.8427,43.6698],[141.8475,43.6698],[141.856,43.6651],[141.8615,43.6593],[141.8661,43.6521],[141.8767,43.6294],[141.8816,43.6225],[141.8878,43.6173],[141.897,43.6255],[141.906,43.6296],[141.9206,43.6295],[141.9258,43.6314],[141.9268,43.6388],[141.9227,43.6468],[141.9253,43.6518],[141.9312,43.6551],[141.9381,43.6616],[141.9232,43.6762],[141.9192,43.6831],[141.9222,43.6884],[141.9305,43.6947],[141.9304,43.7029],[141.9236,43.7131],[141.921,43.7187],[141.8622,43.7193],[141.8481,43.7179],[141.8365,43.7123],[141.829,43.7113],[141.8231,43.713],[141.7982,43.7245],[141.7649,43.7365],[141.757,43.7381],[141.7402,43.7391],[141.7248,43.7432],[141.7071,43.7433],[141.6935,43.7423],[141.6835,43.7393],[141.675,43.7388],[141.6651,43.7394],[141.6473,43.7429],[141.6387,43.7415],[141.6233,43.7367],[141.6145,43.7328],[141.5966,43.728],[141.5697,43.7138],[141.5634,43.7077]]]}},{"type":"Feature","properties":{"id":1172},"geometry":{"type":"Polygon","coordinates":[[[142.0163,43.5226],[142.0075,43.5137],[141.9977,43.5061],[141.9812,43.4961],[141.9918,43.4898],[142.0056,43.4844],[142.0109,43.4835],[142.0252,43.483],[142.0311,43.4815],[142.0355,43.4783],[142.046,43.463],[142.0563,43.453],[142.0757,43.444],[142.0878,43.4407],[142.087,43.4492],[142.0846,43.4574],[142.0811,43.4643],[142.0801,43.4719],[142.0826,43.4791],[142.0872,43.4843],[142.0939,43.488],[142.1027,43.4876],[142.1037,43.4944],[142.1033,43.5035],[142.1009,43.5116],[142.103,43.5204],[142.1013,43.5244],[142.0936,43.5283],[142.0786,43.5296],[142.0668,43.5337],[142.0502,43.5349],[142.0422,43.5334],[142.0246,43.5253],[142.0163,43.5226]]]}},{"type":"Feature","properties":{"id":1173},"geometry":{"type":"Polygon","coordinates":[[[142.06,45.3953],[142.0521,45.3997],[142.043,45.4073],[142.0319,45.4216],[142.0322,45.4251],[142.0361,45.4283],[142.0325,45.4319],[142.0242,45.4363],[142.0229,45.4402],[142.0235,45.4472],[142.019,45.4532],[142.0104,45.4553],[142.0039,45.4599],[141.9986,45.4594],[141.9897,45.4647],[141.9846,45.4709],[141.9779,45.475],[141.9698,45.4824],[141.9674,45.4891],[141.9675,45.4964],[141.9613,45.5106],[141.9554,45.5156],[141.9447,45.5178],[141.9425,45.5214],[141.9354,45.5226],[141.9285,45.5182],[141.916,45.5184],[141.9089,45.5156],[141.9018,45.515],[141.8986,45.5115],[141.8918,45.511],[141.8922,45.5038],[141.8849,45.4973],[141.8787,45.4957],[141.8774,45.4869],[141.8788,45.4816],[141.8747,45.4788],[141.8726,45.4701],[141.8744,45.4638],[141.8782,45.4607],[141.873,45.4513],[141.867,45.4464],[141.8644,45.4406],[141.8476,45.4277],[141.8353,45.4207],[141.8237,45.4159],[141.805,45.4093],[141.7958,45.4069],[141.7834,45.4049],[141.7664,45.4044],[141.7554,45.4074],[141.7546,45.4098],[141.7455,45.4129],[141.7448,45.4054],[141.7419,45.4021],[141.7323,45.3987],[141.7183,45.3964],[141.7064,45.3969],[141.7059,45.4017],[141.6974,45.4034],[141.6866,45.4026],[141.6824,45.4064],[141.6841,45.4106],[141.6781,45.4102],[141.68,45.4211],[141.6741,45.4224],[141.6693,45.4315],[141.6611,45.4392],[141.6586,45.4397],[141.6473,45.4491],[141.6423,45.4491],[141.6432,45.4439],[141.6389,45.4383],[141.6344,45.4252],[141.6347,45.4177],[141.6333,45.4148],[141.6342,45.4029],[141.6371,45.3941],[141.6367,45.3914],[141.6427,45.3854],[141.6474,45.3781],[141.6524,45.375],[141.6572,45.3692],[141.6576,45.3627],[141.6551,45.353],[141.651,45.3445],[141.6411,45.3316],[141.6271,45.318],[141.6153,45.3105],[141.6184,45.3073],[141.6198,45.298],[141.6181,45.2891],[141.6115,45.2763],[141.6072,45.2704],[141.5995,45.2641],[141.5949,45.2589],[141.5876,45.2531],[141.5825,45.2472],[141.5721,45.2379],[141.5725,45.2304],[141.5714,45.2182],[141.5677,45.2081],[141.5687,45.1986],[141.5707,45.1922],[141.5807,45.1707],[141.5839,45.1619],[141.5988,45.1657],[141.6052,45.1665],[141.6044,45.176],[141.6052,45.1818],[141.6027,45.193],[141.6085,45.1987],[141.6241,45.2054],[141.6297,45.2066],[141.6411,45.2064],[141.648,45.2103],[141.6526,45.217],[141.6613,45.2223],[141.6714,45.2314],[141.6758,45.2338],[141.6832,45.2351],[141.7009,45.2348],[141.7068,45.2333],[141.7154,45.2293],[141.7202,45.2298],[141.7319,45.2352],[141.7361,45.2411],[141.7369,45.25],[141.7421,45.2581],[141.747,45.2625],[141.7607,45.2674],[141.7688,45.2654],[141.7747,45.2561],[141.7779,45.2434],[141.7839,45.2343],[141.79,45.2276],[141.7971,45.2115],[141.8022,45.2021],[141.8075,45.1976],[141.8183,45.1982],[141.8251,45.2011],[141.833,45.1987],[141.8375,45.1932],[141.8387,45.1866],[141.844,45.1836],[141.8504,45.1876],[141.8554,45.1891],[141.8608,45.1866],[141.869,45.174],[141.8869,45.1682],[141.8974,45.1763],[141.9027,45.1782],[141.9073,45.1823],[141.9093,45.1881],[141.9176,45.1953],[141.9245,45.1999],[141.9347,45.2086],[141.9475,45.2179],[141.9528,45.2203],[141.9788,45.2225],[141.9887,45.2278],[141.9933,45.2284],[142.0015,45.2258],[142.0074,45.2326],[142.0082,45.2416],[142.0007,45.2504],[141.9977,45.2586],[141.9998,45.2671],[141.9981,45.274],[141.9946,45.2779],[141.9841,45.2848],[141.9727,45.2857],[141.963,45.2887],[141.9639,45.2933],[141.9682,45.2946],[141.9783,45.306],[141.9793,45.3097],[141.9776,45.3141],[141.9648,45.3263],[141.9639,45.3307],[141.97,45.339],[141.9794,45.3458],[141.994,45.3528],[142.0082,45.3529],[142.0295,45.3582],[142.0367,45.3656],[142.0457,45.3705],[142.0498,45.3742],[142.0572,45.3868],[142.06,45.3953]]]}},{"type":"Feature","properties":{"id":1174},"geometry":{"type":"Polygon","coordinates":[[[142.3078,43.9391],[142.3123,43.9434],[142.3227,43.9484],[142.3293,43.9536],[142.3391,43.9558],[142.3578,43.9566],[142.366,43.9583],[142.3761,43.9585],[142.3898,43.9563],[142.4171,43.9562],[142.4247,43.9557],[142.4336,43.9519],[142.4397,43.9453],[142.456,43.9472],[142.4588,43.9605],[142.4616,43.9644],[142.4698,43.9672],[142.4839,43.9659],[142.4927,43.9622],[142.4993,43.9615],[142.5053,43.9642],[142.5112,43.9718],[142.5024,43.9857],[142.4989,43.9928],[142.498,43.9985],[142.4977,44.0125],[142.4983,44.0287],[142.4996,44.0363],[142.5036,44.0458],[142.5049,44.0545],[142.5023,44.0618],[142.4941,44.0716],[142.4865,44.0878],[142.4802,44.0992],[142.4742,44.1053],[142.4689,44.1074],[142.4568,44.1083],[142.4566,44.1035],[142.4535,44.097],[142.4405,44.0816],[142.4343,44.073],[142.4287,44.0686],[142.4238,44.0672],[142.4056,44.0646],[142.3903,44.0633],[142.3703,44.0506],[142.3562,44.0458],[142.3451,44.0404],[142.3364,44.0383],[142.3173,44.0383],[142.3089,44.0393],[142.2883,44.038],[142.2771,44.0347],[142.2693,44.03],[142.2559,44.0178],[142.2601,44.0104],[142.2652,43.9963],[142.2701,43.977],[142.2698,43.9721],[142.2663,43.9605],[142.2644,43.9477],[142.2743,43.9471],[142.2949,43.9414],[142.3078,43.9391]]]}},{"type":"Feature","properties":{"id":1175},"geometry":{"type":"Polygon","coordinates":[[[140.4351,42.0247],[140.4383,42.0337],[140.4401,42.0453],[140.439,42.0512],[140.4311,42.0647],[140.4289,42.0703],[140.4292,42.0849],[140.4285,42.0987],[140.4245,42.1091],[140.4182,42.1157],[140.405,42.1214],[140.4013,42.1278],[140.4056,42.1375],[140.4143,42.1481],[140.4229,42.1548],[140.4485,42.167],[140.4508,42.1711],[140.4515,42.1782],[140.4429,42.1796],[140.4355,42.189],[140.4255,42.192],[140.421,42.1971],[140.4112,42.2007],[140.4053,42.2065],[140.4,42.215],[140.3906,42.2192],[140.3844,42.2234],[140.3763,42.2242],[140.3674,42.2229],[140.3598,42.2247],[140.3503,42.2247],[140.3406,42.2265],[140.3229,42.2343],[140.31,42.2364],[140.3038,42.2405],[140.296,42.2436],[140.2921,42.2469],[140.2897,42.2517],[140.2848,42.2551],[140.2816,42.2652],[140.2802,42.2664],[140.277,42.2766],[140.2751,42.2874],[140.2753,42.2969],[140.2772,42.3208],[140.2813,42.3385],[140.2877,42.3585],[140.2935,42.3706],[140.2976,42.3831],[140.287,42.3862],[140.2781,42.3869],[140.2677,42.3859],[140.2582,42.3824],[140.2482,42.3816],[140.2426,42.3829],[140.2276,42.3903],[140.2156,42.3902],[140.2007,42.3844],[140.1893,42.3782],[140.1817,42.3756],[140.1707,42.3742],[140.1651,42.3709],[140.1562,42.3628],[140.1492,42.3589],[140.1402,42.3571],[140.1324,42.351],[140.1253,42.3484],[140.1107,42.3476],[140.1064,42.3461],[140.0959,42.3371],[140.0952,42.3313],[140.0977,42.3251],[140.0974,42.3214],[140.0903,42.3136],[140.0862,42.3047],[140.08,42.2976],[140.0752,42.2901],[140.0693,42.2849],[140.0597,42.2807],[140.0534,42.2809],[140.0471,42.2838],[140.0403,42.2851],[140.0361,42.2844],[140.0217,42.2755],[140.0257,42.2689],[140.032,42.2613],[140.0349,42.2491],[140.0397,42.2402],[140.0415,42.2309],[140.0398,42.2266],[140.0339,42.2228],[140.0231,42.223],[140.0158,42.2187],[140.0081,42.2088],[139.9983,42.2027],[139.994,42.2019],[139.9839,42.2025],[139.9698,42.2051],[139.9569,42.2014],[139.9481,42.1964],[139.9408,42.1896],[139.9381,42.1852],[139.9349,42.1657],[139.9293,42.1543],[139.9255,42.1442],[139.9209,42.1349],[139.9228,42.1331],[139.9325,42.1336],[139.9356,42.1306],[139.95,42.1289],[139.9528,42.1275],[139.9594,42.1281],[139.9642,42.1306],[139.9731,42.1286],[139.9889,42.1286],[139.9989,42.1217],[140.0055,42.1201],[140.0113,42.1209],[140.0148,42.1181],[140.0197,42.1171],[140.0267,42.1123],[140.0439,42.0972],[140.0572,42.0825],[140.0628,42.0726],[140.0781,42.0714],[140.0933,42.0712],[140.1127,42.076],[140.1249,42.076],[140.1358,42.0722],[140.1491,42.0748],[140.1541,42.0745],[140.1687,42.0707],[140.1856,42.0706],[140.1944,42.0742],[140.1977,42.0785],[140.2032,42.0892],[140.2087,42.0925],[140.216,42.0941],[140.2256,42.0933],[140.2309,42.0885],[140.232,42.0817],[140.2346,42.078],[140.2401,42.0755],[140.2465,42.0699],[140.2536,42.0617],[140.2598,42.0594],[140.2692,42.0593],[140.2767,42.0576],[140.2797,42.0552],[140.2938,42.0531],[140.3142,42.0536],[140.3208,42.0526],[140.3292,42.0489],[140.3379,42.0463],[140.3478,42.0405],[140.3555,42.04],[140.3642,42.0445],[140.3742,42.0439],[140.3789,42.0447],[140.3842,42.0426],[140.3908,42.0356],[140.4018,42.0319],[140.4107,42.0277],[140.4156,42.0273],[140.4198,42.0297],[140.425,42.0295],[140.4351,42.0247]]]}},{"type":"Feature","properties":{"id":1176},"geometry":{"type":"Polygon","coordinates":[[[140.9303,43.1282],[140.9364,43.1432],[140.9333,43.1485],[140.9291,43.1516],[140.9073,43.1632],[140.8972,43.1639],[140.887,43.1661],[140.88,43.1653],[140.8704,43.1703],[140.8615,43.1804],[140.8561,43.2014],[140.8504,43.1986],[140.814,43.1936],[140.7922,43.1947],[140.7889,43.1993],[140.7803,43.2004],[140.7745,43.2056],[140.7753,43.2119],[140.7792,43.2167],[140.7768,43.2251],[140.7564,43.2274],[140.7507,43.2299],[140.747,43.2345],[140.7361,43.2354],[140.7345,43.2423],[140.7281,43.2419],[140.7214,43.2466],[140.7132,43.2458],[140.7054,43.2375],[140.6963,43.2297],[140.6914,43.224],[140.6893,43.2165],[140.6906,43.2099],[140.6987,43.1985],[140.6989,43.1924],[140.6942,43.1872],[140.6869,43.1814],[140.6739,43.1794],[140.6646,43.1764],[140.661,43.1735],[140.6575,43.1671],[140.6573,43.1552],[140.6599,43.1465],[140.6751,43.152],[140.6847,43.1521],[140.6975,43.1426],[140.7043,43.1422],[140.711,43.1457],[140.7201,43.1477],[140.7377,43.154],[140.756,43.1632],[140.7801,43.1633],[140.7945,43.1672],[140.8004,43.1664],[140.8043,43.1637],[140.8082,43.1571],[140.8112,43.1466],[140.8154,43.142],[140.828,43.136],[140.8353,43.1288],[140.8441,43.1176],[140.8532,43.1135],[140.8596,43.1144],[140.8749,43.1224],[140.8829,43.1242],[140.893,43.1249],[140.9017,43.1274],[140.9071,43.1275],[140.9137,43.1252],[140.919,43.1253],[140.9303,43.1282]]]}},{"type":"Feature","properties":{"id":1177},"geometry":{"type":"Polygon","coordinates":[[[142.177,43.2286],[142.1748,43.2212],[142.1654,43.2056],[142.1609,43.2022],[142.1452,43.1928],[142.1333,43.1817],[142.1258,43.1765],[142.1152,43.1735],[142.105,43.1695],[142.0898,43.1683],[142.0827,43.1657],[142.0717,43.1566],[142.0619,43.1509],[142.053,43.1444],[142.047,43.1412],[142.048,43.1343],[142.0563,43.1206],[142.0571,43.1157],[142.0521,43.1089],[142.0425,43.1028],[142.039,43.1023],[142.0306,43.1044],[142.019,43.1092],[142.0065,43.1042],[141.9979,43.1045],[141.9878,43.1076],[141.9813,43.1084],[141.963,43.1086],[141.9527,43.1074],[141.9388,43.103],[141.9305,43.1021],[141.9274,43.1005],[141.9249,43.0933],[141.9283,43.0821],[141.9271,43.0734],[141.9219,43.0559],[141.9165,43.0523],[141.9146,43.048],[141.9201,43.0383],[141.9226,43.0282],[141.9211,43.0209],[141.9222,43.0149],[141.9282,43.0085],[141.9391,43.0039],[141.9576,43.0009],[141.9626,42.996],[141.964,42.9901],[141.962,42.9792],[141.9626,42.9736],[141.9724,42.9617],[141.9785,42.9562],[141.9809,42.951],[141.982,42.9346],[141.9799,42.9246],[141.9927,42.9154],[141.9998,42.9122],[142.0051,42.9083],[142.0107,42.9011],[142.0182,42.8848],[142.021,42.8772],[142.0271,42.8723],[142.0363,42.868],[142.0493,42.8643],[142.0545,42.8653],[142.0641,42.8651],[142.0693,42.8678],[142.075,42.8765],[142.0777,42.8787],[142.084,42.8778],[142.0905,42.8713],[142.1057,42.8812],[142.1084,42.8838],[142.1151,42.8955],[142.1211,42.908],[142.1248,42.9178],[142.1315,42.9239],[142.1498,42.9307],[142.155,42.9338],[142.1564,42.9367],[142.1585,42.9504],[142.1635,42.9564],[142.1678,42.9575],[142.1767,42.9571],[142.1876,42.9596],[142.1941,42.9599],[142.201,42.9586],[142.2143,42.9588],[142.2214,42.962],[142.2323,42.9706],[142.24,42.9751],[142.2517,42.9761],[142.2607,42.9725],[142.2666,42.9725],[142.2721,42.9761],[142.277,42.985],[142.2813,42.9887],[142.2875,42.9896],[142.2926,42.9854],[142.2984,42.9902],[142.3022,42.9974],[142.3093,43.0147],[142.3161,43.0208],[142.326,43.0241],[142.3337,43.028],[142.3395,43.033],[142.3419,43.0394],[142.3413,43.0506],[142.3426,43.0591],[142.3216,43.0586],[142.3121,43.059],[142.3025,43.062],[142.2948,43.0658],[142.2883,43.0713],[142.2826,43.0777],[142.2758,43.0898],[142.2652,43.1039],[142.2628,43.109],[142.2622,43.1158],[142.265,43.1237],[142.2722,43.1329],[142.2751,43.1391],[142.2739,43.152],[142.2742,43.1602],[142.2785,43.1704],[142.2876,43.1867],[142.2973,43.1994],[142.2997,43.2046],[142.3,43.2094],[142.2982,43.2262],[142.2966,43.2339],[142.2685,43.224],[142.2591,43.2163],[142.2519,43.2134],[142.2457,43.213],[142.212,43.2133],[142.2042,43.214],[142.1905,43.2195],[142.177,43.2286]]]}},{"type":"Feature","properties":{"id":1178},"geometry":{"type":"Polygon","coordinates":[[[143.6034,43.989],[143.6129,43.9935],[143.6192,43.9935],[143.6264,43.9914],[143.647,43.99],[143.6519,43.9903],[143.6585,43.9932],[143.6634,44.0004],[143.672,44.0102],[143.6808,44.0154],[143.6926,44.018],[143.7003,44.0164],[143.7089,44.0123],[143.7141,44.0109],[143.7234,44.0135],[143.7268,44.0184],[143.7289,44.0272],[143.7322,44.0339],[143.7428,44.0613],[143.7475,44.0778],[143.7488,44.0886],[143.7488,44.1145],[143.7499,44.12],[143.7367,44.1201],[143.7361,44.1057],[143.7317,44.1045],[143.7278,44.1087],[143.7217,44.1187],[143.7208,44.1218],[143.7234,44.1267],[143.7231,44.1309],[143.7201,44.1353],[143.7155,44.1366],[143.7098,44.141],[143.7089,44.1483],[143.7058,44.1511],[143.7068,44.158],[143.6973,44.1649],[143.6858,44.1698],[143.6818,44.1752],[143.6756,44.1809],[143.6701,44.1796],[143.6683,44.1851],[143.6701,44.1916],[143.6791,44.1993],[143.6836,44.1994],[143.6889,44.1952],[143.7039,44.1942],[143.7129,44.1955],[143.7193,44.1943],[143.729,44.1864],[143.739,44.1874],[143.7425,44.1853],[143.7479,44.1875],[143.7621,44.1862],[143.7762,44.1807],[143.7753,44.1836],[143.7678,44.185],[143.751,44.1908],[143.7423,44.1927],[143.711,44.2026],[143.6996,44.2055],[143.6778,44.2127],[143.6396,44.2246],[143.6311,44.2279],[143.6252,44.2314],[143.617,44.2297],[143.6152,44.2337],[143.6089,44.236],[143.5613,44.2512],[143.5613,44.2465],[143.5573,44.2385],[143.5525,44.2349],[143.5453,44.235],[143.5411,44.2383],[143.5419,44.2406],[143.5385,44.237],[143.5235,44.227],[143.5139,44.2174],[143.5095,44.2119],[143.5048,44.2082],[143.4937,44.1962],[143.4864,44.1907],[143.4726,44.1856],[143.4688,44.1833],[143.4563,44.167],[143.4586,44.1623],[143.4673,44.1603],[143.4789,44.1596],[143.4892,44.16],[143.4951,44.1616],[143.5021,44.1676],[143.5247,44.1769],[143.5295,44.1803],[143.5424,44.1936],[143.5532,44.2017],[143.5602,44.2133],[143.5656,44.2168],[143.5733,44.2117],[143.581,44.208],[143.5894,44.2056],[143.6046,44.1988],[143.6235,44.1961],[143.6331,44.1962],[143.6378,44.1908],[143.6376,44.1842],[143.6304,44.1737],[143.6301,44.1677],[143.6245,44.1602],[143.6125,44.1517],[143.6083,44.1475],[143.604,44.1371],[143.6031,44.1163],[143.6009,44.1074],[143.5929,44.0956],[143.5849,44.0894],[143.5842,44.0794],[143.5858,44.0695],[143.5845,44.0501],[143.5829,44.0428],[143.5776,44.0336],[143.575,44.023],[143.5751,44.0063],[143.5775,44.0003],[143.5855,43.9948],[143.6034,43.989]]]}},{"type":"Feature","properties":{"id":1179},"geometry":{"type":"Polygon","coordinates":[[[141.9668,42.8567],[141.972,42.8536],[141.9809,42.8454],[141.9887,42.842],[141.9952,42.8425],[142.0091,42.849],[142.0154,42.8506],[142.0325,42.8521],[142.0394,42.8551],[142.0461,42.8631],[142.0493,42.8643],[142.0363,42.868],[142.0271,42.8723],[142.021,42.8772],[142.0182,42.8848],[142.0107,42.9011],[142.0051,42.9083],[141.9998,42.9122],[141.9927,42.9154],[141.9799,42.9246],[141.9701,42.9256],[141.9626,42.9252],[141.9567,42.9234],[141.945,42.9174],[141.9385,42.9164],[141.9344,42.918],[141.9234,42.9257],[141.911,42.9358],[141.8964,42.9507],[141.8897,42.9557],[141.8845,42.9619],[141.8823,42.9687],[141.8775,42.9742],[141.8707,42.9781],[141.868,42.9843],[141.8703,42.9894],[141.87,42.9939],[141.8658,42.9975],[141.8573,42.9991],[141.8515,43.0021],[141.8463,43.0075],[141.8374,43.0116],[141.8306,43.0171],[141.8224,43.0216],[141.8123,43.0342],[141.8044,43.0365],[141.7968,43.0336],[141.7918,43.0333],[141.7872,43.0361],[141.7811,43.0424],[141.7732,43.0555],[141.7648,43.0439],[141.7601,43.0333],[141.7634,43.0223],[141.7641,43.0157],[141.7629,43.0091],[141.7589,43.001],[141.7536,42.994],[141.7534,42.9899],[141.7623,42.9758],[141.7663,42.9637],[141.7709,42.959],[141.7855,42.9487],[141.7964,42.9438],[141.812,42.9408],[141.8257,42.9365],[141.839,42.9368],[141.849,42.9398],[141.8597,42.941],[141.865,42.94],[141.8738,42.9341],[141.8786,42.9272],[141.8806,42.9209],[141.8853,42.9214],[141.8917,42.9198],[141.9074,42.9106],[141.9204,42.9071],[141.9312,42.9004],[141.9362,42.8934],[141.9444,42.8903],[141.9532,42.8805],[141.9566,42.8756],[141.9613,42.8641],[141.9668,42.8567]]]}}]}